S018000063745F6670755F736D6F6B655F696E73742E68657858
S1130000B701400073A0017C996173A00130B7016E
S1130010800073A00130A16173A0017CB7816300EB
S113002073A0017C73E0307F814001418141014232
S11300308142014381430144814401458145014694
S11300408146014781470148814801498149014A64
S1130050814A014B814B014C814C014D814D014E34
S1130060814E014F814FF32140F1054217E10E000B
S1130070130141F9970100009381E1097390513014
S1130080A14173A00130B70107009B81310173A026
S1130090217CB71100009B81F11F73A0117CB71163
S11300A000009B81F11F73A0117CB7E106009B81C6
S11300B0C13073A0517C9B0170009391D101938155
S11300C0910073A0317CEF00A05B13050000930046
S11300D0A0051301B0069301C0070B008001B741CE
S11300E044009B8131339391C100938121223302D7
S11300F03000130500009300C0021301B0030B008D
S11301008001B70147009B8191469391F10093814F
S113011001723DA085A0010001000100A1A8010019
S113012091A8010081A8010001000100A1A0010023
S113013091A0010081A001000100010025A855BF84
S1130140232ED1FE232CE1FE232AF1FE7327203433
S11301509377F77F6D93418B3E970E0797070000C7
S11301609387472ABA9798438326C1FF832741FF81
S113017071170287232ED1FE232CE1FE232AF1FEE0
S1130180732720349377F77F6D93418B3E970E0747
S11301909707000093870727BA9798438326C1FFE0
S11301A0832741FF7117028713000000130000002A
S11301B013000000130000001300000013000000EF
S11301C013000000130000001300000013000000DF
S11301D013000000130000001300000013000000CF
S11301E013000000130000001300000013000000BF
S11301F013000000130000001300000013000000AF
S1130200130000001300000013000000130000009E
S1130210130000001300000013000000130000008E
S1130220130000001300000013000000130000007E
S1130230130000001300000013000000130000006E
S1130240130000001300000013000000130000005E
S1130250130000001300000013000000130000004E
S1130260130000001300000013000000130000003E
S1130270130000001300000013000000130000002E
S1130280130000001300000013000000130000001E
S1130290130000001300000013000000130000000E
S11302A013000000130000001300000013000000FE
S11302B013000000130000001300000013000000EE
S11302C013000000130000001300000013000000DE
S11302D013000000130000001300000013000000CE
S11302E013000000130000001300000013000000BE
S11302F013000000130000001300000013000000AE
S1130300130000001300000013000000130000009D
S1130310130000001300000013000000130000008D
S1130320130000001300000013000000130000007D
S1130330130000001300000013000000130000006D
S1130340130000001300000013000000130000005D
S1130350130000001300000013000000130000004D
S1130360130000001300000013000000130000003D
S1130370130000001300000013000000130000002D
S1130380130000001300000013000000130000001D
S1130390130000001300000013000000130000000D
S11303A013000000130000001300000013000000FD
S11303B013000000130000001300000013000000ED
S11303C013000000130000001300000013000000DD
S11303D013000000130000001300000013000000CD
S11303E013000000130000001300000013000000BD
S11303F013000000130000001300000013000000AD
S1130400F2000000F2000000F2000000F200000020
S1130410F2000000F2000000F2000000F200000010
S1130420F2000000F2000000F2000000F200000000
S1130430F2000000F2000000F2000000F2000000F0
S1130440F2000000F2000000F2000000F2000000E0
S1130450F2000000F2000000F2000000F2000000D0
S1130460F2000000F2000000F2000000F2000000C0
S1130470F2000000F2000000F2000000F2000000B0
S1130480F2000000F2000000F2000000F2000000A0
S1130490F2000000F2000000F2000000F200000090
S11304A0F2000000F2000000F2000000F200000080
S11304B0F2000000F2000000F2000000F200000070
S11304C0F2000000F2000000F2000000F200000060
S11304D0F2000000F2000000F2000000F200000050
S11304E0F2000000F2000000F2000000F200000040
S11304F0F2000000F2000000F2000000F200000030
S1130500F2000000F2000000F2000000F20000001F
S1130510F2000000F2000000F2000000F20000000F
S1130520F2000000F2000000F2000000F2000000FF
S1130530F2000000F2000000F2000000F2000000EF
S1130540F2000000F2000000F2000000F2000000DF
S1130550F2000000F2000000F2000000F2000000CF
S1130560F2000000F2000000F2000000F2000000BF
S1130570F2000000F2000000F2000000F2000000AF
S1130580F2000000F2000000F2000000F20000009F
S1130590F2000000F2000000F2000000F20000008F
S11305A0F2000000F2000000F2000000F20000007F
S11305B0F2000000F2000000F2000000F20000006F
S11305C0F2000000F2000000F2000000F20000005F
S11305D0F2000000F2000000F2000000F20000004F
S11305E0F2000000F2000000F2000000F20000003F
S11305F0F2000000F2000000F2000000F20000002F
S113060000000000000000000000000000000000E6
S113061000000000000000000000000000000000D6
S113062000000000000000000000000000000000C6
S113063000000000000000000000000000000000B6
S113064000000000000000000000000000000000A6
S11306500000000000000000000000000000000096
S11306600000000000000000000000000000000086
S11306700000000000000000000000000000000076
S11306801B09900F131989011309F9FF73220080C4
S113069033722201014962093369490073100980E8
S11306A0374200001B02F23FB70101009B81F1FFBA
S11306B09391010133623200530202F01562B701D3
S11306C001009B81F1FF9391010133623200D30356
S11306D002F08141B70101009B81F1FF9391010177
S11306E0B3E13100538601F053767204C17137527D
S11306F000001B020208B3613200530206E2638465
S113070041006F80F05F9301F0037322008073B0A7
S11307100180B3F1410013021002638441006F8031
S1130720D05C1B09900F131989011309F9FF732277
S1130730008033722201054962093369490073104C
S113074009808141B70101009B81F1FF939101016F
S1130750B3E13100538601F053767204C17137520C
S113076000001B02F207B3613200530206E2638405
S113077041006F80F0589301F0037322008073B03E
S11307800180B3F1410013021002638441006F80C1
S1130790D0551B09900F131989011309F9FF73220E
S11307A000803372220109496209336949007310D8
S11307B009808141B70101009B81F1FF93910101FF
S11307C0B3E13100538601F053767204C17137529C
S11307D000001B02F207B3613200530206E2638495
S11307E041006F80F0519301F0037322008073B0D5
S11307F00180B3F1410013021002638441006F8051
S1130800D04E1B09900F131989011309F9FF7322A4
S11308100080337222010D49620933694900731063
S113082009808141B70101009B81F1FF939101018E
S1130830B3E13100538601F053767204C17137522B
S113084000001B020208B3613200530206E2638413
S113085041006F80F04A9301F0037322008073B06B
S11308600180B3F1410013021002638441006F80E0
S1130870D0471B09900F131989011309F9FF73223B
S113088000803372220111496209336949007310EF
S113089009808141B70101009B81F1FF939101011E
S11308A0B3E13100538601F053767204C1713752BB
S11308B000001B020208B3613200530206E26384A3
S11308C041006F80F0439301F0037322008073B002
S11308D00180B3F1410013021002638441006F8070
S11308E0D040374200001B02F23FB70101009B8158
S11308F0F1FF9391010133623200D30002F01562DB
S1130900B70101009B81F1FF939101013362320031
S1130910530102F0D3812004C171375200001B023D
S11309200208B3613200538201E2638441006F80A4
S1130930303D9301F0037322008073B00180B3F162
S1130940410013021002638441006F80103AD39176
S11309502004C171375200001B02F207B361320058
S1130960538201E2638441006F8090399301F00364
S11309707322008073B00180B3F1410013021002AE
S1130980638441006F807036D3A12004C171375253
S113099000001B02F207B3613200538201E2638458
S11309A041006F80F0359301F0037322008073B02F
S11309B00180B3F1410013021002638441006F808F
S11309C0D032D3B12004C171375200001B02020897
S11309D0B3613200538201E2638441006F8050327C
S11309E09301F0037322008073B00180B3F14100DE
S11309F013021002638441006F80302FD3C120049E
S1130A00C171375200001B020208B36132005382E5
S1130A1001E2638441006F80B02E9301F0037322DE
S1130A20008073B00180B3F14100130210026384AB
S1130A3041006F80902B1B09900F13198901130932
S1130A40F9FF73220080337222010149620933697C
S1130A50490073100980378200001B02F2BFB701FE
S1130A6001009B81F1FF9391010133623200530233
S1130A7002F0378200001B02F2BFB70101009B8124
S1130A80F1FF9391010133623200D30302F08141FB
S1130A90B70101009B81F1FF93910101B3E13100A2
S1130AA0538601F053767204C171378200001B0231
S1130AB002C0B3613200530206E2638441006F80D6
S1130AC030249301F0037322008073B00180B3F1EA
S1130AD0410013025002638441006F8010211B09FE
S1130AE0900F131989011309F9FF732200803372DF
S1130AF02201014962093369490073100980378270
S1130B0000001B0212C0B70101009B81F1FF939109
S1130B10010133623200530202F0378200001B02EB
S1130B20F2BFB70101009B81F1FF93910101336290
S1130B303200D30302F08141B70101009B81F1FF30
S1130B4093910101B3E13100538601F053767204AD
S1130B50C171378200001B0202E0B361320053020C
S1130B6006E2638441006F80B0199301F00373229D
S1130B70008073B00180B3F1410013020003638469
S1130B8041006F80901637C200001B02F23FB7018C
S1130B9001009B81F1FF9391010133623200530202
S1130BA002F01562B70101009B81F1FF93910101ED
S1130BB033623200D30302F01B09900F1319890129
S1130BC01309F9FF7322008033722201014962097B
S1130BD03369490073100980D3F1430CC171375252
S1130BE000001B020208B3613200538201E26384F5
S1130BF041006F80F0109301F0037322008073B002
S1130C000180B3F1410013021002638441006F803C
S1130C10D00D1B09900F131989011309F9FF7322D1
S1130C200080337222010549620933694900731057
S1130C300980D3F1430CC171375200001B02F20743
S1130C40B3613200538201E2638441006F80500B30
S1130C509301F0037322008073B00180B3F141006B
S1130C6013021002638441006F8030081B09900F47
S1130C70131989011309F9FF7322008033722201C9
S1130C80094962093369490073100980D3F1430C9F
S1130C90C171375200001B02F207B3613200538264
S1130CA001E2638441006F80B0059301F003732275
S1130CB0008073B00180B3F1410013021002638419
S1130CC041006F8090021B09900F131989011309C9
S1130CD0F9FF73220080337222010D4962093369DE
S1130CE0490073100980D3F1430CC17137520000DD
S1130CF01B020208B3613200538201E263844100A3
S1130D006F8010009301F0037322008073B00180A0
S1130D10B3F1410013021002638441006F80E07C50
S1130D201B09900F131989011309F9FF732200801D
S1130D303372220111496209336949007310098031
S1130D40D3F1430CC171375200001B020208B36196
S1130D503200538201E2638441006F80607A930120
S1130D60F0037322008073B00180B3F141001302D9
S1130D701002638441006F80407737C200001B0279
S1130D80F23FB70101009B81F1FF939101013362AE
S1130D903200D30002F01562B70101009B81F1FF1C
S1130DA09391010133623200530102F0D301110C1B
S1130DB0C171375200001B020208B3613200538232
S1130DC001E2638441006F80A0739301F0037322F6
S1130DD0008073B00180B3F14100130210026384F8
S1130DE041006F808070D311110CC1713752000023
S1130DF01B02F207B3613200538201E263844100B3
S1130E006F8000709301F0037322008073B001803F
S1130E10B3F1410013021002638441006F80E06C5F
S1130E20D321110CC171375200001B02F207B361C8
S1130E303200538201E2638441006F80606C93014D
S1130E40F0037322008073B00180B3F141001302F8
S1130E501002638441006F804069D331110CC17169
S1130E60375200001B020208B3613200538201E2D0
S1130E70638441006F80C0689301F0037322008093
S1130E8073B00180B3F14100130210026384410086
S1130E906F80A065D341110CC171375200001B0251
S1130EA00208B3613200538201E2638441006F801F
S1130EB020659301F0037322008073B00180B3F1C5
S1130EC0410013021002638441006F8000621B0919
S1130ED0900F131989011309F9FF732200803372EB
S1130EE022010149620933694900731009803702FC
S1130EF001001B02F2BFB70101009B81F1FF939136
S1130F00010133623200530202F0378200001B02F7
S1130F10F2BFB70101009B81F1FF9391010133629C
S1130F203200D30302F0D3F1430CC17137820000C5
S1130F301B0202C0B3613200538201E263844100A8
S1130F406F80005C9301F0037322008073B0018012
S1130F50B3F1410013025002638441006F80E058F2
S1130F601B09900F131989011309F9FF73220080DB
S1130F7033722201014962093369490073100980FF
S1130F80378200001B0212C0B70101009B81F1FFF0
S1130F909391010133623200530202F03782000060
S1130FA01B02F2BFB70101009B81F1FF9391010184
S1130FB033623200D30302F0D3F1430CC1713782A0
S1130FC000001B0202E0B3613200538201E2638439
S1130FD041006F80E0529301F0037322008073B0EC
S1130FE00180B3F1410013020003638441006F8068
S1130FF0C04F373200001B020240B70101009B8141
S1131000F1FF9391010133623200530202F03D4239
S1131010B70101009B81F1FF93910101336232001A
S1131020D30302F01B09900F131989011309F9FF67
S11310307322008033722201014962093369490035
S113104073100980D3F14314C1711142B3613200AA
S1131050538201E2638441006F80804A9301F0036C
S11310607322008073B00180B3F141001302300297
S1131070638441006F8060471B09900F1319890135
S11310801309F9FF732200803372220105496209B2
S11310903369490073100980D3F14314C1710D42BF
S11310A0B3613200538201E2638441006F804045A2
S11310B09301F0037322008073B00180B3F1410007
S11310C013023002638441006F8020421B09900F99
S11310D0131989011309F9FF732200803372220165
S11310E0094962093369490073100980D3F1431433
S11310F0C1710D42B3613200538201E26384410045
S11311006F8000409301F0037322008073B001806C
S1131110B3F1410013023002638441006F80E03C6C
S11311201B09900F131989011309F9FF7322008019
S1131130337222010D496209336949007310098031
S1131140D3F14314C1711142B3613200538201E2FD
S1131150638441006F80C03A9301F00373220080DE
S113116073B00180B3F14100130230026384410083
S11311706F80A0371B09900F131989011309F9FF18
S113118073220080337222011149620933694900D4
S113119073100980D3F14314C1711142B361320059
S11311A0538201E2638441006F8080359301F00330
S11311B07322008073B00180B3F141001302300246
S11311C0638441006F806032373200001B020240AA
S11311D0B70101009B81F1FF939101013362320059
S11311E0D30002F03D42B70101009B81F1FF9391CE
S11311F0010133623200530102F0D3011114C171B1
S11312001142B3613200538201E2638441006F8072
S1131210202F9301F0037322008073B00180B3F197
S1131220410013023002638441006F80002CD3110B
S11312301114C1710D42B3613200538201E263841F
S113124041006F80E02B9301F0037322008073B0A0
S11312500180B3F1410013023002638441006F80C6
S1131260C028D3211114C1710D42B36132005382DD
S113127001E2638441006F80A0289301F00373228C
S1131280008073B00180B3F1410013023002638423
S113129041006F808025D3311114C1711142B361B3
S11312A03200538201E2638441006F806025930120
S11312B0F0037322008073B00180B3F14100130284
S11312C03002638441006F804022D3411114C17104
S11312D01142B3613200538201E2638441006F80A2
S11312E020229301F0037322008073B00180B3F1D4
S11312F0410013023002638441006F80001F1B0908
S1131300900F131989011309F9FF732200803372B6
S11313102201014962093369490073100980378247
S113132000001B02F2BFB70101009B81F1FF939102
S1131330010133623200530202F0378200001B02C3
S1131340F2BFB70101009B81F1FF93910101336268
S11313503200D30302F0D3F14314C1713782000089
S11313601B0202C0B3613200538201E26384410074
S11313706F8000199301F0037322008073B0018021
S1131380B3F1410013025002638441006F80E01501
S11313901B09900F131989011309F9FF73220080A7
S11313A033722201014962093369490073100980CB
S11313B0378200001B0212C0B70101009B81F1FFBC
S11313C09391010133623200530202F0378200002C
S11313D01B02F2BFB70101009B81F1FF9391010150
S11313E033623200D30302F0D3F14314C171378264
S11313F000001B0202E0B3613200538201E2638405
S113140041006F80E00F9301F0037322008073B0FA
S11314100180B3F1410013020003638441006F8033
S1131420C00C374200001B0202C0B70101009B81BF
S1131430F1FF9391010133623200530202F037420B
S113144000001B02F23FB70101009B81F1FF939161
S1131450010133623200D30302F01562B7010100C7
S11314609B81F1FF9391010133623200D30102F0B9
S11314701B09900F131989011309F9FF73220080C6
S113148033722201014962093369490073100980EA
S1131490C372721CC171375200001B020208B3618F
S11314A03200538202E2638441006F80600593013D
S11314B0F0037322008073B00180B3F14100130282
S11314C01002638441006F8040021B09900F1319BE
S11314D089011309F9FF732200803372220105493F
S11314E0620933694900731009801562B70101006C
S11314F09B81F1FF9391010133623200D30102F029
S1131500C372721CC171375200001B02F207B3612F
S11315103200538202E2638441006F70707E930153
S1131520F0037322008073B00180B3F14100130211
S11315301002638441006F70507B1B09900F1319D4
S113154089011309F9FF73220080337222010949CA
S1131550620933694900731009801562B7010100FB
S11315609B81F1FF9391010133623200D30102F0B8
S1131570C372721CC171375200001B02F207B361BF
S11315803200538202E2638441006F7070779301EA
S1131590F0037322008073B00180B3F141001302A1
S11315A01002638441006F7050741B09900F13196B
S11315B089011309F9FF73220080337222010D4956
S11315C0620933694900731009801562B70101008B
S11315D09B81F1FF9391010133623200D30102F048
S11315E0C372721CC171375200001B020208B3613E
S11315F03200538202E2638441006F707070930181
S1131600F0037322008073B00180B3F14100130230
S11316101002638441006F70506D1B09900F131901
S113162089011309F9FF73220080337222011149E1
S1131630620933694900731009801562B70101001A
S11316409B81F1FF9391010133623200D30102F0D7
S1131650C372721CC171375200001B020208B361CD
S11316603200538202E2638441006F707069930117
S1131670F0037322008073B00180B3F141001302C0
S11316801002638441006F705066374200001B02F1
S113169002C0B70101009B81F1FF93910101336204
S11316A03200D30002F0374200001B02F23FB701C0
S11316B001009B81F1FF93910101336232005301D8
S11316C002F01562B70101009B81F1FF93910101C2
S11316D033623200D30102F0C382201CC17137523D
S11316E000001B020208B3613200538202E26384E9
S11316F041006F70F0609301F0037322008073B0B7
S11317000180B3F1410013021002638441006F7041
S1131710D05D1562B70101009B81F1FF9391010136
S113172033623200D30102F0C392201CC1713752DC
S113173000001B02F207B3613200538202E26384A9
S113174041006F70F05B9301F0037322008073B06B
S11317500180B3F1410013021002638441006F70F1
S1131760D0581562B70101009B81F1FF93910101EB
S113177033623200D30102F0C3A2201CC17137527C
S113178000001B02F207B3613200538202E2638459
S113179041006F70F0569301F0037322008073B020
S11317A00180B3F1410013021002638441006F70A1
S11317B0D0531562B70101009B81F1FF93910101A0
S11317C033623200D30102F0C3B2201CC17137521C
S11317D000001B020208B3613200538202E26384F8
S11317E041006F70F0519301F0037322008073B0D5
S11317F00180B3F1410013021002638441006F7051
S1131800D04E1562B70101009B81F1FF9391010154
S113181033623200D30102F0C3C2201CC1713752BB
S113182000001B020208B3613200538202E26384A7
S113183041006F70F04C9301F0037322008073B089
S11318400180B3F1410013021002638441006F7000
S1131850D0491B09900F131989011309F9FF732249
S1131860008033722201014962093369490073100F
S11318700980378200001B02F2BFB70101009B817F
S1131880F1FF9391010133623200530202F0378277
S113189000001B02F2BFB70101009B81F1FF93918D
S11318A0010133623200D30302F0378200001B02CD
S11318B0F2BFB70101009B81F1FF939101013362F3
S11318C03200D30102F0C372721CC171378200006E
S11318D01B0202C0B3613200538202E263844100FE
S11318E06F7010429301F0037322008073B0018083
S11318F0B3F1410013025002638441006F70F03E63
S11319001B09900F131989011309F9FF7322008031
S11319103372220101496209336949007310098055
S1131920378200001B0212C0B70101009B81F1FF46
S11319309391010133623200530202F037820000B6
S11319401B02F2BFB70101009B81F1FF93910101DA
S113195033623200D30302F0378200001B02F2BF6D
S1131960B70101009B81F1FF9391010133623200C1
S1131970D30102F0C372721CC171378200001B02D2
S113198002E0B3613200538202E2638441006F706B
S113199030379301F0037322008073B00180B3F1F8
S11319A0410013020003638441006F70103437C296
S11319B000001B0202C0B70101009B81F1FF93915B
S11319C0010133623200530202F0374200001B026D
S11319D0F23FB70101009B81F1FF93910101336252
S11319E03200D30302F03562B70101009B81F1FF9D
S11319F09391010133623200D30102F01B09900F6D
S1131A00131989011309F9FF73220080337222012B
S1131A10014962093369490073100980CF72721C4D
S1131A20C171375200001B020208B36132005382B5
S1131A3002E2638441006F70B02C9301F0037322BF
S1131A40008073B00180B3F141001302100263847B
S1131A5041006F7090291B09900F13198901130914
S1131A60F9FF732200803372220105496209336948
S1131A704900731009803562B70101009B81F1FFB1
S1131A809391010133623200D30102F0CF72721CD0
S1131A90C171375200001B02F207B3613200538256
S1131AA002E2638441006F70B0259301F003732256
S1131AB0008073B00180B3F141001302100263840B
S1131AC041006F7090221B09900F131989011309AB
S1131AD0F9FF7322008033722201094962093369D4
S1131AE04900731009803562B70101009B81F1FF41
S1131AF09391010133623200D30102F0CF72721C60
S1131B00C171375200001B02F207B36132005382E5
S1131B1002E2638441006F70B01E9301F0037322EC
S1131B20008073B00180B3F141001302100263849A
S1131B3041006F70901B1B09900F13198901130941
S1131B40F9FF73220080337222010D49620933695F
S1131B504900731009803562B70101009B81F1FFD0
S1131B609391010133623200D30102F0CF72721CEF
S1131B70C171375200001B020208B3613200538264
S1131B8002E2638441006F70B0179301F003732283
S1131B90008073B00180B3F141001302100263842A
S1131BA041006F7090141B09900F131989011309D8
S1131BB0F9FF7322008033722201114962093369EB
S1131BC04900731009803562B70101009B81F1FF60
S1131BD09391010133623200D30102F0CF72721C7F
S1131BE0C171375200001B020208B36132005382F4
S1131BF002E2638441006F70B0109301F00373221A
S1131C00008073B00180B3F14100130210026384B9
S1131C1041006F70900D37C200001B0202C0B70173
S1131C2001009B81F1FF9391010133623200D300E3
S1131C3002F0374200001B02F23FB70101009B8112
S1131C40F1FF9391010133623200530102F03562D6
S1131C50B70101009B81F1FF9391010133623200CE
S1131C60D30102F0CF82201CC171375200001B0245
S1131C700208B3613200538202E2638441006F7050
S1131C8030089301F0037322008073B00180B3F134
S1131C90410013021002638441006F701005356225
S1131CA0B70101009B81F1FF93910101336232007E
S1131CB0D30102F0CF92201CC171375200001B02E5
S1131CC0F207B3613200538202E2638441006F7011
S1131CD030039301F0037322008073B00180B3F1E9
S1131CE0410013021002638441006F7010003562DA
S1131CF0B70101009B81F1FF93910101336232002E
S1131D00D30102F0CFA2201CC171375200001B0284
S1131D10F207B3613200538202E2638441006F70C0
S1131D20207E9301F0037322008073B00180B3F12D
S1131D30410013021002638441006F70007B35621E
S1131D40B70101009B81F1FF9391010133623200DD
S1131D50D30102F0CFB2201CC171375200001B0224
S1131D600208B3613200538202E2638441006F705F
S1131D7020799301F0037322008073B00180B3F1E2
S1131D80410013021002638441006F7000763562D3
S1131D90B70101009B81F1FF93910101336232008D
S1131DA0D30102F0CFC2201CC171375200001B02C4
S1131DB00208B3613200538202E2638441006F700F
S1131DC020749301F0037322008073B00180B3F197
S1131DD0410013021002638441006F7000711B09FB
S1131DE0900F131989011309F9FF732200803372CC
S1131DF0220101496209336949007310098037825D
S1131E0000001B02F2BFB70101009B81F1FF939117
S1131E10010133623200530202F0370201001B0257
S1131E20F2BFB70101009B81F1FF9391010133627D
S1131E303200D30302F0370201001B02F2BFB701E4
S1131E4001009B81F1FF9391010133623200D301C0
S1131E5002F0CF72721CC171378200001B0202C0F3
S1131E60B3613200538202E2638441006F704069BF
S1131E709301F0037322008073B00180B3F1410039
S1131E8013025002638441006F7020661B09900F97
S1131E90131989011309F9FF732200803372220197
S1131EA001496209336949007310098037820000CF
S1131EB01B0212C0B70101009B81F1FF9391010144
S1131EC033623200530202F0378200001B02F2BF79
S1131ED0B70101009B81F1FF93910101336232004C
S1131EE0D30302F0378200001B02F2BFB7010100E6
S1131EF09B81F1FF9391010133623200D30102F01F
S1131F00CF72721CC171378200001B0202E0B36100
S1131F103200538202E2638441006F70605E930179
S1131F20F0037322008073B00180B3F14100130207
S1131F300003638441006F70405B374200001B0262
S1131F4002C0B70101009B81F1FF9391010133624B
S1131F503200530202F0374200001B02F23FB70185
S1131F6001009B81F1FF9391010133623200D3039D
S1131F7002F03562B70101009B81F1FF93910101E9
S1131F8033623200D30102F01B09900F1319890147
S1131F901309F9FF73220080337222010149620997
S1131FA03369490073100980C772721CC1713752BA
S1131FB000001B020208B3613200538202E2638410
S1131FC041006F70E0539301F0037322008073B0FB
S1131FD00180B3F1410013021002638441006F7069
S1131FE0C0501B09900F131989011309F9FF7322BB
S1131FF00080337222010549620933694900731074
S113200009803562B70101009B81F1FF93910101C1
S113201033623200D30102F0C772721CC1713752AD
S113202000001B02F207B3613200538202E26384B0
S113203041006F70E04C9301F0037322008073B091
S11320400180B3F1410013021002638441006F70F8
S1132050C0491B09900F131989011309F9FF732251
S113206000803372220109496209336949007310FF
S113207009803562B70101009B81F1FF9391010151
S113208033623200D30102F0C772721CC17137523D
S113209000001B02F207B3613200538202E2638440
S11320A041006F70E0459301F0037322008073B028
S11320B00180B3F1410013021002638441006F7088
S11320C0C0421B09900F131989011309F9FF7322E8
S11320D00080337222010D4962093369490073108B
S11320E009803562B70101009B81F1FF93910101E1
S11320F033623200D30102F0C772721CC1713752CD
S113210000001B020208B3613200538202E26384BE
S113211041006F70E03E9301F0037322008073B0BE
S11321200180B3F1410013021002638441006F7017
S1132130C03B1B09900F131989011309F9FF73227E
S11321400080337222011149620933694900731016
S113215009803562B70101009B81F1FF9391010170
S113216033623200D30102F0C772721CC17137525C
S113217000001B020208B3613200538202E263844E
S113218041006F70E0379301F0037322008073B055
S11321900180B3F1410013021002638441006F70A7
S11321A0C034374200001B0202C0B70101009B810A
S11321B0F1FF9391010133623200D30002F0374200
S11321C000001B02F23FB70101009B81F1FF9391D4
S11321D0010133623200530102F03562B70101009C
S11321E09B81F1FF9391010133623200D30102F02C
S11321F0C782201CC171375200001B020208B36160
S11322003200538202E2638441006F70602F9301B5
S1132210F0037322008073B00180B3F14100130214
S11322201002638441006F70402C3562B7010100D5
S11322309B81F1FF9391010133623200D30102F0DB
S1132240C792201CC171375200001B02F207B36110
S11322503200538202E2638441006F70602A93016A
S1132260F0037322008073B00180B3F141001302C4
S11322701002638441006F7040273562B70101008A
S11322809B81F1FF9391010133623200D30102F08B
S1132290C7A2201CC171375200001B02F207B361B0
S11322A03200538202E2638441006F70602593011F
S11322B0F0037322008073B00180B3F14100130274
S11322C01002638441006F7040223562B70101003F
S11322D09B81F1FF9391010133623200D30102F03B
S11322E0C7B2201CC171375200001B020208B3613F
S11322F03200538202E2638441006F7060209301D4
S1132300F0037322008073B00180B3F14100130223
S11323101002638441006F70401D3562B7010100F3
S11323209B81F1FF9391010133623200D30102F0EA
S1132330C7C2201CC171375200001B020208B361DE
S11323403200538202E2638441006F70601B930188
S1132350F0037322008073B00180B3F141001302D3
S11323601002638441006F7040181B09900F131909
S113237089011309F9FF7322008033722201014994
S113238062093369490073100980378200001B0217
S1132390F2BFB70101009B81F1FF93910101336208
S11323A03200530202F0378200001B02F2BFB70171
S11323B001009B81F1FF9391010133623200D30349
S11323C002F0370201001B02F2BFB70101009B813A
S11323D0F1FF9391010133623200D30102F0C7721D
S11323E0721CC171378200001B0202C0B36132004B
S11323F0538202E2638441006F7080109301F00302
S11324007322008073B00180B3F1410013025002C3
S1132410638441006F70600D1B09900F13198901CB
S11324201309F9FF73220080337222010149620902
S11324303369490073100980378200001B0212C0FF
S1132440B70101009B81F1FF9391010133623200D6
S1132450530202F0378200001B02F2BFB7010100F1
S11324609B81F1FF9391010133623200D30302F0A7
S1132470378200001B02F2BFB70101009B81F1FF0C
S11324809391010133623200D30102F0C772721CCE
S1132490C171378200001B0202E0B3613200538233
S11324A002E2638441006F70A0059301F00373227C
S11324B0008073B00180B3F1410013020003638410
S11324C041006F70800237C200001B0202C0B701D6
S11324D001009B81F1FF93910101336232005302A9
S11324E002F0374200001B02F23FB70101009B815A
S11324F0F1FF9391010133623200D30302F01562BC
S1132500B70101009B81F1FF939101013362320015
S1132510D30102F01B09900F131989011309F9FF64
S11325207322008033722201014962093369490030
S113253073100980CB72721CC171375200001B02E8
S11325400208B3613200538202E2638441006F6087
S1132550307B9301F0037322008073B00180B3F1E8
S1132560410013021002638441006F6010781B095C
S1132570900F131989011309F9FF73220080337234
S11325802201054962093369490073100980156203
S1132590B70101009B81F1FF939101013362320085
S11325A0D30102F0CB72721CC171375200001B02BE
S11325B0F207B3613200538202E2638441006F6028
S11325C030749301F0037322008073B00180B3F17F
S11325D0410013021002638441006F6010711B09F3
S11325E0900F131989011309F9FF732200803372C4
S11325F0220109496209336949007310098015628F
S1132600B70101009B81F1FF939101013362320014
S1132610D30102F0CB72721CC171375200001B024D
S1132620F207B3613200538202E2638441006F60B7
S1132630306D9301F0037322008073B00180B3F115
S1132640410013021002638441006F60106A1B0989
S1132650900F131989011309F9FF73220080337253
S113266022010D496209336949007310098015621A
S1132670B70101009B81F1FF9391010133623200A4
S1132680D30102F0CB72721CC171375200001B02DD
S11326900208B3613200538202E2638441006F6036
S11326A030669301F0037322008073B00180B3F1AC
S11326B0410013021002638441006F6010631B0920
S11326C0900F131989011309F9FF732200803372E3
S11326D022011149620933694900731009801562A6
S11326E0B70101009B81F1FF939101013362320034
S11326F0D30102F0CB72721CC171375200001B026D
S11327000208B3613200538202E2638441006F60C5
S1132710305F9301F0037322008073B00180B3F142
S1132720410013021002638441006F60105C37C2E1
S113273000001B0202C0B70101009B81F1FF9391CD
S1132740010133623200D30002F0374200001B0261
S1132750F23FB70101009B81F1FF939101013362C4
S11327603200530102F01562B70101009B81F1FFB1
S11327709391010133623200D30102F0CB82201C19
S1132780C171375200001B020208B3613200538248
S113279002E2638441006F60B0569301F003732238
S11327A0008073B00180B3F141001302100263840E
S11327B041006F6090531562B70101009B81F1FFE6
S11327C09391010133623200D30102F0CB92201CB9
S11327D0C171375200001B02F207B3613200538209
S11327E002E2638441006F60B0519301F0037322ED
S11327F0008073B00180B3F14100130210026384BE
S113280041006F60904E1562B70101009B81F1FF9A
S11328109391010133623200D30102F0CBA2201C58
S1132820C171375200001B02F207B36132005382B8
S113283002E2638441006F60B04C9301F0037322A1
S1132840008073B00180B3F141001302100263846D
S113285041006F6090491562B70101009B81F1FF4F
S11328609391010133623200D30102F0CBB2201CF8
S1132870C171375200001B020208B3613200538257
S113288002E2638441006F60B0479301F003732256
S1132890008073B00180B3F141001302100263841D
S11328A041006F6090441562B70101009B81F1FF04
S11328B09391010133623200D30102F0CBC2201C98
S11328C0C171375200001B020208B3613200538207
S11328D002E2638441006F60B0429301F00373220B
S11328E0008073B00180B3F14100130210026384CD
S11328F041006F60903F1B09900F13198901130960
S1132900F9FF73220080337222010149620933699D
S1132910490073100980370201001B02F2BFB7019E
S113292001009B81F1FF9391010133623200530254
S113293002F0378200001B02F2BFB70101009B8145
S1132940F1FF9391010133623200D30302F0378225
S113295000001B02F2BFB70101009B81F1FF9391BC
S1132960010133623200D30102F0CB72721CC171D7
S1132970378200001B0202C0B3613200538202E2BC
S1132980638441006F60D0379301F00373220080A9
S113299073B00180B3F1410013025002638441001B
S11329A06F60B0341B09900F131989011309F9FFE3
S11329B0732200803372220101496209336949009C
S11329C073100980378200001B0212C0B701010096
S11329D09B81F1FF9391010133623200530202F0B3
S11329E0378200001B02F2BFB70101009B81F1FF97
S11329F09391010133623200D30302F03782000065
S1132A001B02F2BFB70101009B81F1FF9391010109
S1132A1033623200D30102F0CB72721CC17137826F
S1132A2000001B0202E0B3613200538202E26384BD
S1132A3041006F60F02C9301F0037322008073B0A7
S1132A400180B3F1410013020003638441006F600D
S1132A50D0291302F07FB70101009B81F1FF93910C
S1132A60010133623200530202F0375200001B02AC
S1132A700280B70101009B81F1FF93910101336250
S1132A803200D30302F01B09900F131989011309B3
S1132A90F9FF73220080337222010149620933690C
S1132AA0490073100980D371721CC17113020010A4
S1132AB0B3613200538201E2638441006F605024A9
S1132AC09301F0037322008073B00180B3F14100DD
S1132AD013023002638441006F6030211B09900FA0
S1132AE0131989011309F9FF73220080337222013B
S1132AF0054962093369490073100980D371721C56
S1132B00C1711302F00FB3613200538201E2638496
S1132B1041006F60F01E9301F0037322008073B0D4
S1132B200180B3F1410013023002638441006F60FD
S1132B30D01B1B09900F131989011309F9FF732284
S1132B400080337222010949620933694900731014
S1132B500980D371721CC1711302F00FB36132008A
S1132B60538201E2638441006F6090199301F00382
S1132B707322008073B00180B3F14100130230026C
S1132B80638441006F6070161B09900F131989014B
S1132B901309F9FF73220080337222010D4962097F
S1132BA03369490073100980D371721CC171130217
S1132BB00010B3613200538201E2638441006F600C
S1132BC030149301F0037322008073B00180B3F1D9
S1132BD0410013023002638441006F6010111B092D
S1132BE0900F131989011309F9FF732200803372BE
S1132BF022010D4962093369490073100980D371B8
S1132C00721CC17113020010B3613200538201E2DD
S1132C10638441006F60D00E9301F003732200803F
S1132C2073B00180B3F141001302300263844100A8
S1132C306F60B00B375200001B020280B701010025
S1132C409B81F1FF9391010133623200D30002F0C2
S1132C501302F07FB70101009B81F1FF9391010101
S1132C6033623200530102F0D301111CC17113020B
S1132C700010B3613200538201E2638441006F604B
S1132C8030089301F0037322008073B00180B3F124
S1132C90410013023002638441006F601005D311B8
S1132CA0111CC1711302F00FB3613200538201E2AF
S1132CB0638441006F60D0049301F00373220080A9
S1132CC073B00180B3F14100130230026384410008
S1132CD06F60B001D321111CC1711302F00FB361F5
S1132CE03200538201E2638441006F6070019301FA
S1132CF0F0037322008073B00180B3F1410013022A
S1132D003002638441006F60407ED331111CC17175
S1132D1013020010B3613200538201E26384410064
S1132D206F60007E9301F0037322008073B0018012
S1132D30B3F1410013023002638441006F60E07A12
S1132D40D341111CC17113020010B36132005382CC
S1132D5001E2638441006F60A07A9301F00373225F
S1132D60008073B00180B3F1410013023002638428
S1132D7041006F608077378200001B0212C0B701E8
S1132D8001009B81F1FF93910101336232005302F0
S1132D9002F0374200001B020280B70101009B8150
S1132DA0F1FF9391010133623200D30302F01B0956
S1132DB0900F131989011309F9FF732200803372EC
S1132DC02201014962093369490073100980D371F2
S1132DD0721CC171378200001B0202E0B361320031
S1132DE0538201E2638441006F6080719301F003B8
S1132DF07322008073B00180B3F141001302000319
S1132E00638441006F60606E378200001B02F2BF72
S1132E10B70101009B81F1FF9391010133623200FC
S1132E20530202F0374200001B020280B701010086
S1132E309B81F1FF9391010133623200D30302F0CD
S1132E401B09900F131989011309F9FF73220080DC
S1132E503372220101496209336949007310098000
S1132E60D371721CC171378200001B0202C0B361AE
S1132E703200538201E2638441006F606068930111
S1132E80F0037322008073B00180B3F14100130298
S1132E905002638441006F604065374200001B02AA
S1132EA00280B70101009B81F1FF9391010133621C
S1132EB03200530202F00142B70101009B81F1FF8D
S1132EC09391010133623200D30302F01B09900F86
S1132ED0131989011309F9FF732200803372220147
S1132EE0014962093369490073100980D371721C66
S1132EF0C171378200001B0202C0B36132005382E9
S1132F0001E2638441006F60A05F9301F0037322C8
S1132F10008073B00180B3F1410013028002638426
S1132F2041006F60805C378200001B0212C0B70151
S1132F3001009B81F1FF939101013362320053023E
S1132F4002F01B09900F131989011309F9FF732269
S1132F500080337222010149620933694900731008
S1132F600980D371025CC171378200001B0202E048
S1132F70B3613200538201E2638441006F604058C0
S1132F809301F0037322008073B00180B3F1410018
S1132F9013020003638441006F60205537820000F0
S1132FA01B0202E0B70101009B81F1FF9391010133
S1132FB033623200530202F01B09900F1319890186
S1132FC01309F9FF73220080337222010149620957
S1132FD03369490073100980D371025CC17137826F
S1132FE000001B0202E0B3613200538201E26384F9
S1132FF041006F60E0509301F0037322008073B0CE
S11330000180B3F141000142638441006F60E04DEF
S1133010374200001B0202C0B70101009B81F1FF8F
S11330209391010133623200530202F01B09900FA5
S1133030131989011309F9FF7322008033722201E5
S1133040014962093369490073100980D371025C34
S1133050C171374200001B0202C0B36132005382C7
S113306001E2638441006F60A0499301F00373227D
S1133070008073B00180B3F14100014263844100D8
S11330806F60A046378200001B021200B7010100E6
S11330909B81F1FF9391010133623200530202F0EC
S11330A01B09900F131989011309F9FF732200807A
S11330B0337222010149620933694900731009809E
S11330C0D371025CC171378200001B0202E0B3615C
S11330D03200538201E2638441006F6060429301D5
S11330E0F0037322008073B00180B3F14100130236
S11330F00003638441006F60403F378200001B027D
S113310012C0B70101009B81F1FF93910101336269
S11331103200530202F0378200001B0212C0B701D2
S113312001009B81F1FF9391010133623200D303CB
S113313002F0D301722CC171378200001B0202E03D
S1133140B3613200538201E2638441006F60403B0B
S11331509301F0037322008073B00180B3F1410046
S113316013020003638441006F602038378200003B
S11331701B0202E0B70101009B81F1FF9391010161
S113318033623200530202F0378200001B0202C095
S1133190B70101009B81F1FF939101013362320079
S11331A0D30302F0D301722CC171378200001B02D9
S11331B002C0B3613200538201E2638441006F6054
S11331C020349301F0037322008073B00180B3F1C3
S11331D041000142638441006F60203137420000A6
S11331E01B020280B70101009B81F1FF9391010151
S11331F033623200530202F0378200001B021200D5
S1133200B70101009B81F1FF939101013362320008
S1133210D30302F0D301722CC171378200001B0268
S11332201200B3613200538201E2638441006F6093
S1133230202D9301F0037322008073B00180B3F159
S113324041000142638441006F60202A37820000FC
S11332501B0212C0B70101009B81F1FF9391010190
S113326033623200530202F0378200001B0212C0A4
S1133270B70101009B81F1FF939101013362320098
S1133280D30302F0D311722CC171378200001B02E8
S113329002E0B3613200538201E2638441006F6053
S11332A020269301F0037322008073B00180B3F1F0
S11332B0410013020003638441006F6000233782DE
S11332C000001B0202E0B70101009B81F1FF939112
S11332D0010133623200530202F0378200001B0204
S11332E002C0B70101009B81F1FF93910101336298
S11332F03200D30302F0D301722CC1713782000073
S11333001B0202C0B3613200538201E263844100B4
S11333106F60001F9301F0037322008073B001807B
S1133320B3F141000142638441006F60001C3742E5
S113333000001B020280B70101009B81F1FF939101
S1133340010133623200530202F0378200001B0293
S11333501200B70101009B81F1FF939101013362D7
S11333603200D30302F0D301722CC1713782000002
S11333701B021200B3613200538201E263844100F4
S11333806F6000189301F0037322008073B0018012
S1133390B3F141000142638441006F600015B7102E
S11333A000009B80F0FF371200001B02F2FF8961CE
S11333B0D38000F4279011008392010063844200BB
S11333C06F600014B70001009B8000BC896123B0CA
S11333D0110087900100538200E4930000BC6384D1
S11333E040006F60E011370201001B0202C0B70108
S11333F001009B81F1FF9391010133623200D300FC
S113340002F0D39000E48541638430006F60400F84
S1133410370201001B0202E0B70101009B81F1FFAA
S11334209391010133623200D30002F0D39000E49F
S113343093010020638430006F60800C37820000A9
S11334401B0212C0B70101009B81F1FF939101019E
S113345033623200530002F0374200001B02028044
S1133460B70101009B81F1FF9391010133623200A6
S1133470530302F0D32060A4638400006F608009CA
S11334809301F0077322008073B00180B3F141000F
S113349013020003638441006F60A00637820000BA
S11334A01B0202E0B70101009B81F1FF939101012E
S11334B033623200530102F0378200001B0202C063
S11334C0B70101009B81F1FF939101013362320046
S11334D0530202F0D32041A4638400006F60800390
S11334E09301F0077322008073B00180B3F14100AF
S11334F00142638441006F60C00037C200001B02B8
S11335000280B70101009B81F1FF939101013362B5
S11335103200D30302F0D3A073A485416384300046
S11335206F50507F9301F0077322008073B00180C5
S1133530B3F141000142638441006F50907C3782B3
S113354000001B0212C0B70101009B81F1FF93919F
S1133550010133623200530002F0374200001B02C3
S11335600280B70101009B81F1FF93910101336255
S11335703200530302F0D30060A4638400006F5050
S113358090799301F0077322008073B00180B3F146
S1133590410013020003638441006F509076378228
S11335A000001B0202E0B70101009B81F1FF93912F
S11335B0010133623200530102F0378200001B0222
S11335C002C0B70101009B81F1FF939101013362B5
S11335D03200530202F0D30041A4638400006F5010
S11335E090739301F0077322008073B00180B3F1EC
S11335F0410013020003638441006F50907037C28E
S113360000001B020280B70101009B81F1FF93912E
S1133610010133623200D30302F0374200001B027F
S11336200280B70101009B81F1FF93910101336294
S11336303200530302F0D38063A4854163843000D5
S11336406F50706D9301F0077322008073B0018096
S1133650B3F141000142638441006F50906A3782A4
S113366000001B0212C0B70101009B81F1FF93917E
S1133670010133623200530002F0374200001B02A2
S11336800280B70101009B81F1FF93910101336234
S11336903200530302F0D31060A4638400006F501F
S11336A0B0679301F0077322008073B00180B3F117
S11336B0410013020003638441006F509064378219
S11336C000001B0202E0B70101009B81F1FF93910E
S11336D0010133623200530102F0378200001B0201
S11336E002C0B70101009B81F1FF93910101336294
S11336F03200530202F0D31041A4638400006F50DF
S1133700B0619301F0077322008073B00180B3F1BC
S1133710410013020003638441006F50905E37C27E
S113372000001B020280B70101009B81F1FF93910D
S1133730010133623200D30302F0374200001B025E
S11337400280B70101009B81F1FF93910101336273
S11337503200530302F0D39063A4854163843000A4
S11337606F50905B9301F0077322008073B0018067
S1133770B3F141000142638441006F50905801420B
S1133780B70101009B81F1FF939101013362320083
S1133790D30002F0370201001B0202C0B70101008E
S11337A09B81F1FF9391010133623200530102F0D6
S11337B0378200001B0212C0B70101009B81F1FF98
S11337C09391010133623200D30702F0D38720249E
S11337D0C1712162B3613200538207E26384410004
S11337E06F5010529301F0037322008073B0018074
S11337F0B3F141000142638441006F50104F014214
S1133800B70101009B81F1FF939101013362320002
S1133810D30002F0378200001B0202C0B70101008E
S11338209B81F1FF9391010133623200530102F055
S1133830378200001B0212C0B70101009B81F1FF17
S11338409391010133623200D30702F0D39720240D
S1133850C1712162B3613200538207E26384410083
S11338606F50104A9301F0037322008073B00180FB
S1133870B3F141000142638441006F50104721625B
S1133880B70101009B81F1FF939101013362320082
S1133890D30002F0378200001B0202C0B70101000E
S11338A09B81F1FF9391010133623200530102F0D5
S11338B0378200001B0212C0B70101009B81F1FF97
S11338C09391010133623200D30702F0D3A720247D
S11338D0C1712162B3613200538207E26384410003
S11338E06F5010429301F0037322008073B0018083
S11338F0B3F141000142638441006F50103F1B0942
S1133900900F131989011309F9FF73220080337290
S1133910220101496209336949007310098037C2E1
S113392000001B02F2BFB70101009B81F1FF9391DC
S1133930010133623200530002F0D37700C4FD501A
S11339406384F0006F50D03B1302F007F321008032
S11339507330028033723200930110026384410099
S11339606F50303A37C200001B0202C0B701010099
S11339709B81F1FF9391010133623200530002F005
S1133980D30700C4FD506384F0006F507037D31721
S113399000C4FD506384F0006F509036D32700C4F8
S11339A0FD506384F0006F50B035D33700C4FD5030
S11339B06384F0006F50D034D34700C4FD50638457
S11339C0F0006F50F033374200001B0202E0B701F1
S11339D001009B81F1FF9391010133623200530096
S11339E002F0D37710C489406384F0006F505031E3
S11339F01302F007F3210080733002803372320027
S1133A0093011002638441006F50B02FD30710C498
S1133A1089406384F0006F50B02ED31710C48540E2
S1133A206384F0006F50D02DD32710C48540638485
S1133A30F0006F50F02CD33710C489406384F00039
S1133A406F50102CD34710C489406384F0006F502A
S1133A50302B37C200001B02F2BFB70101009B816B
S1133A60F1FF9391010133623200530002F0D377E6
S1133A7020C4FD506384F0006F5090281302F007B7
S1133A80F3210080733002803372320093011002FC
S1133A90638441006F50F02637C200001B0202C04D
S1133AA0B70101009B81F1FF939101013362320060
S1133AB0530002F0D30720C46384F0006F505024F5
S1133AC037C200001B0202C0B70101009B81F1FF55
S1133AD09391010133623200530002F0D31720C4E2
S1133AE06384F0006F50D02137C200001B0202C073
S1133AF0B70101009B81F1FF939101013362320010
S1133B00530002F0D32720C4FD506384F0006F50AB
S1133B10301F37C200001B0202C0B70101009B81A5
S1133B20F1FF9391010133623200530002F0D33765
S1133B3020C46384F0006F50B01C37C200001B0225
S1133B4002C0B70101009B81F1FF9391010133622F
S1133B503200530002F0D34720C4FD506384F000C8
S1133B606F50101A374200001B0202E0B701010037
S1133B709B81F1FF9391010133623200530002F003
S1133B80D37730C489406384F0006F5070171302F8
S1133B90F007F32100807330028033723200930106
S1133BA01002638441006F50D015D30730C489409C
S1133BB06384F0006F50D014D31730C485406384FD
S1133BC0F0006F50F013D32730C485406384F000B5
S1133BD06F501013D33730C489406384F0006F50A2
S1133BE03012D34730C489406384F0006F505011C1
S1133BF0FD50D3F720D4C17137C200001B0202C0AC
S1133C00B3613200538207E2638441006F50500F66
S1133C103702C07FB70101009B81F1FF939101013D
S1133C2033623200D30702F0D38720D4C17137C284
S1133C3000001B0202C0B3613200538207E26384B6
S1133C4041006F50F00B3702C07FB70101009B8128
S1133C50F1FF9391010133623200D30702F0D3974D
S1133C6020D4C17137C200001B0202C0B36132000C
S1133C70538207E2638441006F5090083702C07F8B
S1133C80B70101009B81F1FF93910101336232007E
S1133C90D30702F0D3A720D4C17137C200001B029E
S1133CA002C0B3613200538207E2638441006F5063
S1133CB030053702C07FB70101009B81F1FF93916A
S1133CC0010133623200D30702F0D3B720D4C171AB
S1133CD037C200001B0202C0B3613200538207E204
S1133CE0638441006F50D0013702C07FB7010100E7
S1133CF09B81F1FF9391010133623200D30702F0FB
S1133D00D3C720D4C17137C200001B0202C0B36103
S1133D103200538207E2638441006F50607E854025
S1133D20D3F730D4C171374200001B0202C0B36123
S1133D303200538207E2638441006F50607CB70114
S1133D40C07FD38701F0D38730D4C17137420000DC
S1133D501B0202C0B3613200538207E26384410054
S1133D606F50007AB701C07FD38701F0D39730D466
S1133D70C171374200001B0202C0B361320053829A
S1133D8007E2638441006F50A077B701C07FD387F7
S1133D9001F0D3A730D4C171374200001B0202C026
S1133DA0B3613200538207E2638441006F5040756F
S1133DB0B701C07FD38701F0D3B730D4C171374284
S1133DC000001B0202C0B3613200538207E2638425
S1133DD041006F50E072B701C07FD38701F0D3C7B1
S1133DE030D4C171374200001B0202C0B3613200FB
S1133DF0538207E2638441006F5080709B0010007F
S1133E00939000029380F0FFD3F700D4C17137C2BE
S1133E1000001B0202C0B3613200538207E26384D4
S1133E2041006F50E06DB701C07FD38701F0D387A5
S1133E3000D4C17137C200001B0202C0B36132005A
S1133E40538207E2638441006F50806BB701C07FE7
S1133E50D38701F0D39700D4C17137C200001B028D
S1133E6002C0B3613200538207E2638441006F50A1
S1133E702069B701C07FD38701F0D3A700D4C171F3
S1133E8037C200001B0202C0B3613200538207E252
S1133E90638441006F50C066B701C07FD38701F0CF
S1133EA0D3B700D4C17137C200001B0202C0B36192
S1133EB03200538207E2638441006F506064B701AB
S1133EC0C07FD38701F0D3C700D4C17137C20000CB
S1133ED01B0202C0B3613200538207E263844100D3
S1133EE06F5000628540D3F710D4C171374200008F
S1133EF01B0202C0B3613200538207E263844100B3
S1133F006F500060B701C07FD38701F0D38710D40E
S1133F10C171374200001B0202C0B36132005382F8
S1133F2007E2638441006F50A05DB701C07FD3876F
S1133F3001F0D39710D4C171374200001B0202C0B4
S1133F40B3613200538207E2638441006F50405BE7
S1133F50B701C07FD38701F0D3A710D4C171374212
S1133F6000001B0202C0B3613200538207E2638483
S1133F7041006F50E058B701C07FD38701F0D3B739
S1133F8010D4C171374200001B0202C0B361320079
S1133F90538207E2638441006F508056B701C07FAB
S1133FA0D38701F0D3C710D4C171374200001B027C
S1133FB002C0B3613200538207E2638441006F5050
S1133FC0205473100080378200001B02F2BFB70137
S1133FD001009B81F1FF939101013362320053068A
S1133FE002F0D30726401B02F0FF13120202B7E1CE
S1133FF07F4733E24100D38107E2638441006F507D
S113400020501302F007F3210080733002803372D2
S113401032008141638441006F50A04E378200001A
S11340201B02F2BFB70101009B81F1FF93910101D3
S113403033623200530602F0D3072642538207E26A
S1134040B74110009B81F1BF9391A10263844100A9
S11340506F50004B1302F007F3210080733002808D
S1134060337232008141638441006F5080491B02E6
S1134070F07F131242031302F2FF530002F20142D3
S1134080B70101009B81F1FF93910101336232007A
S1134090D30702F0D3771044C171378200001B02AA
S11340A002C0B3613200538207E2638441006F505F
S11340B020459301F0037322008073B00180B3F1B3
S11340C0410013025002638441006F5000429B017F
S11340D0F03F93914103D38001F2D3871044C1711F
S11340E0374200001B0202C0B3613200538207E270
S11340F0638441006F50C0400142B70101009B81BD
S1134100F1FF9391010133623200D30702F0D39798
S11341101044C171374200001B0202C0B361320077
S1134120538207E2638441006F50803D0142B7012E
S113413001009B81F1FF9391010133623200D307A7
S113414002F0D3A71044C171374200001B0202C021
S1134150B3613200538207E2638441006F50403AF6
S11341600142B70101009B81F1FF93910101336288
S11341703200D30702F0D3B71044C17137420000B4
S11341801B0202C0B3613200538207E26384410020
S11341906F5000370142B70101009B81F1FF9391F9
S11341A0010133623200D30702F0D3C71044C17156
S11341B0374200001B0202C0B3613200538207E29F
S11341C0638441006F50C0333702807F1B02F2FFCB
S11341D0530002F00142B70101009B81F1FF93916A
S11341E0010133623200D30702F0D3770044C17176
S11341F0378200001B0202C0B3613200538207E21F
S1134200638441006F50C02F9301F0037322008038
S113421073B00180B3F14100130250026384410082
S11342206F50A02CB701803FD38001F0D3870044A6
S1134230C171374200001B0202C0B36132005382D5
S113424007E2638441006F50A02B0142B7010100D3
S11342509B81F1FF9391010133623200D30702F095
S1134260D3970044C171374200001B0202C0B361FE
S11342703200538207E2638441006F506028014298
S1134280B70101009B81F1FF939101013362320078
S1134290D30702F0D3A70044C171374200001B02C8
S11342A002C0B3613200538207E2638441006F505D
S11342B020250142B70101009B81F1FF9391010187
S11342C033623200D30702F0D3B70044C1713742DE
S11342D000001B0202C0B3613200538207E2638410
S11342E041006F50E0210142B70101009B81F1FFC1
S11342F09391010133623200D30702F0D3C7004423
S1134300C171374200001B0202C0B3613200538204
S113431007E2638441006F50A01E1B09900F13191C
S113432089011309F9FF73220080337222010149C4
S113433062093369490073100980370280001B0247
S11343401200530202F01B02101013127201D30365
S113435002F08141538601F0537672009B01F0FF15
S1134360939101020542B3613200530206E2638471
S113437041006F50E0189301F0077322008073B07E
S11343800180B3F141000142638441006F50601722
S11343901B09900F131989011309F9FF7322008077
S11343A03372220105496209336949007310098097
S11343B03702807F1B02F2FF530002F037020073C2
S11343C0530102F08141538601F0537620009B0192
S11343D0F0FF939101023702807F1B02F2FFB36169
S11343E03200530206E2638441006F50601193016E
S11343F0F0077322008073B00180B3F1410013020F
S11344001002638441006F50C00F1B09900F1319F1
S113441089011309F9FF73220080337222010D49C7
S1134420620933694900731009803702807F1B02D7
S1134430F2FF530002F037020073530102F081418E
S1134440538601F0537620009B01F0FF9391010203
S11344503702807FB3613200530206E26384410075
S11344606F50000A9301F0077322008073B001803B
S1134470B3F1410013025002638441006F5060089D
S11344801B09900F131989011309F9FF7322008086
S113449033722201094962093369490073100980A2
S11344A01B0210101312720113021200D30202F045
S11344B037028000530302F08141538601F053F622
S11344C062009B01F0FF939101021B021000131282
S11344D0F20113021200B3613200530206E2638454
S11344E041006F50E0019301F0077322008073B024
S11344F00180B3F141000142638441006F506000C8
S11345001B09900F131989011309F9FF7322008005
S11345103372220111496209336949007310098019
S1134520370280001B021200530202F01B0210101B
S113453013127201D30302F08141538601F05376C2
S113454072009B01F0FF939101020542B3613200B6
S1134550530206E2638441006F40907A9301F007AE
S11345607322008073B00180B3F14100014263847F
S113457041006F401079B701803FD38001F0B7014B
S1134580003F538101F0D38120009B01F0FF939100
S113459001023702C03FB3613200538201E26384F7
S11345A041006F40F075D39120009B01F0FF93917F
S11345B001023702C03FB3613200538201E26384D7
S11345C041006F40F073D3A120009B01F0FF939151
S11345D001023702C03FB3613200538201E26384B7
S11345E041006F40F071D3B120009B01F0FF939123
S11345F001023702C03FB3613200538201E2638497
S113460041006F40F06FD3C120009B01F0FF9391F4
S113461001023702C03FB3613200538201E2638476
S113462041006F40F06D1B09900F131989011309A4
S1134630F9FF732200803372220101496209336950
S11346404900731009801B02F07F13124203130206
S1134650F2FF530002F21B02907C13124203530137
S113466002F253762002530206E29B01F07F9391FB
S11346704103638441006F40B0681302F007F321E3
S113468000807330028033723200930150026384DD
S113469041006F4010671B09900F1319890113091A
S11346A0F9FF7322008033722201054962093369DC
S11346B04900731009801B02F07F13124203130296
S11346C0F2FF530002F21B02907C131242035301C7
S11346D002F253762002530206E29B01F07F93918B
S11346E041039381F1FF638441006F4070611302C1
S11346F0F007F3210080733002803372320093019B
S11347001002638441006F40D05F1B09900F13199E
S113471089011309F9FF73220080337222010D49C4
S1134720620933694900731009801B02F07F131278
S113473042031302F2FF530002F21B02907C131295
S11347404203530102F253762002530206E29B0114
S1134750F07F93914103638441006F40705A1302C8
S1134760F007F3210080733002803372320093012A
S11347705002638441006F40D0581B09900F1319F5
S113478089011309F9FF7322008033722201094958
S1134790620933694900731009801B02F07F131208
S11347A042031302F2FF530002F21B02907C131225
S11347B04203530102F253762002530206E29B01A4
S11347C0F07F939141039381F1FF638441006F4033
S11347D030531302F007F3210080733002803372E8
S11347E0320093011002638441006F4090511B0911
S11347F0900F131989011309F9FF73220080337292
S113480022011149620933694900731009801B02AE
S1134810F07F131242031302F2FF530002F21B0251
S1134820907C13124203530102F253762002530286
S113483006E29B01F07F93914103638441006F4042
S1134840304C1302F007F32100807330028033727E
S1134850320093015002638441006F40904A9B01EF
S1134860F03F93914103D38001F29B01F01F939198
S11348705103538101F2D3812002538201E29B014F
S1134880F07F93913103638441006F407047D3916B
S11348902002538201E29B01F07F939131036384F0
S11348A041006F40F045D3A12002538201E29B01F5
S11348B0F07F93913103638441006F407044D3B11E
S11348C02002538201E29B01F07F939131036384C0
S11348D041006F40F042D3C12002538201E29B01A8
S11348E0F07F93913103638441006F4070411B0951
S11348F0900F131989011309F9FF73220080337291
S11349002201014962093369490073100980B70122
S1134910004E9B81F1FFD38001F0B70180405381A9
S113492001F053F620089B01F0FF93910102370236
S1134930004E1B02F2FFB3613200530206E26384AD
S113494041006F40F03B1302F007F3210080733005
S113495002803372320093011002638441006F407D
S1134960503A1B09900F131989011309F9FF732297
S113497000803372220105496209336949007310CA
S11349800980B701807F9B81F1FFD38001F09B01F7
S1134990300F93918101538101F053F620089B015C
S11349A0F0FF939101023702807F1B02F2FFB36193
S11349B03200530206E2638441006F4070341302F4
S11349C0F007F321008073300280337232009301C8
S11349D01002638441006F40D0321B09900F1319F9
S11349E089011309F9FF73220080337222010D49F2
S11349F062093369490073100980B701807F9B8184
S1134A00F1FFD38001F09B01300F93918101538119
S1134A1001F053F620089B01F0FF93910102370245
S1134A20807FB3613200530206E2638441006F4029
S1134A30302D1302F007F3210080733002803372AB
S1134A40320093015002638441006F40902B1B0994
S1134A50900F131989011309F9FF7322008033722F
S1134A6022010949620933694900731009809B01D5
S1134A7010109391710193811100D38001F09B0177
S1134A80101093917101538101F053F620089B019A
S1134A90F0FF939101021B0210001312F2011302A2
S1134AA01200B3613200530206E2638441006F4096
S1134AB030251302F007F321008073300280337233
S1134AC032008141638441006F40B0231B09900F81
S1134AD0131989011309F9FF73220080337222012B
S1134AE0114962093369490073100980B701004E06
S1134AF09B81F1FFD38001F0B7018040538101F025
S1134B0053F620089B01F0FF939101023702004EF7
S1134B101B02F2FFB3613200530206E263844100D8
S1134B206F40101E1302F007F321008073300280DF
S1134B303372320093011002638441006F40701C91
S1134B40B701803FD38001F0B701003F538101F0EA
S1134B50D38120089B01F0FF939101023702003FAB
S1134B60B3613200538201E2638441006F40501903
S1134B70D39120089B01F0FF939101023702003F7B
S1134B80B3613200538201E2638441006F405017E5
S1134B90D3A120089B01F0FF939101023702003F4B
S1134BA0B3613200538201E2638441006F405015C7
S1134BB0D3B120089B01F0FF939101023702003F1B
S1134BC0B3613200538201E2638441006F405013A9
S1134BD0D3C120089B01F0FF939101023702003FEB
S1134BE0B3613200538201E2638441006F4050118B
S1134BF01B09900F131989011309F9FF732200800F
S1134C003372220101496209336949007310098032
S1134C109B01F07F939141039381F1FFD38001F2D3
S1134C209B0190FC93914103538101F253F6200AB6
S1134C30D30106E21B02F07F131242036384410096
S1134C406F40100C9301F0077322008073B0018051
S1134C50B3F1410013025002638441006F40700AB3
S1134C601B09900F131989011309F9FF732200809E
S1134C7033722201054962093369490073100980BE
S1134C809B01F07F939141039381F1FFD38001F263
S1134C909B0190FC93914103538101F253F6200A46
S1134CA0D30106E21B02F07F131242031302F2FF48
S1134CB0638441006F40D0049301F00773220080A5
S1134CC073B00180B3F14100130210026384410008
S1134CD06F4030031B09900F131989011309F9FF61
S1134CE073220080337222010D496209336949003D
S1134CF0731009809B01F07F939141039381F1FF2D
S1134D00D38001F29B0190FC93914103538101F202
S1134D1053F6200AD30106E21B02F07F131242036A
S1134D20638441006F40C07D9301F00773220080CB
S1134D3073B00180B3F14100130250026384410057
S1134D406F40207C1B09900F131989011309F9FF87
S1134D5073220080337222010949620933694900D0
S1134D60731009809B01F07F939141039381F1FFBC
S1134D70D38001F29B0190FC93914103538101F292
S1134D8053F6200AD30106E21B02F07F13124203FA
S1134D901302F2FF638441006F4080769301F007B1
S1134DA07322008073B00180B3F14100130210023A
S1134DB0638441006F40E0741B09900F131989014B
S1134DC01309F9FF73220080337222011149620929
S1134DD033694900731009809B01F07F939141036B
S1134DE09381F1FFD38001F29B0190FC93914103E5
S1134DF0538101F253F6200AD30106E21B02F07F2D
S1134E0013124203638441006F40806F9301F007E3
S1134E107322008073B00180B3F141001302500289
S1134E20638441006F40E06D9B01F03F9391410327
S1134E30D38001F29B01F01F93915103538101F23E
S1134E40D381200AD38101E21B02F01F1312520303
S1134E50638441006F40C06AD391200AD38101E288
S1134E601B02F01F13125203638441006F40406918
S1134E70D3A1200AD38101E21B02F01F13125203B3
S1134E80638441006F40C067D3B1200AD38101E23B
S1134E901B02F01F13125203638441006F404066EB
S1134EA0D3C1200AD38101E21B02F01F1312520363
S1134EB0638441006F40C0641B09900F131989017A
S1134EC01309F9FF73220080337222010149620938
S1134ED033694900731009801B0210001312F20198
S1134EE013021200D30402F053A694201B02F0FF15
S1134EF013120202854133E24100D30106E26384C6
S1134F0041006F40E05F1B02F0FF1312F203130233
S1134F101200D30402F253A69422530206E28541FE
S1134F20638441006F40C05D3702807F1B02120022
S1134F30530002F0531600201B02F0FF131202026A
S1134F409B01F01F939171019381110033E24100A1
S1134F50D30106E2638441006F40805A1B02F07F54
S1134F601312420313021200530002F253160022DA
S1134F70530206E29B01F0FF9391410393811100D8
S1134F80638441006F40C0573702807F1B02F2FFE9
S1134F90530602F0D3070642538207E29B01F0470F
S1134FA0939171019381F1FF9391D1016384410045
S1134FB06F4000551302F007F32100807330028024
S1134FC0337232008141638441006F4080531B027D
S1134FD0F07F131242031302F2FF530002F2014264
S1134FE0D30702F0D37710401B02F0FF1312020222
S1134FF0B701807F33E24100D38107E2638441003B
S11350006F4000501302F007F321008073300280D8
S11350103372320093015002638441006F40604E4A
S11350209B01F03F93914103D38001F2D387104059
S11350301B02F0FF13120202B701803F33E241006A
S1135040D38107E2638441006F40804BD3971040C3
S11350501B02F0FF13120202B701803F33E241004A
S1135060D38107E2638441006F408049D3A7104095
S11350701B02F0FF13120202B701803F33E241002A
S1135080D38107E2638441006F408047D3B7104067
S11350901B02F0FF13120202B701803F33E241000A
S11350A0D38107E2638441006F408045D3C7104039
S11350B01B02F0FF13120202B701803F33E24100EA
S11350C0D38107E2638441006F40804337120200BA
S11350D01B02F2B71312D202530402F2D37714C2A2
S11350E0B700FF00638417006F4080411302F0078C
S11350F0F321008073300280337232008141638473
S113510041006F400040D30714C2B700FF0063841E
S113511017006F40E03ED31714C2B700FF0063844A
S113512017006F40E03DD32714C2B700FF0063842B
S113513017006F40E03CD33714C2B700FF0063840C
S113514017006F40E03BD34714C2B700FF006384ED
S113515017006F40E03A1B02F0BF13124203130220
S1135160F2FF530002F2D37700C2FD506384F000D3
S11351706F4000391302F007F3210080733002807E
S11351803372320093011002638441006F40603730
S1135190B74100009B81F10393910103538001F215
S11351A0D30700C2FD406384F0006F406035D3171D
S11351B000C2FD406384F0006F408034D32700C2F6
S11351C0FD406384F0006F40A033D33700C2FD403C
S11351D06384F0006F40C032D34700C2FD40638453
S11351E0F0006F40E031379221001B02F27F13126E
S11351F09202530402F2D37734C2B71000009B80AA
S1135200F0FF93908002638417006F40602F1302B5
S1135210F007F32100807330028033723200814141
S1135220638441006F40E02DD30734C2B7100000FF
S11352309B80F0FF93908002638417006F40402CA2
S1135240D31734C2B71000009B80F0FF9390800204
S1135250638417006F40C02AD32734C2B7100000FC
S11352609B80F0FF93908002638417006F40402975
S1135270D33734C2B71000009B80F0FF93908002B4
S1135280638417006F40C027D34734C2B7100000AF
S11352909B80F0FF93908002638417006F40402648
S11352A01B02F0BF131242031302F2FF530002F277
S11352B0D37720C2FD506384F0006F406024130252
S11352C0F007F321008073300280337232009301BF
S11352D01002638441006F40C022B72100009B810B
S11352E091FF93911103538001F2D30720C28540AB
S11352F06384F0006F40C020D31720C285406384CC
S1135300F0006F40E01FD32720C285406384F00083
S11353106F40001FD33720C289406384F0006F4080
S1135320201ED34720C285406384F0006F40401D97
S11353301B02F017131272011302F2FF530002F062
S1135340D37700C0FD506384F0006F40601B1302EC
S1135350F007F3210080733002803372320093012E
S11353601002638441006F40C0191B02F01713122E
S11353707201530002F0D30700C0FD506384F000B3
S11353806F400018D31700C0FD506384F0006F40D5
S11353902017D32700C0FD506384F0006F404016EF
S11353A0D33700C0FD506384F0006F406015D347CD
S11353B000C0FD506384F0006F4080143702C03F8A
S11353C0530002F0D37710C089406384F0006F402B
S11353D020131302F007F32100807330028033722C
S11353E0320093011002638441006F408011D3079F
S11353F010C089406384F0006F408010D31710C040
S113540085406384F0006F40A00FD32710C085400F
S11354106384F0006F40C00ED33710C089406384AA
S1135420F0006F40E00DD34710C089406384F00062
S11354306F40000D1B02F017131272011302F2FFEA
S1135440530002F0D37720C0FD506384F0006F4016
S1135450200B1302F007F3210080733002803372B3
S1135460320093011002638441006F4080091B02E3
S1135470F00B13128201530002F0D30720C063041F
S1135480F0006F40E0071B02F00B1312820153007F
S113549002F0D31720C06304F0006F4060061B02C3
S11354A0F00B13128201530002F0D32720C0FD50E9
S11354B06384F0006F40C0041B02F00B13128201DE
S11354C0530002F0D33720C06304F0006F40400360
S11354D01B02F00B13128201530002F0D34720C0C9
S11354E0FD506384F0006F40A0013702C03F5300B9
S11354F002F0D37730C089406384F0006F404000ED
S11355001302F007F32100807330028033723200FB
S113551093011002638441006F30B07ED30730C022
S113552089406384F0006F30B07DD31730C085406C
S11355306384F0006F30D07CD32730C0854063840F
S1135540F0006F30F07BD33730C089406384F000C3
S11355506F30107BD34730C089406384F0006F30D4
S1135560307AB70000809B80F0FFD38700D253824B
S113557007E29B01F0209391F1019381F1FF939154
S11355806101638441006F30B0779B0010009390F9
S113559000029380F0FFD38710D2538207E29B016D
S11355A0F0419391F1019381F1FF9391510163844F
S11355B041006F30F0749B001000939000029380C0
S11355C0F0FFD3F720D2538207E29B01F04193917D
S11355D0F1019381F1FF93915101638441006F3094
S11355E030729B00F0FF9390800293801000B7010B
S11355F0C07FD38701F0D38720D2538207E29B0177
S113560070C2939171029381F1FF9391D1006384ED
S113561041006F30F06EB701C07FD38701F0D3979C
S113562020D2538207E29B0170C29391710293814D
S1135630F1FF9391D100638441006F30706CB70126
S1135640C07FD38701F0D3A720D2538207E29B0106
S113565070C2939171029381F1FF9391D10063849D
S113566041006F30F069B701C07FD38701F0D3B731
S113567020D2538207E29B0170C2939171029381FD
S1135680F1FF9391D100638441006F307067B701DB
S1135690C07FD38701F0D3C720D2538207E29B0196
S11356A070C2939171029381F1FF9391D10063844D
S11356B041006F30F0649B0010009390800293804F
S11356C0F0FFD3F730D2538207E29B0170429391EB
S11356D071029381F1FF9391D100638441006F3093
S11356E03062B71100009B81F1FF93913103D3879E
S11356F001F2D38730D2538207E29B017042939127
S113570071029381F1FF9391D100638441006F3062
S1135710305FB71100009B81F1FF93913103D38770
S113572001F2D39730D2538207E29B0170429391E6
S113573071029381F1FF9391D100638441006F3032
S1135740305CB71100009B81F1FF93913103D38743
S113575001F2D3A730D2538207E29B0170429391A6
S113576071029381F1FF9391D100638441006F3002
S11357703059B71100009B81F1FF93913103D38716
S113578001F2D3B730D2538207E29B017042939166
S113579071029381F1FF9391D100638441006F30D2
S11357A03056B71100009B81F1FF93913103D387E9
S11357B001F2D3C730D2538207E29B017042939126
S11357C071029381F1FF9391D100638441006F30A2
S11357D03053B70000809B80F0FFD3F700D01B024A
S11357E0F0FF13120202B701004F33E24100D381EC
S11357F007E2638441006F30B0509301F0077322D5
S1135800008073B00180B3F141001302100263847D
S113581041006F30104FB70010009B80F0FF939051
S1135820C00093801000B701C07FD38701F0D387F5
S113583000D01B02F0FF13120202B7510C009B812F
S1135840F17F9391C10033E24100D38107E2638485
S113585041006F30F04AB701C07FD38701F0D3977E
S113586000D01B02F0FF13120202B7510C009B81FF
S1135870F17F9391C10033E24100D38107E2638455
S113588041006F30F047B701C07FD38701F0D3A741
S113589000D01B02F0FF13120202B7510C009B81CF
S11358A0F17F9391C10033E24100D38107E2638425
S11358B041006F30F044B701C07FD38701F0D3B704
S11358C000D01B02F0FF13120202B7510C009B819F
S11358D0F17F9391C10033E24100D38107E26384F5
S11358E041006F30F041B701C07FD38701F0D3C7C7
S11358F000D01B02F0FF13120202B7510C009B816F
S1135900F17F9391C10033E24100D38107E26384C4
S113591041006F30F03E9B00100093900002938092
S1135920F0FFD3F710D01B02F0FF13120202B701ED
S1135930804F33E24100D38107E2638441006F303A
S1135940303C9301F0077322008073B00180B3F1FF
S1135950410013021002638441006F30903AB71083
S113596000009B80F0FFB701C07FD38701F0D3878D
S113597010D01B02F0FF13120202B7F17F4533E28D
S11359804100D38107E2638441006F307037B7016F
S1135990C07FD38701F0D39710D01B02F0FF1312FE
S11359A00202B7F17F4533E24100D38107E2638409
S11359B041006F30F034B701C07FD38701F0D3A723
S11359C010D01B02F0FF13120202B7F17F4533E23D
S11359D04100D38107E2638441006F307032B70124
S11359E0C07FD38701F0D3B710D01B02F0FF13128E
S11359F00202B7F17F4533E24100D38107E26384B9
S1135A0041006F30F02FB701C07FD38701F0D3C7B7
S1135A1010D01B02F0FF13120202B7F17F4533E2EC
S1135A204100D38107E2638441006F30702DFD5043
S1135A30D3F720D01B02F0FF131202029B01F017D0
S1135A409391710133E24100D38107E26384410001
S1135A506F30102BB701C07FD38701F0D38720D0DC
S1135A601B02F0FF131202029B01F01793917101C4
S1135A7033E24100D38107E2638441006F30502850
S1135A80B701C07FD38701F0D39720D01B02F0FF6A
S1135A90131202029B01F0179391710133E241004A
S1135AA0D38107E2638441006F309025B701C07F42
S1135AB0D38701F0D3A720D01B02F0FF13120202F8
S1135AC09B01F0179391710133E24100D38107E206
S1135AD0638441006F30D022B701C07FD38701F0C7
S1135AE0D3B720D01B02F0FF131202029B01F01760
S1135AF09391710133E24100D38107E26384410051
S1135B006F301020B701C07FD38701F0D3C720D0F6
S1135B101B02F0FF131202029B01F0179391710113
S1135B2033E24100D38107E2638441006F30501DAA
S1135B30B70000019B80F0FF93900001D3F730D0B1
S1135B401B02F0FF13120202B70180539B81F1FF85
S1135B5033E24100D38107E2638441006F30501A7D
S1135B60B701C07FD38701F0D38730D01B02F0FF89
S1135B7013120202B70180539B81F1FF33E241000B
S1135B80D38107E2638441006F309017B701C07F6F
S1135B90D38701F0D39730D01B02F0FF1312020217
S1135BA0B70180539B81F1FF33E24100D38107E2C7
S1135BB0638441006F30D014B701C07FD38701F0F4
S1135BC0D3A730D01B02F0FF13120202B701805397
S1135BD09B81F1FF33E24100D38107E263844100FA
S1135BE06F301012B701C07FD38701F0D3B730D024
S1135BF01B02F0FF13120202B70180539B81F1FFD5
S1135C0033E24100D38107E2638441006F30500FD7
S1135C10B701C07FD38701F0D3C730D01B02F0FF98
S1135C2013120202B70180539B81F1FF33E241005A
S1135C30D38107E2638441006F30900CB770240075
S1135C409B80D08A9390C000938010F19390D000F1
S1135C50938050D99390E00093801032B7010500EF
S1135C6023B01100D38000F207B10100D3A020A219
S1135C70639400006F30D008B79088009B8010892F
S1135C809390C000938010119390D00093802022B1
S1135C9023B0110087B00100538200E26384400006
S1135CA06F301006B70000109B80F0FF1B0210FF3E
S1135CB01312C2011302F2FFB7010500D38000F0F2
S1135CC027B0110083B20100638442006F30500397
S1135CD09B00F03E93906001B701050023B01100D2
S1135CE087B00100538200E0B700C0FB638440002A
S1135CF06F301001370202011B024230D30702F059
S1135D000142530702F05387F7201B02F0FF1312DE
S1135D100202B70102019B81413033E24100D30109
S1135D2007E2638441006F30A07D378240001B028C
S1135D30120C13121201130232281312120113024D
S1135D408270D30702F20142530702F25387F7220B
S1135D50530207E2B78140009B81110C939111011A
S1135D60938131289391110193818170638441005F
S1135D706F3000798141D38001F09B01F01F939132
S1135D807101538101F0B701807F9B811100D3879A
S1135D9001F0D38720209B01F0FF939101021B02A5
S1135DA010001312F201B3613200538207E26384DC
S1135DB041006F30E0748141D38001F29B01F0FF18
S1135DC093914103538101F29B01F07F939141032D
S1135DD093811100D38701F2D3872022D38107E274
S1135DE01B02F0FF1312F203638441006F30407111
S1135DF08141D38001F0B701807F538101F0B70165
S1135E00807F9B811100D38701F0D39720209B01D1
S1135E10F0FF939101021B0210001312F201B3610F
S1135E203200538207E2638441006F30606D814128
S1135E30D38001F29B01F07F93914103538101F2DE
S1135E409B01F07F9391410393811100D38701F269
S1135E50D3972022D38107E21B02F0FF1312F2032F
S1135E60638441006F30C0699B0110009391F1017C
S1135E70D38001F0B701807F538101F0B701807FA7
S1135E809B811100D38701F0D3A720209B01F0FF51
S1135E90939101021B0210001312F201B36132004C
S1135EA0538207E2638441006F3080659B01F0FFF9
S1135EB09391F103D38001F29B01F07F939141030D
S1135EC0538101F29B01F07F93914103938111006F
S1135ED0D38701F2D3A72022D38107E21B02F0FF6C
S1135EE01312F203638441006F3080619B01F01F41
S1135EF093917101D38001F0D39000E085416384D4
S1135F0030006F30E05F9B01F03F93916101D380DB
S1135F1001F0D39000E093010020638430006F30DF
S1135F20205E9B01F0FF93914103D38001F2D39053
S1135F3000E28541638430006F30805C9B01F0FF98
S1135F4093913103D38001F2D39000E293010020B6
S1135F50638430006F30C05A3712807F1B021211E5
S1135F60530002F03702807F1B021211D30002F0AB
S1135F703702C07F1B021201530102F03702C07FB7
S1135F801B020201D30102F03702807F530202F0A8
S1135F901B02F01F13127201D30202F03702003FFA
S1135FA0530302F01B02F00B13128201D30302F01D
S1135FB00542530402F01B0210001312F2011302F3
S1135FC01200D30402F00142530502F01B02100038
S1135FD01312F201D30502F0D31740281B02F0FF7D
S1135FE013120202B701C07F33E24100D38107E2FA
S1135FF0638441006F30C0519301F0077322008025
S113600073B00180B3F141001302000363844100C3
S11360106F30204FD31761281B02F0FF13120202C6
S1136020B701003F33E24100D38107E263844100BA
S11360306F30004E9301F0077322008073B001802B
S1136040B3F141000142638441006F30804BD317A8
S113605073281B02F0FF13120202B701003F33E260
S11360604100D38107E2638441006F30604A9301A9
S1136070F0077322008073B00180B3F14100014244
S1136080638441006F30E047732900801B02F01FD6
S1136090131272011302F2FF3379220105425E02E8
S11360A03362220173100280D31700281B02F0FF11
S11360B013120202B711C07F9B81111133E2410018
S11360C0D38107E2638441006F308044D3171128E1
S11360D01B02F0FF13120202B701C07F9B81111152
S11360E033E24100D38107E2638441006F304042D0
S11360F0D31731281B02F0FF13120202B701C07F2D
S11361009B81110133E24100D38107E263844100A2
S11361106F300040732900801B02F01F13127201BC
S11361201302F2FF3379220101425E02336222013B
S113613073100280D30740281B02F0FF13120202DF
S1136140B701C07F33E24100D38107E26384410099
S11361506F30203C9301F0077322008073B00180FC
S1136160B3F1410013020003638441006F306039CE
S1136170D30761281B02F0FF13120202B701003F8C
S113618033E24100D38107E2638441006F30603819
S11361909301F0077322008073B00180B3F14100D2
S11361A00142638441006F30C035D30773281B025A
S11361B0F0FF131202029B01F00B9391810133E271
S11361C04100D38107E2638441006F30803493013E
S11361D0F0077322008073B00180B3F141000142E3
S11361E0638441006F30E031732900801B02F01F8B
S11361F0131272011302F2FF3379220105425E0287
S11362003362220173100280D30700281B02F0FFBF
S113621013120202B711C07F9B81111133E24100B6
S1136220D38107E2638441006F30A02ED307112885
S11362301B02F0FF13120202B701C07F9B811111F0
S113624033E24100D38107E2638441006F30602C64
S1136250D30721281B02F0FF13120202B701C07FEB
S11362609B81110133E24100D38107E26384410041
S11362706F30202A732900801B02F01F1312720151
S11362801302F2FF3379220101425E0233622201DA
S113629073100280D32060A0638400006F308027D5
S11362A09301F0077322008073B00180B3F14100C1
S11362B013020003638441006F30A024D32041A063
S11362C0638400006F3000259301F007732200807F
S11362D073B00180B3F141000142638441006F3027
S11362E04022D3A073A08541638430006F308022A4
S11362F09301F0077322008073B00180B3F1410071
S11363000142638441006F30C01FD30060A06384E6
S113631000006F3040209301F0077322008073B0B7
S11363200180B3F1410013020003638441006F3024
S1136330401DD30041A0638400006F30C01D930151
S1136340F0077322008073B00180B3F1410013029F
S11363500003638441006F30C01AD38063A0854179
S1136360638430006F30201B9301F0077322008098
S113637073B00180B3F141000142638441006F3086
S11363804018D31060A0638400006F30E0189301BC
S1136390F0077322008073B00180B3F1410013024F
S11363A00003638441006F30C015D31041A063849F
S11363B000006F3060169301F0077322008073B001
S11363C00180B3F1410013020003638441006F3084
S11363D04013D39063A08541638430006F30C013B1
S11363E09301F0077322008073B00180B3F1410080
S11363F00142638441006F30C0101B02F07F13120E
S11364008202130212001312C2001302121153006B
S113641002F21B02F07F1312420313021211D30083
S113642002F2371200001B02F2FF131232031302AE
S11364301201530102F2371200001B02F2FF131281
S1136440320313020201D30102F21B02F07F131282
S11364504203530202F21B02F0FF13124203D3025F
S113646002F21B02F01F13125203530302F21B0227
S1136470F0DF13125203D30302F20542530402F273
S11364801B02F0FF1312F20313021200D30402F2F0
S11364900142530502F21B02F0FF1312F203D3056B
S11364A002F2D317402A538207E2B71100009B81FE
S11364B0F1FF93913103638441006F30000693012F
S11364C0F0077322008073B00180B3F1410013021E
S11364D00003638441006F30C002D317612A5382E2
S11364E007E29B01F01F93915103638441006F30D5
S11364F0C0029301F0077322008073B00180B3F1EE
S113650041000142638441006F20B07FD317732A96
S1136510538207E29B01F01F93915103638441006E
S11365206F20B07F9301F0077322008073B0018065
S1136530B3F141000142638441006F20907C7329D0
S113654000801B02F01F131272011302F2FF337951
S1136550220105425E023362220173100280D317C6
S1136560002A538207E2B71100009B81F1FF939147
S11365707102938111009391C1009381111163847D
S113658041006F209079D317112A538207E2B71183
S113659000009B81F1FF9391310393811111638476
S11365A041006F209077D317312A538207E2B71145
S11365B000009B81F1FF9391310393811101638466
S11365C041006F209075732900801B02F01F131285
S11365D072011302F2FF3379220101425E02336237
S11365E0220173100280D307402A538207E2B711B5
S11365F000009B81F1FF93913103638441006F207C
S1136600F0719301F0077322008073B00180B3F13D
S1136610410013020003638441006F20906ED3078E
S1136620612A538207E29B01F01F93915103638413
S113663041006F20B06E9301F0077322008073B0A5
S11366400180B3F141000142638441006F20706B0B
S1136650D307732A538207E29B01F0DF939151031E
S1136660638441006F20906B9301F00773220080D4
S113667073B00180B3F141000142638441006F2093
S11366805068732900801B02F01F13127201130259
S1136690F2FF3379220105425E0233622201731054
S11366A00280D307002A538207E2B71100009B81BE
S11366B0F1FF93917102938111009391C100938131
S11366C01111638441006F207065D307112A53822E
S11366D007E2B71100009B81F1FF9391310393818D
S11366E01111638441006F207063D307212A538200
S11366F007E2B71100009B81F1FF9391310393816D
S11367001101638441006F207061732900801B02B2
S1136710F01F131272011302F2FF337922010142B6
S11367205E023362220173100280D32060A263846C
S113673000006F20305E9301F0077322008073B075
S11367400180B3F1410013020003638441006F2010
S1136750505BD32041A2638400006F20B05B93019F
S1136760F0077322008073B00180B3F1410001424D
S1136770638441006F20F058D3A073A285416384E1
S113678030006F2030599301F0077322008073B0FA
S11367900180B3F141000142638441006F207056CF
S11367A0D30060A2638400006F20F0569301F007C9
S11367B07322008073B00180B3F14100130200031F
S11367C0638441006F20F053D30041A2638400002E
S11367D06F2010559301F0077322008073B001807D
S11367E0B3F1410013020003638441006F20705130
S11367F0D38063A28541638430006F20705293017B
S1136800F0077322008073B00180B3F141000142AC
S1136810638441006F20F04ED31060A263840000B3
S11368206F2030509301F0077322008073B0018011
S1136830B3F1410013020003638441006F20704CE4
S1136840D31041A2638400006F20B04D9301F00780
S11368507322008073B00180B3F14100130200037E
S1136860638441006F20F049D39063A2854163841F
S113687030006F20104B9301F0077322008073B037
S11368800180B3F141000142638441006F207047ED
S11368903712807F1B021211530002F03702807FEF
S11368A01B021211D30002F03702C07F1B02120137
S11368B0530102F03702C07F1B020201D30102F030
S11368C03702807F530202F01B02F01F1312720181
S11368D0D30202F0378282401B020290530302F07B
S11368E0378201001B0272101312F200D30302F06C
S11368F00542530402F01B0210001312F2011302AA
S11369001200D30402F00142530502F01B021000EE
S11369101312F201D30502F0D37710181B02F0FF13
S113692013120202B701C07F33E24100D38107E2B0
S1136930638441006F20103D9301F00773220080AF
S113694073B00180B3F1410013020003638441007A
S11369506F20303BD37761181B02F0FF1312020241
S1136960B701C07F33E24100D38107E26384410071
S11369706F2050399301F0077322008073B00180B7
S1136980B3F141000142638441006F209037D37713
S113699073181B02F0FF13120202B76100009B81FF
S11369A0F1FB9391110133E24100D38107E2638447
S11369B041006F2030359301F0077322008073B0DB
S11369C00180B3F141000142638441006F207033C0
S11369D0D37752181B02F0FF13120202B701C07FD3
S11369E033E24100D38107E2638441006F20903198
S11369F09301F0077322008073B00180B3F141006A
S1136A0013020003638441006F20B02FD377B518BD
S1136A101B02F0FF13120202B701C07F33E24100F0
S1136A20D38107E2638441006F20D02D9301F007E6
S1136A307322008073B00180B3F14100130200039C
S1136A40638441006F20F02BB701F071538A01F089
S1136A50B701C058D38A01F0D3075A191B02F0FFBB
S1136A6013120202B701A05833E24100D38107E2B6
S1136A70638441006F2010299301F0077322008082
S1136A8073B00180B3F141000142638441006F207F
S1136A905027D3175A191B02F0FF13120202B70131
S1136AA0A05833E24100D38107E2638441006F20A0
S1136AB070259301F0077322008073B00180B3F155
S1136AC041000142638441006F20B023D3275A1947
S1136AD01B02F0FF13120202B701A05833E2410077
S1136AE0D38107E2638441006F20D0219301F00732
S1136AF07322008073B00180B3F1410001426384CA
S1136B0041006F201020D3375A191B02F0FF1312D3
S1136B100202B701A05833E24100D38107E2638443
S1136B2041006F20301E9301F0077322008073B080
S1136B300180B3F141000142638441006F20701C65
S1136B40D3475A191B02F0FF13120202B701A058CF
S1136B5033E24100D38107E2638441006F20901A3D
S1136B609301F0077322008073B00180B3F14100F8
S1136B700142638441006F20D018732900801B02F6
S1136B80F01F131272011302F2FF3379220105423E
S1136B905E023362220173100280D37710181B0245
S1136BA0F0FF13120202B711C07F9B81111133E26F
S1136BB04100D38107E2638441006F20B014D3778E
S1136BC011181B02F0FF13120202B701C07F9B8150
S1136BD0111133E24100D38107E2638441006F2045
S1136BE07012D37742181B02F0FF13120202B7018E
S1136BF0C07F33E24100D38107E2638441006F2008
S1136C007010D377B5181B02F0FF13120202B701FC
S1136C10C07F33E24100D38107E2638441006F20E7
S1136C20700E732900801B02F01F131272011302ED
S1136C30F2FF3379220101425E02336222017310B2
S1136C400280D37700581B02F0FF13120202B7012F
S1136C50C07F33E24100D38107E2638441006F20A7
S1136C60B00A9301F0077322008073B00180B3F17E
S1136C70410013020003638441006F209008D3F79E
S1136C8001581B02F0FF13120202B701C07F33E266
S1136C904100D38107E2638441006F20F006930131
S1136CA0F0077322008073B00180B3F14100014208
S1136CB0638441006F20F004D37703581B02F0FF74
S1136CC013120202B74101409B81C1AF33E241007C
S1136CD0D38107E2638441006F2010039301F0071E
S1136CE07322008073B00180B3F1410013021002DB
S1136CF0638441006F20F000B701A271538A01F050
S1136D00D3070A581B02F0FF13120202B70190586E
S1136D1033E24100D38107E2638441006F20C07EE7
S1136D209301F0077322008073B00180B3F1410036
S1136D300142638441006F20C07CB701C07FD387C8
S1136D4001F0D3170A581B02F0FF13120202B70115
S1136D50905833E24100D38107E2638441006F20FD
S1136D60A07A9301F0077322008073B00180B3F11D
S1136D7041000142638441006F20A078B701C07FC5
S1136D80D38701F0D3270A581B02F0FF1312020223
S1136D90B701905833E24100D38107E26384410094
S1136DA06F2080769301F0077322008073B0018016
S1136DB0B3F141000142638441006F208074B70144
S1136DC0C07FD38701F0D3370A581B02F0FF131298
S1136DD00202B701905833E24100D38107E2638491
S1136DE041006F2060729301F0077322008073B03A
S1136DF00180B3F141000142638441006F2060705F
S1136E00B701C07FD38701F0D3470A581B02F0FFB4
S1136E1013120202B701905833E24100D38107E212
S1136E20638441006F20406E9301F0077322008059
S1136E3073B00180B3F141000142638441006F20CB
S1136E40406C732900801B02F01F1312720113029D
S1136E50F2FF3379220105425E023362220173108C
S1136E600280D37700581B02F0FF13120202B711FD
S1136E70C07F9B81111133E24100D38107E2638417
S1136E8041006F206068D37701581B02F0FF131292
S1136E900202B701C07F9B81110133E24100D3811B
S1136EA007E2638441006F202066D3F702581B0277
S1136EB0F0FF13120202B701C07F33E24100D38115
S1136EC007E2638441006F202064732900801B0261
S1136ED0F01F131272011302F2FF337922010142EF
S1136EE05E0233622201731002801B02F07F1312D0
S1136EF08202130212001312C20013021211530071
S1136F0002F21B02F07F1312420313021211D30088
S1136F1002F2371200001B02F2FF131232031302B3
S1136F201201530102F2371200001B02F2FF131286
S1136F30320313020201D30102F21B02F07F131287
S1136F404203530202F21B02F0FF13124203D30264
S1136F5002F2371281001B0292E31312D2001302D1
S1136F6092B31312C200130292E31312C20053032A
S1136F7002F23752FDE31B02525513122202D303CD
S1136F8002F20542530402F21B02F0FF1312F20351
S1136F9013021200D30402F20142530502F21B024F
S1136FA0F0FF1312F203D30502F2D377101A5382BF
S1136FB007E2B71100009B81F1FF939131036384D1
S1136FC041006F2080549301F0077322008073B056
S1136FD00180B3F1410013020003638441006F2078
S1136FE04052D377611A538207E2B71100009B81A4
S1136FF0F1FF93913103638441006F2000519301A9
S1137000F0077322008073B00180B3F141000142A4
S1137010638441006F20E04ED377731A538207E2F2
S1137020B75135809B8151559391F101638441009F
S11370306F20A04D9301F0077322008073B001808C
S1137040B3F141000142638441006F20804BD37748
S1137050521A538207E2B71100009B81F1FF93910A
S11370603103638441006F20404A9301F007732287
S1137070008073B00180B3F1410013020003638404
S113708041006F200048D377B51A538207E2B71145
S113709000009B81F1FF93913103638441006F20D1
S11370A0C0469301F0077322008073B00180B3F1EE
S11370B0410013020003638441006F208044B7C180
S11370C0FFFF9B81510393910103538A01F2B7118E
S11370D000009B81318093913103D38A01F2D3075D
S11370E05A1B538207E2B7F1FFFF9B813100939152
S11370F02103638441006F2040419301F007732210
S1137100008073B00180B3F1410001426384410007
S11371106F20203FB71100009B81F1FF9391310351
S1137120D38701F2D3175A1B538207E2B7F1FFFF4B
S11371309B81310093912103638441006F20E03CE3
S11371409301F0077322008073B00180B3F1410012
S11371500142638441006F20C03AB71100009B8153
S1137160F1FF93913103D38701F2D3275A1B538242
S113717007E2B7F1FFFF9B81310093912103638400
S113718041006F2080389301F0077322008073B0B0
S11371900180B3F141000142638441006F206036F5
S11371A0B71100009B81F1FF93913103D38701F262
S11371B0D3375A1B538207E2B7F1FFFF9B8131009B
S11371C093912103638441006F2020349301F007DD
S11371D07322008073B00180B3F1410001426384E3
S11371E041006F200032B71100009B81F1FF9391A1
S11371F03103D38701F2D3475A1B538207E2B7F115
S1137200FFFF9B81310093912103638441006F2030
S1137210C02F9301F0077322008073B00180B3F193
S113722041000142638441006F20A02D7329008036
S11372301B02F01F131272011302F2FF33792201B1
S113724005425E023362220173100280D377101A62
S1137250538207E2B71100009B81F1FF9391710201
S1137260938111009391C1009381111163844100B2
S11372706F20A029D377111A538207E2B7110000B7
S11372809B81F1FF93913103938111116384410038
S11372906F20A027D377421A538207E2B711000068
S11372A09B81F1FF93913103638441006F20E025BA
S11372B0D377B51A538207E2B71100009B81F1FF1F
S11372C093913103638441006F202024732900804B
S11372D01B02F01F131272011302F2FF3379220111
S11372E001425E023362220173100280D377005A96
S11372F0538207E2B71100009B81F1FF93913103A0
S1137300638441006F20A0209301F0077322008062
S113731073B00180B3F141001302000363844100A0
S11373206F20201ED3F7015A538207E2B7110000E1
S11373309B81F1FF93913103638441006F20201DF1
S11373409301F0077322008073B00180B3F1410010
S11373500142638441006F20C01AD377035A5382D9
S113736007E2B70114009B81D13E939101019381FF
S1137370F19F9391C100938171C89391D10093813E
S11373806197638441006F2080189301F007732292
S1137390008073B00180B3F14100130210026384D2
S11373A041006F200016B78107029B8111E0939181
S11373B05102538A01F2D3070A5A538207E2B701F2
S11373C002009B81F1379391D102638441006F20C5
S11373D000149301F0077322008073B00180B3F1AD
S11373E041000142638441006F20A011B7110000E5
S11373F09B81F1FF93913103D38701F2D3170A5A8A
S1137400538207E2B70102009B81F1379391D102C5
S1137410638441006F20A00F9301F0077322008062
S113742073B00180B3F141000142638441006F20D5
S1137430400DB71100009B81F1FF93913103D38775
S113744001F2D3270A5A538207E2B70102009B8153
S1137450F1379391D102638441006F20400B930173
S1137460F0077322008073B00180B3F14100014240
S1137470638441006F20E008B71100009B81F1FF95
S113748093913103D38701F2D3370A5A538207E227
S1137490B70102009B81F1379391D10263844100CB
S11374A06F20E0069301F0077322008073B001801F
S11374B0B3F141000142638441006F208004B7119D
S11374C000009B81F1FF93913103D38701F2D347ED
S11374D00A5A538207E2B70102009B81F137939164
S11374E0D102638441006F2080029301F00773226C
S11374F0008073B00180B3F1410001426384410014
S11375006F202000732900801B02F01F13127201E8
S11375101302F2FF3379220105425E023362220133
S113752073100280D377005A538207E2B711000028
S11375309B81F1FF93917102938111009391C1009A
S113754093811111638441006F10707CD377015AC9
S1137550538207E2B71100009B81F1FF939131033D
S113756093811101638441006F10707AD3F7025A3A
S1137570538207E2B71100009B81F1FF939131031D
S1137580638441006F10B0789301F0077322008088
S113759073B00180B3F1410013020003638441001E
S11375A06F103076732900801B02F01F13127201D2
S11375B01302F2FF3379220101425E023362220197
S11375C0731002803702D142530002F037826D43B8
S11375D0D30002F0537110101B02F0FF13120202C9
S11375E0B7E1C1469B81015833E24100D30101E276
S11375F0638441006F10906F9301F0077322008041
S113760073B00180B3F141000142638441006F1003
S1137610506F3702807F1B02F2FF530002F03702E3
S1137620C03FD30002F0537110109B01F0FF9391FF
S113763001023702807FB3613200530201E26384A6
S113764041006F10B06A9301F0077322008073B099
S11376500180B3F1410013025002638441006F10B2
S1137660506A1B09900F131989011309F9FFF321BB
S11376700080B3F1210105496209336939007310AF
S11376800980537110109B01F0FF9391010237029E
S1137690807F1B02F2FFB3613200530201E2638474
S11376A041006F10B0649301F0077322008073B03F
S11376B00180B3F1410013025002638441006F1052
S11376C050641B09900F131989011309F9FFF32161
S11376D00080B3F12101094962093369390073104B
S11376E00980537110109B01F0FF9391010237023E
S11376F0807F1B02F2FFB3613200530201E2638414
S113770041006F10B05E9301F0077322008073B0E4
S11377100180B3F1410013025002638441006F10F1
S1137720505E1B09900F131989011309F9FFF32106
S11377300080B3F121010D496209336939007310E6
S11377400980537110109B01F0FF939101023702DD
S1137750807FB3613200530201E2638441006F1001
S1137760F0589301F0077322008073B00180B3F1E5
S1137770410013025002638441006F1090581B09AA
S1137780900F131989011309F9FFF3210080B3F154
S11377902101114962093369390073100980537159
S11377A010109B01F0FF939101023702807FB361B7
S11377B03200530201E2638441006F10305393019D
S11377C0F0077322008073B00180B3F1410013020B
S11377D05002638441006F10D0521B09900F13199B
S11377E089011309F9FFF3210080B3F1210115493F
S11377F062093369390073100980530110109B0129
S1137800F0FF939101023702807FB361320053028B
S113781001E2638441006F10704D9301F0077322FD
S1137820008073B00180B3F14100130250026384FD
S113783041006F10104D531110109B01F0FF9391F4
S113784001023702807F1B02F2FFB3613200530250
S113785001E2638441006F1070499301F0077322C1
S1137860008073B00180B3F14100130250026384BD
S113787041006F101049532110109B01F0FF9391A8
S113788001023702807F1B02F2FFB3613200530210
S113789001E2638441006F1070459301F007732285
S11378A0008073B00180B3F141001302500263847D
S11378B041006F101045533110109B01F0FF93915C
S11378C001023702807FB3613200530201E2638414
S11378D041006F10B0419301F0077322008073B030
S11378E00180B3F1410013025002638441006F1020
S11378F05041534110109B01F0FF93910102370254
S1137900807FB3613200530201E2638441006F104F
S1137910F03D9301F0077322008073B00180B3F14E
S1137920410013025002638441006F10903D1B0913
S1137930900F131989011309F9FFF3210080B3F1A2
S11379402101014962093369390073100980B701C3
S113795001009B81D10D9391E102538001F2B74163
S113796000009B81110193910103D38001F25371B3
S11379701012D30101E2371210001B02D26213125B
S1137980A202638441006F1010379301F007732241
S1137990008073B00180B3F141000142638441006F
S11379A06F1030361B02F0FF131242031302F2FF72
S11379B0530002F21B02F07F13123203D30002F2CF
S11379C053711012530201E29B01F0FF93914103A2
S11379D0638441006F1030329301F00773220080FA
S11379E073B00180B3F1410013025002638441007B
S11379F06F1030311B09900F131989011309F9FF16
S1137A00F3210080B3F1210105496209336939008A
S1137A107310098053711012530201E29B01F0FFAD
S1137A20939141039381F1FF638441006F10B02C63
S1137A309301F0077322008073B00180B3F1410019
S1137A4013025002638441006F10B02B1B09900F86
S1137A50131989011309F9FFF3210080B3F12101FE
S1137A60094962093369390073100980537110128E
S1137A70530201E29B01F0FF9391410363844100AF
S1137A806F1070279301F0077322008073B0018098
S1137A90B3F1410013025002638441006F10702659
S1137AA01B09900F131989011309F9FFF3210080B1
S1137AB0B3F121010D49620933693900731009805A
S1137AC053711012530201E29B01F0FF93914103A1
S1137AD09381F1FF638441006F10F0219301F0075B
S1137AE07322008073B00180B3F14100130250028D
S1137AF0638441006F10F0201B09900F1319890152
S1137B001309F9FFF3210080B3F12101114962093E
S1137B10336939007310098053711012530201E262
S1137B209B01F0FF93914103638441006F10B01CEB
S1137B309301F0077322008073B00180B3F1410018
S1137B4013025002638441006F10B01B1B09900F95
S1137B50131989011309F9FFF3210080B3F12101FD
S1137B6019496209336939007310098053011012ED
S1137B70530201E29B01F0FF9391410363844100AE
S1137B806F1070179301F0077322008073B00180A7
S1137B90B3F1410013025002638441006F10701668
S1137BA053111012530201E29B01F0FF9391410320
S1137BB09381F1FF638441006F10F0139301F00788
S1137BC07322008073B00180B3F1410013025002AC
S1137BD0638441006F10F01253211012530201E22A
S1137BE09B01F0FF93914103638441006F10B01037
S1137BF09301F0077322008073B00180B3F1410058
S1137C0013025002638441006F10B00F53311012FD
S1137C10530201E29B01F0FF939141039381F1FF31
S1137C20638441006F10300D9301F00773220080CC
S1137C3073B00180B3F14100130250026384410028
S1137C406F10300C53411012530201E29B01F0FFFC
S1137C5093914103638441006F10F0099301F0078D
S1137C607322008073B00180B3F14100130250020B
S1137C70638441006F10F008B700807F9B80E0FFB1
S1137C80538000F0B700803FD38000F0B70000734A
S1137C90538100F01B09900F131989011309F9FF8F
S1137CA0F3210080B3F121010149620933693900EC
S1137CB073100980C3F100109301F0077322008050
S1137CC073B00180B3F141001302100263844100D8
S1137CD06F1030039B01F0FF939101023702807F04
S1137CE01B02E2FFB3613200538201E2638441006C
S1137CF06F10E07F1B09900F131989011309F9FF15
S1137D00F3210080B3F12101054962093369390087
S1137D1073100980C3F100109301F00773220080EF
S1137D2073B00180B3F14100130210026384410077
S1137D306F10207D9B01F0FF939101023702807F39
S1137D401B02E2FFB3613200538201E2638441000B
S1137D506F10E0791B09900F131989011309F9FFBA
S1137D60F3210080B3F12101094962093369390023
S1137D7073100980C3F100109301F007732200808F
S1137D8073B00180B3F14100130210026384410017
S1137D906F1020779B01F0FF939101023702807FDF
S1137DA01B02E2FFB3613200538201E263844100AB
S1137DB06F10E0731B09900F131989011309F9FF60
S1137DC0F3210080B3F121010D49620933693900BF
S1137DD073100980C3F100109301F007732200802F
S1137DE073B00180B3F141001302100263844100B7
S1137DF06F1020719B01F0FF939101023702807F85
S1137E001B02F2FFB3613200538201E2638441003A
S1137E106F10E06D1B09900F131989011309F9FF05
S1137E20F3210080B3F1210111496209336939005A
S1137E3073100980C3F100109301F00773220080CE
S1137E4073B00180B3F14100130210026384410056
S1137E506F10206B9B01F0FF939101023702807F2A
S1137E601B02F2FFB3613200538201E263844100DA
S1137E706F10E0671B09900F131989011309F9FFAB
S1137E80F3210080B3F121011D49620933693900EE
S1137E9073100980C38100109301F00773220080DE
S1137EA073B00180B3F141001302100263844100F6
S1137EB06F1020659B01F0FF939101023702807FD0
S1137EC01B02E2FFB3613200538201E2638441008A
S1137ED06F10E061C39100109301F00773220080DA
S1137EE073B00180B3F141001302100263844100B6
S1137EF06F1020619B01F0FF939101023702807F94
S1137F001B02E2FFB3613200538201E26384410049
S1137F106F10E05DC3A100109301F007732200808D
S1137F2073B00180B3F14100130210026384410075
S1137F306F10205D9B01F0FF939101023702807F57
S1137F401B02E2FFB3613200538201E26384410009
S1137F506F10E059C3B100109301F0077322008041
S1137F6073B00180B3F14100130210026384410035
S1137F706F1020599B01F0FF939101023702807F1B
S1137F801B02F2FFB3613200538201E263844100B9
S1137F906F10E055C3C100109301F00773220080F5
S1137FA073B00180B3F141001302100263844100F5
S1137FB06F1020559B01F0FF939101023702807FDF
S1137FC01B02F2FFB3613200538201E26384410079
S1137FD06F10E0519B01F07F939141039381E1FF86
S1137FE0538001F29B01F03F93914103D38001F24E
S1137FF09B01907C93914103538101F21B09900FE3
S1138000131989011309F9FFF3210080B3F1210148
S1138010014962093369390073100980C3F1001200
S11380209301F0077322008073B00180B3F1410023
S113803013021002638441006F10A04CD38101E24B
S11380401B02F07F131242031302E2FF6384410018
S11380506F10804A1B09900F131989011309F9FF46
S1138060F3210080B3F12101054962093369390024
S113807073100980C3F100129301F007732200808A
S113808073B00180B3F14100130210026384410014
S11380906F102047D38101E21B02F07F13124203C9
S11380A01302E2FF638441006F1000451B09900F27
S11380B0131989011309F9FFF3210080B3F1210198
S11380C0094962093369390073100980C3F1001248
S11380D09301F0077322008073B00180B3F1410073
S11380E013021002638441006F10A041D38101E2A6
S11380F01B02F07F131242031302E2FF6384410068
S11381006F10803F1B09900F131989011309F9FFA0
S1138110F3210080B3F121010D496209336939006B
S113812073100980C3F100129301F00773220080D9
S113813073B00180B3F14100130210026384410063
S11381406F10203CD38101E21B02F07F1312420323
S11381501302F2FF638441006F10003A1B09900F71
S1138160131989011309F9FFF3210080B3F12101E7
S1138170114962093369390073100980C3F100128F
S11381809301F0077322008073B00180B3F14100C2
S113819013021002638441006F10A036D38101E200
S11381A01B02F07F131242031302F2FF63844100A7
S11381B06F1080341B09900F131989011309F9FFFB
S11381C0F3210080B3F121011949620933693900AF
S11381D073100980C38100129301F0077322008099
S11381E073B00180B3F141001302100263844100B3
S11381F06F102031D38101E21B02F07F131242037E
S11382001302E2FF638441006F10002FC391001238
S11382109301F0077322008073B00180B3F1410031
S113822013021002638441006F10A02DD38101E278
S11382301B02F07F131242031302E2FF6384410026
S11382406F10802BC3A100129301F00773220080EA
S113825073B00180B3F14100130210026384410042
S11382606F10202AD38101E21B02F07F1312420314
S11382701302E2FF638441006F100028C3B10012AF
S11382809301F0077322008073B00180B3F14100C1
S113829013021002638441006F10A026D38101E20F
S11382A01B02F07F131242031302F2FF63844100A6
S11382B06F108024C3C100129301F0077322008061
S11382C073B00180B3F141001302100263844100D2
S11382D06F102023D38101E21B02F07F13124203AB
S11382E01302F2FF638441006F100021B700807F06
S11382F09B80E0FF538000F0B700803FD38000F004
S11383009B00300F93908001538100F01B09900F64
S1138310131989011309F9FFF3210080B3F1210135
S1138320014962093369390073100980C7F10010EB
S11383309301F0077322008073B00180B3F1410010
S113834013021002638441006F10A01B9B01F0FF15
S1138350939101023702807F1B02E2FFB361320076
S1138360538201E2638441006F1080181B09900F4F
S1138370131989011309F9FFF3210080B3F12101D5
S1138380054962093369390073100980C7F1001087
S11383909301F0077322008073B00180B3F14100B0
S11383A013021002638441006F10A0159B01F0FFBB
S11383B0939101023702807F1B02E2FFB361320016
S11383C0538201E2638441006F1080121B09900FF5
S11383D0131989011309F9FFF3210080B3F1210175
S11383E0094962093369390073100980C7F1001023
S11383F09301F0077322008073B00180B3F1410050
S113840013021002638441006F10A00F9B01F0FF60
S1138410939101023702807F1B02E2FFB3613200B5
S1138420538201E2638441006F10800C1B09900F9A
S1138430131989011309F9FFF3210080B3F1210114
S11384400D4962093369390073100980C7F10010BE
S11384509301F0077322008073B00180B3F14100EF
S113846013021002638441006F10A0099B01F0FF06
S1138470939101023702807F1B02F2FFB361320045
S1138480538201E2638441006F1080061B09900F40
S1138490131989011309F9FFF3210080B3F12101B4
S11384A0114962093369390073100980C7F100105A
S11384B09301F0077322008073B00180B3F141008F
S11384C013021002638441006F10A0039B01F0FFAC
S11384D0939101023702807F1B02F2FFB3613200E5
S11384E0538201E2638441006F1080001B09900FE6
S11384F0131989011309F9FFF3210080B3F1210154
S1138500014962093369390073100980C781001079
S11385109301F0077322008073B00180B3F141002E
S113852013021002E39F417C9B01F0FF939101022F
S11385303702807F1B02E2FFB3613200538201E203
S1138540E398417AC79100109301F00773220080E9
S113855073B00180B3F1410013021002E393417A36
S11385609B01F0FF939101023702807F1B02E2FF1F
S1138570B3613200538201E2E39C4176C7A100104B
S11385809301F0077322008073B00180B3F14100BE
S113859013021002E39741769B01F0FF93910102CD
S11385A03702807F1B02E2FFB3613200538201E293
S11385B0E3904174C7B100109301F0077322008067
S11385C073B00180B3F1410013021002E39B4172C6
S11385D09B01F0FF939101023702807F1B02F2FF9F
S11385E0B3613200538201E2E3944170C7C10010C9
S11385F09301F0077322008073B00180B3F141004E
S113860013021002E39F416E9B01F0FF939101025C
S11386103702807F1B02F2FFB3613200538201E212
S1138620E398416C1B09900F131989011309F9FF91
S1138630F3210080B3F12101014962093369390052
S1138640731009809B01F07F939141039381E1FFB3
S1138650538001F29B01F03F93914103D38001F2D7
S11386609B0190FC93914103538101F2C7F10012E5
S11386709301F0077322008073B00180B3F14100CD
S113868013021002E39F4166D38101E21B02F07FD3
S1138690131242031302E2FFE39141661B09900F98
S11386A0131989011309F9FFF3210080B3F12101A2
S11386B0054962093369390073100980C7F1001252
S11386C09301F0077322008073B00180B3F141007D
S11386D013021002E3974162D38101E21B02F07F8F
S11386E0131242031302E2FFE39941601B09900F46
S11386F0131989011309F9FFF3210080B3F1210152
S1138700094962093369390073100980C7F10012FD
S11387109301F0077322008073B00180B3F141002C
S113872013021002E39F415CD38101E21B02F07F3C
S1138730131242031302E2FFE391415C1B09900F01
S1138740131989011309F9FFF3210080B3F1210101
S11387500D4962093369390073100980C7F10012A9
S11387609301F0077322008073B00180B3F14100DC
S113877013021002E3974158D38101E21B02F07FF8
S1138780131242031302F2FFE39941561B09900F9F
S1138790131989011309F9FFF3210080B3F12101B1
S11387A0114962093369390073100980C7F1001255
S11387B09301F0077322008073B00180B3F141008C
S11387C013021002E39F4152D38101E21B02F07FA6
S11387D0131242031302F2FFE39141521B09900F5B
S11387E0131989011309F9FFF3210080B3F1210161
S11387F0154962093369390073100980C781001271
S11388009301F0077322008073B00180B3F141003B
S113881013021002E397414ED38101E21B02F07F61
S1138820131242031302E2FFE399414CC791001271
S11388309301F0077322008073B00180B3F141000B
S113884013021002E39F414AD38101E21B02F07F2D
S1138850131242031302E2FFE391414AC7A100123B
S11388609301F0077322008073B00180B3F14100DB
S113887013021002E3974148D38101E21B02F07F07
S1138880131242031302E2FFE3994146C7B10012F7
S11388909301F0077322008073B00180B3F14100AB
S11388A013021002E39F4144D38101E21B02F07FD3
S11388B0131242031302F2FFE3914144C7C10012B1
S11388C09301F0077322008073B00180B3F141007B
S11388D013021002E3974142D38101E21B02F07FAD
S11388E0131242031302F2FFE3994140B700807F61
S11388F09B80E0FF538000F0B700803FD38000F0FE
S1138900B7000073538100F01B09900F13198901FC
S11389101309F9FFF3210080B3F121010149620930
S113892033693900731009804FF200109301F00786
S11389307322008073B00180B3F14100130210026E
S1138940E391413C9B01F0FF939101021B02F01F54
S1138950131272011302E2FFB3613200530202E206
S1138960E39A41381B09900F131989011309F9FF80
S1138970F3210080B3F1210105496209336939000B
S1138980731009804FF200109301F00773220080E6
S113899073B00180B3F1410013021002E393413636
S11389A09B01F0FF939101021B02F01F131272014D
S11389B01302E2FFB3613200530202E2E39C41324C
S11389C01B09900F131989011309F9FFF321008082
S11389D0B3F121010949620933693900731009802F
S11389E04FF200109301F0077322008073B00180EE
S11389F0B3F1410013021002E39541309B01F0FFF3
S1138A00939101021B02F01F131272011302F2FF71
S1138A10B3613200530202E2E39E412C1B09900F22
S1138A20131989011309F9FFF3210080B3F121011E
S1138A300D49620933693900731009804FF200103F
S1138A409301F0077322008073B00180B3F14100F9
S1138A5013021002E397412A9B01F0FF9391010254
S1138A601B02F01F131272011302E2FFB361320002
S1138A70530202E2E39041281B09900F1319890164
S1138A801309F9FFF3210080B3F1210111496209AF
S1138A9033693900731009804FF200109301F00715
S1138AA07322008073B00180B3F1410013021002FD
S1138AB0E39941249B01F0FF939101021B02F01FF3
S1138AC0131272011302F2FFB3613200530202E285
S1138AD0E39241221B09900F131989011309F9FF2D
S1138AE0F3210080B3F12101194962093369390086
S1138AF0731009804F8200109301F00773220080E5
S1138B0073B00180B3F1410013021002E39B411ED4
S1138B109B01F0FF939101021B02F01F13127201DB
S1138B201302E2FFB3613200530202E2E394411CF8
S1138B304F9200109301F0077322008073B00180FC
S1138B40B3F1410013021002E39D411A9B01F0FFAF
S1138B50939101021B02F01F131272011302E2FF30
S1138B60B3613200530202E2E39641184FA20010AF
S1138B709301F0077322008073B00180B3F14100C8
S1138B8013021002E39F41169B01F0FF939101022F
S1138B901B02F01F131272011302F2FFB3613200C1
S1138BA0530202E2E39841144FB200109301F0071C
S1138BB07322008073B00180B3F1410013021002EC
S1138BC0E39141149B01F0FF939101021B02F01FFA
S1138BD0131272011302E2FFB3613200530202E284
S1138BE0E39A41104FC200109301F00773220080F2
S1138BF073B00180B3F1410013021002E3934110FA
S1138C009B01F0FF939101021B02F01F13127201EA
S1138C101302F2FFB3613200530202E2E39C410CFF
S1138C201B09900F131989011309F9FFF32100801F
S1138C30B3F12101014962093369390073100980D4
S1138C409B01F07F939141039381E1FF538001F2F3
S1138C509B01F03F93914103D38001F29B01907CEF
S1138C6093914103538101F24FF200129301F007F3
S1138C707322008073B00180B3F14100130210022B
S1138C80E3914108D30102E21B02F0FF13124203F5
S1138C901302E2FFE39441061B09900F13198901A3
S1138CA01309F9FFF3210080B3F121010549620999
S1138CB033693900731009804FF200129301F007F1
S1138CC07322008073B00180B3F1410013021002DB
S1138CD0E3994102D30102E21B02F0FF13124203A3
S1138CE01302E2FFE39C41001B09900F1319890151
S1138CF01309F9FFF3210080B3F121010949620945
S1138D0033693900731009804FF200129301F007A0
S1138D107322008073B00180B3F14100130210028A
S1138D206391417ED30102E21B02F0FF131242035E
S1138D301302F2FF6394417C1B09900F13198901FC
S1138D401309F9FFF3210080B3F121010D496209F0
S1138D5033693900731009804FF200129301F00750
S1138D607322008073B00180B3F14100130210023A
S1138D7063994178D30102E21B02F0FF131242030C
S1138D801302E2FF639C41761B09900F13198901BA
S1138D901309F9FFF3210080B3F12101114962099C
S1138DA033693900731009804FF200129301F00700
S1138DB07322008073B00180B3F1410013021002EA
S1138DC063914174D30102E21B02F0FF13124203C8
S1138DD01302F2FF639441721B09900F1319890166
S1138DE01309F9FFF3210080B3F121011D49620940
S1138DF033693900731009804F8200129301F00720
S1138E007322008073B00180B3F141001302100299
S1138E106399416ED30102E21B02F0FF1312420375
S1138E201302E2FF639C416C4F9200129301F0071E
S1138E307322008073B00180B3F141001302100269
S1138E406391416CD30102E21B02F0FF131242034F
S1138E501302E2FF6394416A4FA200129301F007E8
S1138E607322008073B00180B3F141001302100239
S1138E7063994168D30102E21B02F0FF131242031B
S1138E801302F2FF639C41664FB200129301F00794
S1138E907322008073B00180B3F141001302100209
S1138EA063914166D30102E21B02F0FF13124203F5
S1138EB01302E2FF639441644FC200129301F0076E
S1138EC07322008073B00180B3F1410013021002D9
S1138ED063994162D30102E21B02F0FF13124203C1
S1138EE01302F2FF639C41601B09900F131989015F
S1138EF01309F9FFF3200080B3F02001014962094E
S1138F003369190073100980B700807F9B80E0FFEC
S1138F10538000F0B700803FD38000F09B00300FF7
S1138F2093908001538100F04BF200109301F007FD
S1138F307322008073B00180B3F141001302100268
S1138F406391415C9B01F0FF939101021B02F01FAE
S1138F50131272011302E2FFB3613200530202E200
S1138F60639A41581B09900F131989011309F9FFDA
S1138F70F3210080B3F12101054962093369390005
S1138F80731009804BF200109301F00773220080E4
S1138F9073B00180B3F14100130210026393415690
S1138FA09B01F0FF939101021B02F01F1312720147
S1138FB01302E2FFB3613200530202E2639C4152A6
S1138FC01B09900F131989011309F9FFF32100807C
S1138FD0B3F1210109496209336939007310098029
S1138FE04BF200109301F0077322008073B00180EC
S1138FF0B3F1410013021002639541509B01F0FF4D
S1139000939101021B02F01F131272011302F2FF6B
S1139010B3613200530202E2639E414C1B09900F7C
S1139020131989011309F9FFF3210080B3F1210118
S11390300D49620933693900731009804BF200103D
S11390409301F0077322008073B00180B3F14100F3
S1139050130210026397414A9B01F0FF93910102AE
S11390601B02F01F131272011302E2FFB3613200FC
S1139070530202E2639041481B09900F13198901BE
S11390801309F9FFF3210080B3F1210111496209A9
S113909033693900731009804BF200109301F00713
S11390A07322008073B00180B3F1410013021002F7
S11390B0639941449B01F0FF939101021B02F01F4D
S11390C0131272011302F2FFB3613200530202E27F
S11390D0639241421B09900F131989011309F9FF87
S11390E0F3210080B3F12101154962093369390084
S11390F0731009804B8200109301F00773220080E3
S113910073B00180B3F1410013021002639B413E2E
S11391109B01F0FF939101021B02F01F13127201D5
S11391201302E2FFB3613200530202E26394413C52
S11391304B9200109301F0077322008073B00180FA
S1139140B3F1410013021002639D413A9B01F0FF09
S1139150939101021B02F01F131272011302E2FF2A
S1139160B3613200530202E2639641384BA200100D
S11391709301F0077322008073B00180B3F14100C2
S113918013021002639F41369B01F0FF9391010289
S11391901B02F01F131272011302F2FFB3613200BB
S11391A0530202E2639841344BB200109301F0077A
S11391B07322008073B00180B3F1410013021002E6
S11391C0639141349B01F0FF939101021B02F01F54
S11391D0131272011302E2FFB3613200530202E27E
S11391E0639A41304BC200109301F0077322008050
S11391F073B00180B3F14100130210026393413054
S11392009B01F0FF939101021B02F01F13127201E4
S11392101302F2FFB3613200530202E2639C412C59
S11392201B09900F131989011309F9FFF321008019
S1139230B3F12101014962093369390073100980CE
S11392409B01F07F939141039381E1FF538001F2ED
S11392509B01F0BF93914103D38001F29B01907C69
S113926093914103538101F24BF200129301F007F1
S11392707322008073B00180B3F141001302100225
S113928063914128D30102E21B02F07F13124203CF
S11392901302E2FF639541261B09900F13198901FC
S11392A01309F9FFF3210080B3F121010549620993
S11392B033693900731009804BF200129301F007EF
S11392C07322008073B00180B3F1410013021002D5
S11392D063994122D30102E21B02F07F131242037D
S11392E01302E2FF639D41201B09900F13198901AA
S11392F01309F9FFF3210080B3F12101094962093F
S113930033693900731009804BF200129301F0079E
S11393107322008073B00180B3F141001302100284
S11393206391411ED30102E21B02F07F1312420338
S11393301302E2FF6395411C1B09900F1319890165
S11393401309F9FFF3210080B3F121010D496209EA
S113935033693900731009804BF200129301F0074E
S11393607322008073B00180B3F141001302100234
S113937063994118D30102E21B02F07F13124203E6
S11393801302F2FF639D41161B09900F1319890103
S11393901309F9FFF3210080B3F121011149620996
S11393A033693900731009804BF200129301F007FE
S11393B07322008073B00180B3F1410013021002E4
S11393C063914114D30102E21B02F07F13124203A2
S11393D01302F2FF639541121B09900F13198901BF
S11393E01309F9FFF3210080B3F121011D4962093A
S11393F033693900731009804B8200129301F0071E
S11394007322008073B00180B3F141001302100293
S11394106399410ED30102E21B02F07F131242034F
S11394201302E2FF639D410C4B9200129301F0077B
S11394307322008073B00180B3F141001302100263
S11394406391410CD30102E21B02F07F1312420329
S11394501302E2FF6395410A4BA200129301F00745
S11394607322008073B00180B3F141001302100233
S113947063994108D30102E21B02F07F13124203F5
S11394801302E2FF639D41064BB200129301F00701
S11394907322008073B00180B3F141001302100203
S11394A063914106D30102E21B02F07F13124203CF
S11394B01302F2FF639541044BC200129301F007BB
S11394C07322008073B00180B3F1410013021002D3
S11394D063994102D30102E21B02F07F131242039B
S11394E01302F2FF639D410035A891A089A081A0D9
S11394F03DA835A82DA825A81DA815A80DA805A820
S11395003DA035A02DA025A01DA015A00DA005A04F
S113951039A831A829A821A819A811A809A801A81F
S113952039A031A09770FFFF938060BA8280977052
S1139530FFFF938040BC8280000000000000000018
S1059540000025
S9030000FC
