S013000063745F6670755F736D6F6B652E6865787A
S214000000B701400073A0017C996173A00130B7016D
S214000010800073A00130A16173A0017CB7816300EA
S21400002073A0017C73E0307F814001418141014231
S2140000308142014381430144814401458145014693
S2140000408146014781470148814801498149014A63
S214000050814A014B814B014C814C014D814D014E33
S214000060814E014F814FF32140F1054217E10E000A
S214000070130141F9970100009381E1097390513013
S214000080A14173A00130B70107009B81310173A025
S214000090217CB71100009B81F11F73A0117CB71162
S2140000A000009B81F11F73A0117CB7E106009B81C5
S2140000B0C13073A0517C9B0170009391D101938154
S2140000C0910073A0317CEF00A05B13050000930045
S2140000D0A0051301B0069301C0070B008001B741CD
S2140000E044009B8131339391C100938121223302D6
S2140000F03000130500009300C0021301B0030B008C
S2140001008001B70147009B8191469391F10093814E
S21400011001723DA085A0010001000100A1A8010018
S21400012091A8010081A8010001000100A1A0010022
S21400013091A0010081A001000100010025A855BF83
S214000140232ED1FE232CE1FE232AF1FE7327203432
S2140001509377F77F6D93418B3E970E0797070000C6
S2140001609387472ABA9798438326C1FF832741FF80
S21400017071170287232ED1FE232CE1FE232AF1FEDF
S214000180732720349377F77F6D93418B3E970E0746
S2140001909707000093870727BA9798438326C1FFDF
S2140001A0832741FF71170287130000001300000029
S2140001B013000000130000001300000013000000EE
S2140001C013000000130000001300000013000000DE
S2140001D013000000130000001300000013000000CE
S2140001E013000000130000001300000013000000BE
S2140001F013000000130000001300000013000000AE
S214000200130000001300000013000000130000009D
S214000210130000001300000013000000130000008D
S214000220130000001300000013000000130000007D
S214000230130000001300000013000000130000006D
S214000240130000001300000013000000130000005D
S214000250130000001300000013000000130000004D
S214000260130000001300000013000000130000003D
S214000270130000001300000013000000130000002D
S214000280130000001300000013000000130000001D
S214000290130000001300000013000000130000000D
S2140002A013000000130000001300000013000000FD
S2140002B013000000130000001300000013000000ED
S2140002C013000000130000001300000013000000DD
S2140002D013000000130000001300000013000000CD
S2140002E013000000130000001300000013000000BD
S2140002F013000000130000001300000013000000AD
S214000300130000001300000013000000130000009C
S214000310130000001300000013000000130000008C
S214000320130000001300000013000000130000007C
S214000330130000001300000013000000130000006C
S214000340130000001300000013000000130000005C
S214000350130000001300000013000000130000004C
S214000360130000001300000013000000130000003C
S214000370130000001300000013000000130000002C
S214000380130000001300000013000000130000001C
S214000390130000001300000013000000130000000C
S2140003A013000000130000001300000013000000FC
S2140003B013000000130000001300000013000000EC
S2140003C013000000130000001300000013000000DC
S2140003D013000000130000001300000013000000CC
S2140003E013000000130000001300000013000000BC
S2140003F013000000130000001300000013000000AC
S214000400F2000000F2000000F2000000F20000001F
S214000410F2000000F2000000F2000000F20000000F
S214000420F2000000F2000000F2000000F2000000FF
S214000430F2000000F2000000F2000000F2000000EF
S214000440F2000000F2000000F2000000F2000000DF
S214000450F2000000F2000000F2000000F2000000CF
S214000460F2000000F2000000F2000000F2000000BF
S214000470F2000000F2000000F2000000F2000000AF
S214000480F2000000F2000000F2000000F20000009F
S214000490F2000000F2000000F2000000F20000008F
S2140004A0F2000000F2000000F2000000F20000007F
S2140004B0F2000000F2000000F2000000F20000006F
S2140004C0F2000000F2000000F2000000F20000005F
S2140004D0F2000000F2000000F2000000F20000004F
S2140004E0F2000000F2000000F2000000F20000003F
S2140004F0F2000000F2000000F2000000F20000002F
S214000500F2000000F2000000F2000000F20000001E
S214000510F2000000F2000000F2000000F20000000E
S214000520F2000000F2000000F2000000F2000000FE
S214000530F2000000F2000000F2000000F2000000EE
S214000540F2000000F2000000F2000000F2000000DE
S214000550F2000000F2000000F2000000F2000000CE
S214000560F2000000F2000000F2000000F2000000BE
S214000570F2000000F2000000F2000000F2000000AE
S214000580F2000000F2000000F2000000F20000009E
S214000590F2000000F2000000F2000000F20000008E
S2140005A0F2000000F2000000F2000000F20000007E
S2140005B0F2000000F2000000F2000000F20000006E
S2140005C0F2000000F2000000F2000000F20000005E
S2140005D0F2000000F2000000F2000000F20000004E
S2140005E0F2000000F2000000F2000000F20000003E
S2140005F0F2000000F2000000F2000000F20000002E
S21400060000000000000000000000000000000000E5
S21400061000000000000000000000000000000000D5
S21400062000000000000000000000000000000000C5
S21400063000000000000000000000000000000000B5
S21400064000000000000000000000000000000000A5
S2140006500000000000000000000000000000000095
S2140006600000000000000000000000000000000085
S2140006700000000000000000000000000000000075
S2140006801B09900F131989011309F9FF73220080C3
S21400069033722201014962093369490073100980E7
S2140006A0374200001B02F23FB70101009B81F1FFB9
S2140006B09391010133623200530202F01562B701D2
S2140006C001009B81F1FF9391010133623200D30355
S2140006D002F08141B70101009B81F1FF9391010176
S2140006E0B3E13100538601F053767204C17137527C
S2140006F000001B020208B3613200530206E2638464
S21400070041006F80F05F9301F0037322008073B0A6
S2140007100180B3F1410013021002638441006F8030
S214000720D05C1B09900F131989011309F9FF732276
S214000730008033722201054962093369490073104B
S21400074009808141B70101009B81F1FF939101016E
S214000750B3E13100538601F053767204C17137520B
S21400076000001B02F207B3613200530206E2638404
S21400077041006F80F0589301F0037322008073B03D
S2140007800180B3F1410013021002638441006F80C0
S214000790D0551B09900F131989011309F9FF73220D
S2140007A000803372220109496209336949007310D7
S2140007B009808141B70101009B81F1FF93910101FE
S2140007C0B3E13100538601F053767204C17137529B
S2140007D000001B02F207B3613200530206E2638494
S2140007E041006F80F0519301F0037322008073B0D4
S2140007F00180B3F1410013021002638441006F8050
S214000800D04E1B09900F131989011309F9FF7322A3
S2140008100080337222010D49620933694900731062
S21400082009808141B70101009B81F1FF939101018D
S214000830B3E13100538601F053767204C17137522A
S21400084000001B020208B3613200530206E2638412
S21400085041006F80F04A9301F0037322008073B06A
S2140008600180B3F1410013021002638441006F80DF
S214000870D0471B09900F131989011309F9FF73223A
S21400088000803372220111496209336949007310EE
S21400089009808141B70101009B81F1FF939101011D
S2140008A0B3E13100538601F053767204C1713752BA
S2140008B000001B020208B3613200530206E26384A2
S2140008C041006F80F0439301F0037322008073B001
S2140008D00180B3F1410013021002638441006F806F
S2140008E0D040374200001B02F23FB70101009B8157
S2140008F0F1FF9391010133623200D30002F01562DA
S214000900B70101009B81F1FF939101013362320030
S214000910530102F0D3812004C171375200001B023C
S2140009200208B3613200538201E2638441006F80A3
S214000930303D9301F0037322008073B00180B3F161
S214000940410013021002638441006F80103AD39175
S2140009502004C171375200001B02F207B361320057
S214000960538201E2638441006F8090399301F00363
S2140009707322008073B00180B3F1410013021002AD
S214000980638441006F807036D3A12004C171375252
S21400099000001B02F207B3613200538201E2638457
S2140009A041006F80F0359301F0037322008073B02E
S2140009B00180B3F1410013021002638441006F808E
S2140009C0D032D3B12004C171375200001B02020896
S2140009D0B3613200538201E2638441006F8050327B
S2140009E09301F0037322008073B00180B3F14100DD
S2140009F013021002638441006F80302FD3C120049D
S214000A00C171375200001B020208B36132005382E4
S214000A1001E2638441006F80B02E9301F0037322DD
S214000A20008073B00180B3F14100130210026384AA
S214000A3041006F80902B1B09900F13198901130931
S214000A40F9FF73220080337222010149620933697B
S214000A50490073100980378200001B02F2BFB701FD
S214000A6001009B81F1FF9391010133623200530232
S214000A7002F0378200001B02F2BFB70101009B8123
S214000A80F1FF9391010133623200D30302F08141FA
S214000A90B70101009B81F1FF93910101B3E13100A1
S214000AA0538601F053767204C171378200001B0230
S214000AB002C0B3613200530206E2638441006F80D5
S214000AC030249301F0037322008073B00180B3F1E9
S214000AD0410013025002638441006F8010211B09FD
S214000AE0900F131989011309F9FF732200803372DE
S214000AF0220101496209336949007310098037826F
S214000B0000001B0212C0B70101009B81F1FF939108
S214000B10010133623200530202F0378200001B02EA
S214000B20F2BFB70101009B81F1FF9391010133628F
S214000B303200D30302F08141B70101009B81F1FF2F
S214000B4093910101B3E13100538601F053767204AC
S214000B50C171378200001B0202E0B361320053020B
S214000B6006E2638441006F80B0199301F00373229C
S214000B70008073B00180B3F1410013020003638468
S214000B8041006F80901637C200001B02F23FB7018B
S214000B9001009B81F1FF9391010133623200530201
S214000BA002F01562B70101009B81F1FF93910101EC
S214000BB033623200D30302F01B09900F1319890128
S214000BC01309F9FF7322008033722201014962097A
S214000BD03369490073100980D3F1430CC171375251
S214000BE000001B020208B3613200538201E26384F4
S214000BF041006F80F0109301F0037322008073B001
S214000C000180B3F1410013021002638441006F803B
S214000C10D00D1B09900F131989011309F9FF7322D0
S214000C200080337222010549620933694900731056
S214000C300980D3F1430CC171375200001B02F20742
S214000C40B3613200538201E2638441006F80500B2F
S214000C509301F0037322008073B00180B3F141006A
S214000C6013021002638441006F8030081B09900F46
S214000C70131989011309F9FF7322008033722201C8
S214000C80094962093369490073100980D3F1430C9E
S214000C90C171375200001B02F207B3613200538263
S214000CA001E2638441006F80B0059301F003732274
S214000CB0008073B00180B3F1410013021002638418
S214000CC041006F8090021B09900F131989011309C8
S214000CD0F9FF73220080337222010D4962093369DD
S214000CE0490073100980D3F1430CC17137520000DC
S214000CF01B020208B3613200538201E263844100A2
S214000D006F8010009301F0037322008073B001809F
S214000D10B3F1410013021002638441006F80E07C4F
S214000D201B09900F131989011309F9FF732200801C
S214000D303372220111496209336949007310098030
S214000D40D3F1430CC171375200001B020208B36195
S214000D503200538201E2638441006F80607A93011F
S214000D60F0037322008073B00180B3F141001302D8
S214000D701002638441006F80407737C200001B0278
S214000D80F23FB70101009B81F1FF939101013362AD
S214000D903200D30002F01562B70101009B81F1FF1B
S214000DA09391010133623200530102F0D301110C1A
S214000DB0C171375200001B020208B3613200538231
S214000DC001E2638441006F80A0739301F0037322F5
S214000DD0008073B00180B3F14100130210026384F7
S214000DE041006F808070D311110CC1713752000022
S214000DF01B02F207B3613200538201E263844100B2
S214000E006F8000709301F0037322008073B001803E
S214000E10B3F1410013021002638441006F80E06C5E
S214000E20D321110CC171375200001B02F207B361C7
S214000E303200538201E2638441006F80606C93014C
S214000E40F0037322008073B00180B3F141001302F7
S214000E501002638441006F804069D331110CC17168
S214000E60375200001B020208B3613200538201E2CF
S214000E70638441006F80C0689301F0037322008092
S214000E8073B00180B3F14100130210026384410085
S214000E906F80A065D341110CC171375200001B0250
S214000EA00208B3613200538201E2638441006F801E
S214000EB020659301F0037322008073B00180B3F1C4
S214000EC0410013021002638441006F8000621B0918
S214000ED0900F131989011309F9FF732200803372EA
S214000EE022010149620933694900731009803702FB
S214000EF001001B02F2BFB70101009B81F1FF939135
S214000F00010133623200530202F0378200001B02F6
S214000F10F2BFB70101009B81F1FF9391010133629B
S214000F203200D30302F0D3F1430CC17137820000C4
S214000F301B0202C0B3613200538201E263844100A7
S214000F406F80005C9301F0037322008073B0018011
S214000F50B3F1410013025002638441006F80E058F1
S214000F601B09900F131989011309F9FF73220080DA
S214000F7033722201014962093369490073100980FE
S214000F80378200001B0212C0B70101009B81F1FFEF
S214000F909391010133623200530202F0378200005F
S214000FA01B02F2BFB70101009B81F1FF9391010183
S214000FB033623200D30302F0D3F1430CC17137829F
S214000FC000001B0202E0B3613200538201E2638438
S214000FD041006F80E0529301F0037322008073B0EB
S214000FE00180B3F1410013020003638441006F8067
S214000FF0C04F373200001B020240B70101009B8140
S214001000F1FF9391010133623200530202F03D4238
S214001010B70101009B81F1FF939101013362320019
S214001020D30302F01B09900F131989011309F9FF66
S2140010307322008033722201014962093369490034
S21400104073100980D3F14314C1711142B3613200A9
S214001050538201E2638441006F80804A9301F0036B
S2140010607322008073B00180B3F141001302300296
S214001070638441006F8060471B09900F1319890134
S2140010801309F9FF732200803372220105496209B1
S2140010903369490073100980D3F14314C1710D42BE
S2140010A0B3613200538201E2638441006F804045A1
S2140010B09301F0037322008073B00180B3F1410006
S2140010C013023002638441006F8020421B09900F98
S2140010D0131989011309F9FF732200803372220164
S2140010E0094962093369490073100980D3F1431432
S2140010F0C1710D42B3613200538201E26384410044
S2140011006F8000409301F0037322008073B001806B
S214001110B3F1410013023002638441006F80E03C6B
S2140011201B09900F131989011309F9FF7322008018
S214001130337222010D496209336949007310098030
S214001140D3F14314C1711142B3613200538201E2FC
S214001150638441006F80C03A9301F00373220080DD
S21400116073B00180B3F14100130230026384410082
S2140011706F80A0371B09900F131989011309F9FF17
S21400118073220080337222011149620933694900D3
S21400119073100980D3F14314C1711142B361320058
S2140011A0538201E2638441006F8080359301F0032F
S2140011B07322008073B00180B3F141001302300245
S2140011C0638441006F806032373200001B020240A9
S2140011D0B70101009B81F1FF939101013362320058
S2140011E0D30002F03D42B70101009B81F1FF9391CD
S2140011F0010133623200530102F0D3011114C171B0
S2140012001142B3613200538201E2638441006F8071
S214001210202F9301F0037322008073B00180B3F196
S214001220410013023002638441006F80002CD3110A
S2140012301114C1710D42B3613200538201E263841E
S21400124041006F80E02B9301F0037322008073B09F
S2140012500180B3F1410013023002638441006F80C5
S214001260C028D3211114C1710D42B36132005382DC
S21400127001E2638441006F80A0289301F00373228B
S214001280008073B00180B3F1410013023002638422
S21400129041006F808025D3311114C1711142B361B2
S2140012A03200538201E2638441006F80602593011F
S2140012B0F0037322008073B00180B3F14100130283
S2140012C03002638441006F804022D3411114C17103
S2140012D01142B3613200538201E2638441006F80A1
S2140012E020229301F0037322008073B00180B3F1D3
S2140012F0410013023002638441006F80001F1B0907
S214001300900F131989011309F9FF732200803372B5
S2140013102201014962093369490073100980378246
S21400132000001B02F2BFB70101009B81F1FF939101
S214001330010133623200530202F0378200001B02C2
S214001340F2BFB70101009B81F1FF93910101336267
S2140013503200D30302F0D3F14314C1713782000088
S2140013601B0202C0B3613200538201E26384410073
S2140013706F8000199301F0037322008073B0018020
S214001380B3F1410013025002638441006F80E01500
S2140013901B09900F131989011309F9FF73220080A6
S2140013A033722201014962093369490073100980CA
S2140013B0378200001B0212C0B70101009B81F1FFBB
S2140013C09391010133623200530202F0378200002B
S2140013D01B02F2BFB70101009B81F1FF939101014F
S2140013E033623200D30302F0D3F14314C171378263
S2140013F000001B0202E0B3613200538201E2638404
S21400140041006F80E00F9301F0037322008073B0F9
S2140014100180B3F1410013020003638441006F8032
S214001420C00C374200001B0202C0B70101009B81BE
S214001430F1FF9391010133623200530202F037420A
S21400144000001B02F23FB70101009B81F1FF939160
S214001450010133623200D30302F01562B7010100C6
S2140014609B81F1FF9391010133623200D30102F0B8
S2140014701B09900F131989011309F9FF73220080C5
S21400148033722201014962093369490073100980E9
S214001490C372721CC171375200001B020208B3618E
S2140014A03200538202E2638441006F80600593013C
S2140014B0F0037322008073B00180B3F14100130281
S2140014C01002638441006F8040021B09900F1319BD
S2140014D089011309F9FF732200803372220105493E
S2140014E0620933694900731009801562B70101006B
S2140014F09B81F1FF9391010133623200D30102F028
S214001500C372721CC171375200001B02F207B3612E
S2140015103200538202E2638441006F70707E930152
S214001520F0037322008073B00180B3F14100130210
S2140015301002638441006F70507B1B09900F1319D3
S21400154089011309F9FF73220080337222010949C9
S214001550620933694900731009801562B7010100FA
S2140015609B81F1FF9391010133623200D30102F0B7
S214001570C372721CC171375200001B02F207B361BE
S2140015803200538202E2638441006F7070779301E9
S214001590F0037322008073B00180B3F141001302A0
S2140015A01002638441006F7050741B09900F13196A
S2140015B089011309F9FF73220080337222010D4955
S2140015C0620933694900731009801562B70101008A
S2140015D09B81F1FF9391010133623200D30102F047
S2140015E0C372721CC171375200001B020208B3613D
S2140015F03200538202E2638441006F707070930180
S214001600F0037322008073B00180B3F1410013022F
S2140016101002638441006F70506D1B09900F131900
S21400162089011309F9FF73220080337222011149E0
S214001630620933694900731009801562B701010019
S2140016409B81F1FF9391010133623200D30102F0D6
S214001650C372721CC171375200001B020208B361CC
S2140016603200538202E2638441006F707069930116
S214001670F0037322008073B00180B3F141001302BF
S2140016801002638441006F705066374200001B02F0
S21400169002C0B70101009B81F1FF93910101336203
S2140016A03200D30002F0374200001B02F23FB701BF
S2140016B001009B81F1FF93910101336232005301D7
S2140016C002F01562B70101009B81F1FF93910101C1
S2140016D033623200D30102F0C382201CC17137523C
S2140016E000001B020208B3613200538202E26384E8
S2140016F041006F70F0609301F0037322008073B0B6
S2140017000180B3F1410013021002638441006F7040
S214001710D05D1562B70101009B81F1FF9391010135
S21400172033623200D30102F0C392201CC1713752DB
S21400173000001B02F207B3613200538202E26384A8
S21400174041006F70F05B9301F0037322008073B06A
S2140017500180B3F1410013021002638441006F70F0
S214001760D0581562B70101009B81F1FF93910101EA
S21400177033623200D30102F0C3A2201CC17137527B
S21400178000001B02F207B3613200538202E2638458
S21400179041006F70F0569301F0037322008073B01F
S2140017A00180B3F1410013021002638441006F70A0
S2140017B0D0531562B70101009B81F1FF939101019F
S2140017C033623200D30102F0C3B2201CC17137521B
S2140017D000001B020208B3613200538202E26384F7
S2140017E041006F70F0519301F0037322008073B0D4
S2140017F00180B3F1410013021002638441006F7050
S214001800D04E1562B70101009B81F1FF9391010153
S21400181033623200D30102F0C3C2201CC1713752BA
S21400182000001B020208B3613200538202E26384A6
S21400183041006F70F04C9301F0037322008073B088
S2140018400180B3F1410013021002638441006F70FF
S214001850D0491B09900F131989011309F9FF732248
S214001860008033722201014962093369490073100E
S2140018700980378200001B02F2BFB70101009B817E
S214001880F1FF9391010133623200530202F0378276
S21400189000001B02F2BFB70101009B81F1FF93918C
S2140018A0010133623200D30302F0378200001B02CC
S2140018B0F2BFB70101009B81F1FF939101013362F2
S2140018C03200D30102F0C372721CC171378200006D
S2140018D01B0202C0B3613200538202E263844100FD
S2140018E06F7010429301F0037322008073B0018082
S2140018F0B3F1410013025002638441006F70F03E62
S2140019001B09900F131989011309F9FF7322008030
S2140019103372220101496209336949007310098054
S214001920378200001B0212C0B70101009B81F1FF45
S2140019309391010133623200530202F037820000B5
S2140019401B02F2BFB70101009B81F1FF93910101D9
S21400195033623200D30302F0378200001B02F2BF6C
S214001960B70101009B81F1FF9391010133623200C0
S214001970D30102F0C372721CC171378200001B02D1
S21400198002E0B3613200538202E2638441006F706A
S21400199030379301F0037322008073B00180B3F1F7
S2140019A0410013020003638441006F70103437C295
S2140019B000001B0202C0B70101009B81F1FF93915A
S2140019C0010133623200530202F0374200001B026C
S2140019D0F23FB70101009B81F1FF93910101336251
S2140019E03200D30302F03562B70101009B81F1FF9C
S2140019F09391010133623200D30102F01B09900F6C
S214001A00131989011309F9FF73220080337222012A
S214001A10014962093369490073100980CF72721C4C
S214001A20C171375200001B020208B36132005382B4
S214001A3002E2638441006F70B02C9301F0037322BE
S214001A40008073B00180B3F141001302100263847A
S214001A5041006F7090291B09900F13198901130913
S214001A60F9FF732200803372220105496209336947
S214001A704900731009803562B70101009B81F1FFB0
S214001A809391010133623200D30102F0CF72721CCF
S214001A90C171375200001B02F207B3613200538255
S214001AA002E2638441006F70B0259301F003732255
S214001AB0008073B00180B3F141001302100263840A
S214001AC041006F7090221B09900F131989011309AA
S214001AD0F9FF7322008033722201094962093369D3
S214001AE04900731009803562B70101009B81F1FF40
S214001AF09391010133623200D30102F0CF72721C5F
S214001B00C171375200001B02F207B36132005382E4
S214001B1002E2638441006F70B01E9301F0037322EB
S214001B20008073B00180B3F1410013021002638499
S214001B3041006F70901B1B09900F13198901130940
S214001B40F9FF73220080337222010D49620933695E
S214001B504900731009803562B70101009B81F1FFCF
S214001B609391010133623200D30102F0CF72721CEE
S214001B70C171375200001B020208B3613200538263
S214001B8002E2638441006F70B0179301F003732282
S214001B90008073B00180B3F1410013021002638429
S214001BA041006F7090141B09900F131989011309D7
S214001BB0F9FF7322008033722201114962093369EA
S214001BC04900731009803562B70101009B81F1FF5F
S214001BD09391010133623200D30102F0CF72721C7E
S214001BE0C171375200001B020208B36132005382F3
S214001BF002E2638441006F70B0109301F003732219
S214001C00008073B00180B3F14100130210026384B8
S214001C1041006F70900D37C200001B0202C0B70172
S214001C2001009B81F1FF9391010133623200D300E2
S214001C3002F0374200001B02F23FB70101009B8111
S214001C40F1FF9391010133623200530102F03562D5
S214001C50B70101009B81F1FF9391010133623200CD
S214001C60D30102F0CF82201CC171375200001B0244
S214001C700208B3613200538202E2638441006F704F
S214001C8030089301F0037322008073B00180B3F133
S214001C90410013021002638441006F701005356224
S214001CA0B70101009B81F1FF93910101336232007D
S214001CB0D30102F0CF92201CC171375200001B02E4
S214001CC0F207B3613200538202E2638441006F7010
S214001CD030039301F0037322008073B00180B3F1E8
S214001CE0410013021002638441006F7010003562D9
S214001CF0B70101009B81F1FF93910101336232002D
S214001D00D30102F0CFA2201CC171375200001B0283
S214001D10F207B3613200538202E2638441006F70BF
S214001D20207E9301F0037322008073B00180B3F12C
S214001D30410013021002638441006F70007B35621D
S214001D40B70101009B81F1FF9391010133623200DC
S214001D50D30102F0CFB2201CC171375200001B0223
S214001D600208B3613200538202E2638441006F705E
S214001D7020799301F0037322008073B00180B3F1E1
S214001D80410013021002638441006F7000763562D2
S214001D90B70101009B81F1FF93910101336232008C
S214001DA0D30102F0CFC2201CC171375200001B02C3
S214001DB00208B3613200538202E2638441006F700E
S214001DC020749301F0037322008073B00180B3F196
S214001DD0410013021002638441006F7000711B09FA
S214001DE0900F131989011309F9FF732200803372CB
S214001DF0220101496209336949007310098037825C
S214001E0000001B02F2BFB70101009B81F1FF939116
S214001E10010133623200530202F0370201001B0256
S214001E20F2BFB70101009B81F1FF9391010133627C
S214001E303200D30302F0370201001B02F2BFB701E3
S214001E4001009B81F1FF9391010133623200D301BF
S214001E5002F0CF72721CC171378200001B0202C0F2
S214001E60B3613200538202E2638441006F704069BE
S214001E709301F0037322008073B00180B3F1410038
S214001E8013025002638441006F7020661B09900F96
S214001E90131989011309F9FF732200803372220196
S214001EA001496209336949007310098037820000CE
S214001EB01B0212C0B70101009B81F1FF9391010143
S214001EC033623200530202F0378200001B02F2BF78
S214001ED0B70101009B81F1FF93910101336232004B
S214001EE0D30302F0378200001B02F2BFB7010100E5
S214001EF09B81F1FF9391010133623200D30102F01E
S214001F00CF72721CC171378200001B0202E0B361FF
S214001F103200538202E2638441006F70605E930178
S214001F20F0037322008073B00180B3F14100130206
S214001F300003638441006F70405B374200001B0261
S214001F4002C0B70101009B81F1FF9391010133624A
S214001F503200530202F0374200001B02F23FB70184
S214001F6001009B81F1FF9391010133623200D3039C
S214001F7002F03562B70101009B81F1FF93910101E8
S214001F8033623200D30102F01B09900F1319890146
S214001F901309F9FF73220080337222010149620996
S214001FA03369490073100980C772721CC1713752B9
S214001FB000001B020208B3613200538202E263840F
S214001FC041006F70E0539301F0037322008073B0FA
S214001FD00180B3F1410013021002638441006F7068
S214001FE0C0501B09900F131989011309F9FF7322BA
S214001FF00080337222010549620933694900731073
S21400200009803562B70101009B81F1FF93910101C0
S21400201033623200D30102F0C772721CC1713752AC
S21400202000001B02F207B3613200538202E26384AF
S21400203041006F70E04C9301F0037322008073B090
S2140020400180B3F1410013021002638441006F70F7
S214002050C0491B09900F131989011309F9FF732250
S21400206000803372220109496209336949007310FE
S21400207009803562B70101009B81F1FF9391010150
S21400208033623200D30102F0C772721CC17137523C
S21400209000001B02F207B3613200538202E263843F
S2140020A041006F70E0459301F0037322008073B027
S2140020B00180B3F1410013021002638441006F7087
S2140020C0C0421B09900F131989011309F9FF7322E7
S2140020D00080337222010D4962093369490073108A
S2140020E009803562B70101009B81F1FF93910101E0
S2140020F033623200D30102F0C772721CC1713752CC
S21400210000001B020208B3613200538202E26384BD
S21400211041006F70E03E9301F0037322008073B0BD
S2140021200180B3F1410013021002638441006F7016
S214002130C03B1B09900F131989011309F9FF73227D
S2140021400080337222011149620933694900731015
S21400215009803562B70101009B81F1FF939101016F
S21400216033623200D30102F0C772721CC17137525B
S21400217000001B020208B3613200538202E263844D
S21400218041006F70E0379301F0037322008073B054
S2140021900180B3F1410013021002638441006F70A6
S2140021A0C034374200001B0202C0B70101009B8109
S2140021B0F1FF9391010133623200D30002F03742FF
S2140021C000001B02F23FB70101009B81F1FF9391D3
S2140021D0010133623200530102F03562B70101009B
S2140021E09B81F1FF9391010133623200D30102F02B
S2140021F0C782201CC171375200001B020208B3615F
S2140022003200538202E2638441006F70602F9301B4
S214002210F0037322008073B00180B3F14100130213
S2140022201002638441006F70402C3562B7010100D4
S2140022309B81F1FF9391010133623200D30102F0DA
S214002240C792201CC171375200001B02F207B3610F
S2140022503200538202E2638441006F70602A930169
S214002260F0037322008073B00180B3F141001302C3
S2140022701002638441006F7040273562B701010089
S2140022809B81F1FF9391010133623200D30102F08A
S214002290C7A2201CC171375200001B02F207B361AF
S2140022A03200538202E2638441006F70602593011E
S2140022B0F0037322008073B00180B3F14100130273
S2140022C01002638441006F7040223562B70101003E
S2140022D09B81F1FF9391010133623200D30102F03A
S2140022E0C7B2201CC171375200001B020208B3613E
S2140022F03200538202E2638441006F7060209301D3
S214002300F0037322008073B00180B3F14100130222
S2140023101002638441006F70401D3562B7010100F2
S2140023209B81F1FF9391010133623200D30102F0E9
S214002330C7C2201CC171375200001B020208B361DD
S2140023403200538202E2638441006F70601B930187
S214002350F0037322008073B00180B3F141001302D2
S2140023601002638441006F7040181B09900F131908
S21400237089011309F9FF7322008033722201014993
S21400238062093369490073100980378200001B0216
S214002390F2BFB70101009B81F1FF93910101336207
S2140023A03200530202F0378200001B02F2BFB70170
S2140023B001009B81F1FF9391010133623200D30348
S2140023C002F0370201001B02F2BFB70101009B8139
S2140023D0F1FF9391010133623200D30102F0C7721C
S2140023E0721CC171378200001B0202C0B36132004A
S2140023F0538202E2638441006F7080109301F00301
S2140024007322008073B00180B3F1410013025002C2
S214002410638441006F70600D1B09900F13198901CA
S2140024201309F9FF73220080337222010149620901
S2140024303369490073100980378200001B0212C0FE
S214002440B70101009B81F1FF9391010133623200D5
S214002450530202F0378200001B02F2BFB7010100F0
S2140024609B81F1FF9391010133623200D30302F0A6
S214002470378200001B02F2BFB70101009B81F1FF0B
S2140024809391010133623200D30102F0C772721CCD
S214002490C171378200001B0202E0B3613200538232
S2140024A002E2638441006F70A0059301F00373227B
S2140024B0008073B00180B3F141001302000363840F
S2140024C041006F70800237C200001B0202C0B701D5
S2140024D001009B81F1FF93910101336232005302A8
S2140024E002F0374200001B02F23FB70101009B8159
S2140024F0F1FF9391010133623200D30302F01562BB
S214002500B70101009B81F1FF939101013362320014
S214002510D30102F01B09900F131989011309F9FF63
S214002520732200803372220101496209336949002F
S21400253073100980CB72721CC171375200001B02E7
S2140025400208B3613200538202E2638441006F6086
S214002550307B9301F0037322008073B00180B3F1E7
S214002560410013021002638441006F6010781B095B
S214002570900F131989011309F9FF73220080337233
S2140025802201054962093369490073100980156202
S214002590B70101009B81F1FF939101013362320084
S2140025A0D30102F0CB72721CC171375200001B02BD
S2140025B0F207B3613200538202E2638441006F6027
S2140025C030749301F0037322008073B00180B3F17E
S2140025D0410013021002638441006F6010711B09F2
S2140025E0900F131989011309F9FF732200803372C3
S2140025F0220109496209336949007310098015628E
S214002600B70101009B81F1FF939101013362320013
S214002610D30102F0CB72721CC171375200001B024C
S214002620F207B3613200538202E2638441006F60B6
S214002630306D9301F0037322008073B00180B3F114
S214002640410013021002638441006F60106A1B0988
S214002650900F131989011309F9FF73220080337252
S21400266022010D4962093369490073100980156219
S214002670B70101009B81F1FF9391010133623200A3
S214002680D30102F0CB72721CC171375200001B02DC
S2140026900208B3613200538202E2638441006F6035
S2140026A030669301F0037322008073B00180B3F1AB
S2140026B0410013021002638441006F6010631B091F
S2140026C0900F131989011309F9FF732200803372E2
S2140026D022011149620933694900731009801562A5
S2140026E0B70101009B81F1FF939101013362320033
S2140026F0D30102F0CB72721CC171375200001B026C
S2140027000208B3613200538202E2638441006F60C4
S214002710305F9301F0037322008073B00180B3F141
S214002720410013021002638441006F60105C37C2E0
S21400273000001B0202C0B70101009B81F1FF9391CC
S214002740010133623200D30002F0374200001B0260
S214002750F23FB70101009B81F1FF939101013362C3
S2140027603200530102F01562B70101009B81F1FFB0
S2140027709391010133623200D30102F0CB82201C18
S214002780C171375200001B020208B3613200538247
S21400279002E2638441006F60B0569301F003732237
S2140027A0008073B00180B3F141001302100263840D
S2140027B041006F6090531562B70101009B81F1FFE5
S2140027C09391010133623200D30102F0CB92201CB8
S2140027D0C171375200001B02F207B3613200538208
S2140027E002E2638441006F60B0519301F0037322EC
S2140027F0008073B00180B3F14100130210026384BD
S21400280041006F60904E1562B70101009B81F1FF99
S2140028109391010133623200D30102F0CBA2201C57
S214002820C171375200001B02F207B36132005382B7
S21400283002E2638441006F60B04C9301F0037322A0
S214002840008073B00180B3F141001302100263846C
S21400285041006F6090491562B70101009B81F1FF4E
S2140028609391010133623200D30102F0CBB2201CF7
S214002870C171375200001B020208B3613200538256
S21400288002E2638441006F60B0479301F003732255
S214002890008073B00180B3F141001302100263841C
S2140028A041006F6090441562B70101009B81F1FF03
S2140028B09391010133623200D30102F0CBC2201C97
S2140028C0C171375200001B020208B3613200538206
S2140028D002E2638441006F60B0429301F00373220A
S2140028E0008073B00180B3F14100130210026384CC
S2140028F041006F60903F1B09900F1319890113095F
S214002900F9FF73220080337222010149620933699C
S214002910490073100980370201001B02F2BFB7019D
S21400292001009B81F1FF9391010133623200530253
S21400293002F0378200001B02F2BFB70101009B8144
S214002940F1FF9391010133623200D30302F0378224
S21400295000001B02F2BFB70101009B81F1FF9391BB
S214002960010133623200D30102F0CB72721CC171D6
S214002970378200001B0202C0B3613200538202E2BB
S214002980638441006F60D0379301F00373220080A8
S21400299073B00180B3F1410013025002638441001A
S2140029A06F60B0341B09900F131989011309F9FFE2
S2140029B0732200803372220101496209336949009B
S2140029C073100980378200001B0212C0B701010095
S2140029D09B81F1FF9391010133623200530202F0B2
S2140029E0378200001B02F2BFB70101009B81F1FF96
S2140029F09391010133623200D30302F03782000064
S214002A001B02F2BFB70101009B81F1FF9391010108
S214002A1033623200D30102F0CB72721CC17137826E
S214002A2000001B0202E0B3613200538202E26384BC
S214002A3041006F60F02C9301F0037322008073B0A6
S214002A400180B3F1410013020003638441006F600C
S214002A50D0291302F07FB70101009B81F1FF93910B
S214002A60010133623200530202F0375200001B02AB
S214002A700280B70101009B81F1FF9391010133624F
S214002A803200D30302F01B09900F131989011309B2
S214002A90F9FF73220080337222010149620933690B
S214002AA0490073100980D371721CC17113020010A3
S214002AB0B3613200538201E2638441006F605024A8
S214002AC09301F0037322008073B00180B3F14100DC
S214002AD013023002638441006F6030211B09900F9F
S214002AE0131989011309F9FF73220080337222013A
S214002AF0054962093369490073100980D371721C55
S214002B00C1711302F00FB3613200538201E2638495
S214002B1041006F60F01E9301F0037322008073B0D3
S214002B200180B3F1410013023002638441006F60FC
S214002B30D01B1B09900F131989011309F9FF732283
S214002B400080337222010949620933694900731013
S214002B500980D371721CC1711302F00FB361320089
S214002B60538201E2638441006F6090199301F00381
S214002B707322008073B00180B3F14100130230026B
S214002B80638441006F6070161B09900F131989014A
S214002B901309F9FF73220080337222010D4962097E
S214002BA03369490073100980D371721CC171130216
S214002BB00010B3613200538201E2638441006F600B
S214002BC030149301F0037322008073B00180B3F1D8
S214002BD0410013023002638441006F6010111B092C
S214002BE0900F131989011309F9FF732200803372BD
S214002BF022010D4962093369490073100980D371B7
S214002C00721CC17113020010B3613200538201E2DC
S214002C10638441006F60D00E9301F003732200803E
S214002C2073B00180B3F141001302300263844100A7
S214002C306F60B00B375200001B020280B701010024
S214002C409B81F1FF9391010133623200D30002F0C1
S214002C501302F07FB70101009B81F1FF9391010100
S214002C6033623200530102F0D301111CC17113020A
S214002C700010B3613200538201E2638441006F604A
S214002C8030089301F0037322008073B00180B3F123
S214002C90410013023002638441006F601005D311B7
S214002CA0111CC1711302F00FB3613200538201E2AE
S214002CB0638441006F60D0049301F00373220080A8
S214002CC073B00180B3F14100130230026384410007
S214002CD06F60B001D321111CC1711302F00FB361F4
S214002CE03200538201E2638441006F6070019301F9
S214002CF0F0037322008073B00180B3F14100130229
S214002D003002638441006F60407ED331111CC17174
S214002D1013020010B3613200538201E26384410063
S214002D206F60007E9301F0037322008073B0018011
S214002D30B3F1410013023002638441006F60E07A11
S214002D40D341111CC17113020010B36132005382CB
S214002D5001E2638441006F60A07A9301F00373225E
S214002D60008073B00180B3F1410013023002638427
S214002D7041006F608077378200001B0212C0B701E7
S214002D8001009B81F1FF93910101336232005302EF
S214002D9002F0374200001B020280B70101009B814F
S214002DA0F1FF9391010133623200D30302F01B0955
S214002DB0900F131989011309F9FF732200803372EB
S214002DC02201014962093369490073100980D371F1
S214002DD0721CC171378200001B0202E0B361320030
S214002DE0538201E2638441006F6080719301F003B7
S214002DF07322008073B00180B3F141001302000318
S214002E00638441006F60606E378200001B02F2BF71
S214002E10B70101009B81F1FF9391010133623200FB
S214002E20530202F0374200001B020280B701010085
S214002E309B81F1FF9391010133623200D30302F0CC
S214002E401B09900F131989011309F9FF73220080DB
S214002E5033722201014962093369490073100980FF
S214002E60D371721CC171378200001B0202C0B361AD
S214002E703200538201E2638441006F606068930110
S214002E80F0037322008073B00180B3F14100130297
S214002E905002638441006F604065374200001B02A9
S214002EA00280B70101009B81F1FF9391010133621B
S214002EB03200530202F00142B70101009B81F1FF8C
S214002EC09391010133623200D30302F01B09900F85
S214002ED0131989011309F9FF732200803372220146
S214002EE0014962093369490073100980D371721C65
S214002EF0C171378200001B0202C0B36132005382E8
S214002F0001E2638441006F60A05F9301F0037322C7
S214002F10008073B00180B3F1410013028002638425
S214002F2041006F60805C378200001B0212C0B70150
S214002F3001009B81F1FF939101013362320053023D
S214002F4002F01B09900F131989011309F9FF732268
S214002F500080337222010149620933694900731007
S214002F600980D371025CC171378200001B0202E047
S214002F70B3613200538201E2638441006F604058BF
S214002F809301F0037322008073B00180B3F1410017
S214002F9013020003638441006F60205537820000EF
S214002FA01B0202E0B70101009B81F1FF9391010132
S214002FB033623200530202F01B09900F1319890185
S214002FC01309F9FF73220080337222010149620956
S214002FD03369490073100980D371025CC17137826E
S214002FE000001B0202E0B3613200538201E26384F8
S214002FF041006F60E0509301F0037322008073B0CD
S2140030000180B3F141000142638441006F60E04DEE
S214003010374200001B0202C0B70101009B81F1FF8E
S2140030209391010133623200530202F01B09900FA4
S214003030131989011309F9FF7322008033722201E4
S214003040014962093369490073100980D371025C33
S214003050C171374200001B0202C0B36132005382C6
S21400306001E2638441006F60A0499301F00373227C
S214003070008073B00180B3F14100014263844100D7
S2140030806F60A046378200001B021200B7010100E5
S2140030909B81F1FF9391010133623200530202F0EB
S2140030A01B09900F131989011309F9FF7322008079
S2140030B0337222010149620933694900731009809D
S2140030C0D371025CC171378200001B0202E0B3615B
S2140030D03200538201E2638441006F6060429301D4
S2140030E0F0037322008073B00180B3F14100130235
S2140030F00003638441006F60403F378200001B027C
S21400310012C0B70101009B81F1FF93910101336268
S2140031103200530202F0378200001B0212C0B701D1
S21400312001009B81F1FF9391010133623200D303CA
S21400313002F0D301722CC171378200001B0202E03C
S214003140B3613200538201E2638441006F60403B0A
S2140031509301F0037322008073B00180B3F1410045
S21400316013020003638441006F602038378200003A
S2140031701B0202E0B70101009B81F1FF9391010160
S21400318033623200530202F0378200001B0202C094
S214003190B70101009B81F1FF939101013362320078
S2140031A0D30302F0D301722CC171378200001B02D8
S2140031B002C0B3613200538201E2638441006F6053
S2140031C020349301F0037322008073B00180B3F1C2
S2140031D041000142638441006F60203137420000A5
S2140031E01B020280B70101009B81F1FF9391010150
S2140031F033623200530202F0378200001B021200D4
S214003200B70101009B81F1FF939101013362320007
S214003210D30302F0D301722CC171378200001B0267
S2140032201200B3613200538201E2638441006F6092
S214003230202D9301F0037322008073B00180B3F158
S21400324041000142638441006F60202A37820000FB
S2140032501B0212C0B70101009B81F1FF939101018F
S21400326033623200530202F0378200001B0212C0A3
S214003270B70101009B81F1FF939101013362320097
S214003280D30302F0D311722CC171378200001B02E7
S21400329002E0B3613200538201E2638441006F6052
S2140032A020269301F0037322008073B00180B3F1EF
S2140032B0410013020003638441006F6000233782DD
S2140032C000001B0202E0B70101009B81F1FF939111
S2140032D0010133623200530202F0378200001B0203
S2140032E002C0B70101009B81F1FF93910101336297
S2140032F03200D30302F0D301722CC1713782000072
S2140033001B0202C0B3613200538201E263844100B3
S2140033106F60001F9301F0037322008073B001807A
S214003320B3F141000142638441006F60001C3742E4
S21400333000001B020280B70101009B81F1FF939100
S214003340010133623200530202F0378200001B0292
S2140033501200B70101009B81F1FF939101013362D6
S2140033603200D30302F0D301722CC1713782000001
S2140033701B021200B3613200538201E263844100F3
S2140033806F6000189301F0037322008073B0018011
S214003390B3F141000142638441006F600015B7102D
S2140033A000009B80F0FF371200001B02F2FF8961CD
S2140033B0D38000F4279011008392010063844200BA
S2140033C06F600014B70001009B8000BC896123B0C9
S2140033D0110087900100538200E4930000BC6384D0
S2140033E040006F60E011370201001B0202C0B70107
S2140033F001009B81F1FF9391010133623200D300FB
S21400340002F0D39000E48541638430006F60400F83
S214003410370201001B0202E0B70101009B81F1FFA9
S2140034209391010133623200D30002F0D39000E49E
S21400343093010020638430006F60800C37820000A8
S2140034401B0212C0B70101009B81F1FF939101019D
S21400345033623200530002F0374200001B02028043
S214003460B70101009B81F1FF9391010133623200A5
S214003470530302F0D32060A4638400006F608009C9
S2140034809301F0077322008073B00180B3F141000E
S21400349013020003638441006F60A00637820000B9
S2140034A01B0202E0B70101009B81F1FF939101012D
S2140034B033623200530102F0378200001B0202C062
S2140034C0B70101009B81F1FF939101013362320045
S2140034D0530202F0D32041A4638400006F6080038F
S2140034E09301F0077322008073B00180B3F14100AE
S2140034F00142638441006F60C00037C200001B02B7
S2140035000280B70101009B81F1FF939101013362B4
S2140035103200D30302F0D3A073A485416384300045
S2140035206F50507F9301F0077322008073B00180C4
S214003530B3F141000142638441006F50907C3782B2
S21400354000001B0212C0B70101009B81F1FF93919E
S214003550010133623200530002F0374200001B02C2
S2140035600280B70101009B81F1FF93910101336254
S2140035703200530302F0D30060A4638400006F504F
S21400358090799301F0077322008073B00180B3F145
S214003590410013020003638441006F509076378227
S2140035A000001B0202E0B70101009B81F1FF93912E
S2140035B0010133623200530102F0378200001B0221
S2140035C002C0B70101009B81F1FF939101013362B4
S2140035D03200530202F0D30041A4638400006F500F
S2140035E090739301F0077322008073B00180B3F1EB
S2140035F0410013020003638441006F50907037C28D
S21400360000001B020280B70101009B81F1FF93912D
S214003610010133623200D30302F0374200001B027E
S2140036200280B70101009B81F1FF93910101336293
S2140036303200530302F0D38063A4854163843000D4
S2140036406F50706D9301F0077322008073B0018095
S214003650B3F141000142638441006F50906A3782A3
S21400366000001B0212C0B70101009B81F1FF93917D
S214003670010133623200530002F0374200001B02A1
S2140036800280B70101009B81F1FF93910101336233
S2140036903200530302F0D31060A4638400006F501E
S2140036A0B0679301F0077322008073B00180B3F116
S2140036B0410013020003638441006F509064378218
S2140036C000001B0202E0B70101009B81F1FF93910D
S2140036D0010133623200530102F0378200001B0200
S2140036E002C0B70101009B81F1FF93910101336293
S2140036F03200530202F0D31041A4638400006F50DE
S214003700B0619301F0077322008073B00180B3F1BB
S214003710410013020003638441006F50905E37C27D
S21400372000001B020280B70101009B81F1FF93910C
S214003730010133623200D30302F0374200001B025D
S2140037400280B70101009B81F1FF93910101336272
S2140037503200530302F0D39063A4854163843000A3
S2140037606F50905B9301F0077322008073B0018066
S214003770B3F141000142638441006F50905801420A
S214003780B70101009B81F1FF939101013362320082
S214003790D30002F0370201001B0202C0B70101008D
S2140037A09B81F1FF9391010133623200530102F0D5
S2140037B0378200001B0212C0B70101009B81F1FF97
S2140037C09391010133623200D30702F0D38720249D
S2140037D0C1712162B3613200538207E26384410003
S2140037E06F5010529301F0037322008073B0018073
S2140037F0B3F141000142638441006F50104F014213
S214003800B70101009B81F1FF939101013362320001
S214003810D30002F0378200001B0202C0B70101008D
S2140038209B81F1FF9391010133623200530102F054
S214003830378200001B0212C0B70101009B81F1FF16
S2140038409391010133623200D30702F0D39720240C
S214003850C1712162B3613200538207E26384410082
S2140038606F50104A9301F0037322008073B00180FA
S214003870B3F141000142638441006F50104721625A
S214003880B70101009B81F1FF939101013362320081
S214003890D30002F0378200001B0202C0B70101000D
S2140038A09B81F1FF9391010133623200530102F0D4
S2140038B0378200001B0212C0B70101009B81F1FF96
S2140038C09391010133623200D30702F0D3A720247C
S2140038D0C1712162B3613200538207E26384410002
S2140038E06F5010429301F0037322008073B0018082
S2140038F0B3F141000142638441006F50103F1B0941
S214003900900F131989011309F9FF7322008033728F
S214003910220101496209336949007310098037C2E0
S21400392000001B02F2BFB70101009B81F1FF9391DB
S214003930010133623200530002F0D37700C4FD5019
S2140039406384F0006F50D03B1302F007F321008031
S2140039507330028033723200930110026384410098
S2140039606F50303A37C200001B0202C0B701010098
S2140039709B81F1FF9391010133623200530002F004
S214003980D30700C4FD506384F0006F507037D31720
S21400399000C4FD506384F0006F509036D32700C4F7
S2140039A0FD506384F0006F50B035D33700C4FD502F
S2140039B06384F0006F50D034D34700C4FD50638456
S2140039C0F0006F50F033374200001B0202E0B701F0
S2140039D001009B81F1FF9391010133623200530095
S2140039E002F0D37710C489406384F0006F505031E2
S2140039F01302F007F3210080733002803372320026
S214003A0093011002638441006F50B02FD30710C497
S214003A1089406384F0006F50B02ED31710C48540E1
S214003A206384F0006F50D02DD32710C48540638484
S214003A30F0006F50F02CD33710C489406384F00038
S214003A406F50102CD34710C489406384F0006F5029
S214003A50302B37C200001B02F2BFB70101009B816A
S214003A60F1FF9391010133623200530002F0D377E5
S214003A7020C4FD506384F0006F5090281302F007B6
S214003A80F3210080733002803372320093011002FB
S214003A90638441006F50F02637C200001B0202C04C
S214003AA0B70101009B81F1FF93910101336232005F
S214003AB0530002F0D30720C46384F0006F505024F4
S214003AC037C200001B0202C0B70101009B81F1FF54
S214003AD09391010133623200530002F0D31720C4E1
S214003AE06384F0006F50D02137C200001B0202C072
S214003AF0B70101009B81F1FF93910101336232000F
S214003B00530002F0D32720C4FD506384F0006F50AA
S214003B10301F37C200001B0202C0B70101009B81A4
S214003B20F1FF9391010133623200530002F0D33764
S214003B3020C46384F0006F50B01C37C200001B0224
S214003B4002C0B70101009B81F1FF9391010133622E
S214003B503200530002F0D34720C4FD506384F000C7
S214003B606F50101A374200001B0202E0B701010036
S214003B709B81F1FF9391010133623200530002F002
S214003B80D37730C489406384F0006F5070171302F7
S214003B90F007F32100807330028033723200930105
S214003BA01002638441006F50D015D30730C489409B
S214003BB06384F0006F50D014D31730C485406384FC
S214003BC0F0006F50F013D32730C485406384F000B4
S214003BD06F501013D33730C489406384F0006F50A1
S214003BE03012D34730C489406384F0006F505011C0
S214003BF0FD50D3F720D4C17137C200001B0202C0AB
S214003C00B3613200538207E2638441006F50500F65
S214003C103702C07FB70101009B81F1FF939101013C
S214003C2033623200D30702F0D38720D4C17137C283
S214003C3000001B0202C0B3613200538207E26384B5
S214003C4041006F50F00B3702C07FB70101009B8127
S214003C50F1FF9391010133623200D30702F0D3974C
S214003C6020D4C17137C200001B0202C0B36132000B
S214003C70538207E2638441006F5090083702C07F8A
S214003C80B70101009B81F1FF93910101336232007D
S214003C90D30702F0D3A720D4C17137C200001B029D
S214003CA002C0B3613200538207E2638441006F5062
S214003CB030053702C07FB70101009B81F1FF939169
S214003CC0010133623200D30702F0D3B720D4C171AA
S214003CD037C200001B0202C0B3613200538207E203
S214003CE0638441006F50D0013702C07FB7010100E6
S214003CF09B81F1FF9391010133623200D30702F0FA
S214003D00D3C720D4C17137C200001B0202C0B36102
S214003D103200538207E2638441006F50607E854024
S214003D20D3F730D4C171374200001B0202C0B36122
S214003D303200538207E2638441006F50607CB70113
S214003D40C07FD38701F0D38730D4C17137420000DB
S214003D501B0202C0B3613200538207E26384410053
S214003D606F50007AB701C07FD38701F0D39730D465
S214003D70C171374200001B0202C0B3613200538299
S214003D8007E2638441006F50A077B701C07FD387F6
S214003D9001F0D3A730D4C171374200001B0202C025
S214003DA0B3613200538207E2638441006F5040756E
S214003DB0B701C07FD38701F0D3B730D4C171374283
S214003DC000001B0202C0B3613200538207E2638424
S214003DD041006F50E072B701C07FD38701F0D3C7B0
S214003DE030D4C171374200001B0202C0B3613200FA
S214003DF0538207E2638441006F5080709B0010007E
S214003E00939000029380F0FFD3F700D4C17137C2BD
S214003E1000001B0202C0B3613200538207E26384D3
S214003E2041006F50E06DB701C07FD38701F0D387A4
S214003E3000D4C17137C200001B0202C0B361320059
S214003E40538207E2638441006F50806BB701C07FE6
S214003E50D38701F0D39700D4C17137C200001B028C
S214003E6002C0B3613200538207E2638441006F50A0
S214003E702069B701C07FD38701F0D3A700D4C171F2
S214003E8037C200001B0202C0B3613200538207E251
S214003E90638441006F50C066B701C07FD38701F0CE
S214003EA0D3B700D4C17137C200001B0202C0B36191
S214003EB03200538207E2638441006F506064B701AA
S214003EC0C07FD38701F0D3C700D4C17137C20000CA
S214003ED01B0202C0B3613200538207E263844100D2
S214003EE06F5000628540D3F710D4C171374200008E
S214003EF01B0202C0B3613200538207E263844100B2
S214003F006F500060B701C07FD38701F0D38710D40D
S214003F10C171374200001B0202C0B36132005382F7
S214003F2007E2638441006F50A05DB701C07FD3876E
S214003F3001F0D39710D4C171374200001B0202C0B3
S214003F40B3613200538207E2638441006F50405BE6
S214003F50B701C07FD38701F0D3A710D4C171374211
S214003F6000001B0202C0B3613200538207E2638482
S214003F7041006F50E058B701C07FD38701F0D3B738
S214003F8010D4C171374200001B0202C0B361320078
S214003F90538207E2638441006F508056B701C07FAA
S214003FA0D38701F0D3C710D4C171374200001B027B
S214003FB002C0B3613200538207E2638441006F504F
S214003FC0205473100080378200001B02F2BFB70136
S214003FD001009B81F1FF9391010133623200530689
S214003FE002F0D30726401B02F0FF13120202B7E1CD
S214003FF07F4733E24100D38107E2638441006F507C
S21400400020501302F007F3210080733002803372D1
S21400401032008141638441006F50A04E3782000019
S2140040201B02F2BFB70101009B81F1FF93910101D2
S21400403033623200530602F0D3072642538207E269
S214004040B74110009B81F1BF9391A10263844100A8
S2140040506F50004B1302F007F3210080733002808C
S214004060337232008141638441006F5080491B02E5
S214004070F07F131242031302F2FF530002F20142D2
S214004080B70101009B81F1FF939101013362320079
S214004090D30702F0D3771044C171378200001B02A9
S2140040A002C0B3613200538207E2638441006F505E
S2140040B020459301F0037322008073B00180B3F1B2
S2140040C0410013025002638441006F5000429B017E
S2140040D0F03F93914103D38001F2D3871044C1711E
S2140040E0374200001B0202C0B3613200538207E26F
S2140040F0638441006F50C0400142B70101009B81BC
S214004100F1FF9391010133623200D30702F0D39797
S2140041101044C171374200001B0202C0B361320076
S214004120538207E2638441006F50803D0142B7012D
S21400413001009B81F1FF9391010133623200D307A6
S21400414002F0D3A71044C171374200001B0202C020
S214004150B3613200538207E2638441006F50403AF5
S2140041600142B70101009B81F1FF93910101336287
S2140041703200D30702F0D3B71044C17137420000B3
S2140041801B0202C0B3613200538207E2638441001F
S2140041906F5000370142B70101009B81F1FF9391F8
S2140041A0010133623200D30702F0D3C71044C17155
S2140041B0374200001B0202C0B3613200538207E29E
S2140041C0638441006F50C0333702807F1B02F2FFCA
S2140041D0530002F00142B70101009B81F1FF939169
S2140041E0010133623200D30702F0D3770044C17175
S2140041F0378200001B0202C0B3613200538207E21E
S214004200638441006F50C02F9301F0037322008037
S21400421073B00180B3F14100130250026384410081
S2140042206F50A02CB701803FD38001F0D3870044A5
S214004230C171374200001B0202C0B36132005382D4
S21400424007E2638441006F50A02B0142B7010100D2
S2140042509B81F1FF9391010133623200D30702F094
S214004260D3970044C171374200001B0202C0B361FD
S2140042703200538207E2638441006F506028014297
S214004280B70101009B81F1FF939101013362320077
S214004290D30702F0D3A70044C171374200001B02C7
S2140042A002C0B3613200538207E2638441006F505C
S2140042B020250142B70101009B81F1FF9391010186
S2140042C033623200D30702F0D3B70044C1713742DD
S2140042D000001B0202C0B3613200538207E263840F
S2140042E041006F50E0210142B70101009B81F1FFC0
S2140042F09391010133623200D30702F0D3C7004422
S214004300C171374200001B0202C0B3613200538203
S21400431007E2638441006F50A01E1B09900F13191B
S21400432089011309F9FF73220080337222010149C3
S21400433062093369490073100980370280001B0246
S2140043401200530202F01B02101013127201D30364
S21400435002F08141538601F0537672009B01F0FF14
S214004360939101020542B3613200530206E2638470
S21400437041006F50E0189301F0077322008073B07D
S2140043800180B3F141000142638441006F50601721
S2140043901B09900F131989011309F9FF7322008076
S2140043A03372220105496209336949007310098096
S2140043B03702807F1B02F2FF530002F037020073C1
S2140043C0530102F08141538601F0537620009B0191
S2140043D0F0FF939101023702807F1B02F2FFB36168
S2140043E03200530206E2638441006F50601193016D
S2140043F0F0077322008073B00180B3F1410013020E
S2140044001002638441006F50C00F1B09900F1319F0
S21400441089011309F9FF73220080337222010D49C6
S214004420620933694900731009803702807F1B02D6
S214004430F2FF530002F037020073530102F081418D
S214004440538601F0537620009B01F0FF9391010202
S2140044503702807FB3613200530206E26384410074
S2140044606F50000A9301F0077322008073B001803A
S214004470B3F1410013025002638441006F5060089C
S2140044801B09900F131989011309F9FF7322008085
S21400449033722201094962093369490073100980A1
S2140044A01B0210101312720113021200D30202F044
S2140044B037028000530302F08141538601F053F621
S2140044C062009B01F0FF939101021B021000131281
S2140044D0F20113021200B3613200530206E2638453
S2140044E041006F50E0019301F0077322008073B023
S2140044F00180B3F141000142638441006F506000C7
S2140045001B09900F131989011309F9FF7322008004
S2140045103372220111496209336949007310098018
S214004520370280001B021200530202F01B0210101A
S21400453013127201D30302F08141538601F05376C1
S21400454072009B01F0FF939101020542B3613200B5
S214004550530206E2638441006F40907A9301F007AD
S2140045607322008073B00180B3F14100014263847E
S21400457041006F401079B701803FD38001F0B7014A
S214004580003F538101F0D38120009B01F0FF9391FF
S21400459001023702C03FB3613200538201E26384F6
S2140045A041006F40F075D39120009B01F0FF93917E
S2140045B001023702C03FB3613200538201E26384D6
S2140045C041006F40F073D3A120009B01F0FF939150
S2140045D001023702C03FB3613200538201E26384B6
S2140045E041006F40F071D3B120009B01F0FF939122
S2140045F001023702C03FB3613200538201E2638496
S21400460041006F40F06FD3C120009B01F0FF9391F3
S21400461001023702C03FB3613200538201E2638475
S21400462041006F40F06D1B09900F131989011309A3
S214004630F9FF73220080337222010149620933694F
S2140046404900731009801B02F07F13124203130205
S214004650F2FF530002F21B02907C13124203530136
S21400466002F253762002530206E29B01F07F9391FA
S2140046704103638441006F40B0681302F007F321E2
S21400468000807330028033723200930150026384DC
S21400469041006F4010671B09900F13198901130919
S2140046A0F9FF7322008033722201054962093369DB
S2140046B04900731009801B02F07F13124203130295
S2140046C0F2FF530002F21B02907C131242035301C6
S2140046D002F253762002530206E29B01F07F93918A
S2140046E041039381F1FF638441006F4070611302C0
S2140046F0F007F3210080733002803372320093019A
S2140047001002638441006F40D05F1B09900F13199D
S21400471089011309F9FF73220080337222010D49C3
S214004720620933694900731009801B02F07F131277
S21400473042031302F2FF530002F21B02907C131294
S2140047404203530102F253762002530206E29B0113
S214004750F07F93914103638441006F40705A1302C7
S214004760F007F32100807330028033723200930129
S2140047705002638441006F40D0581B09900F1319F4
S21400478089011309F9FF7322008033722201094957
S214004790620933694900731009801B02F07F131207
S2140047A042031302F2FF530002F21B02907C131224
S2140047B04203530102F253762002530206E29B01A3
S2140047C0F07F939141039381F1FF638441006F4032
S2140047D030531302F007F3210080733002803372E7
S2140047E0320093011002638441006F4090511B0910
S2140047F0900F131989011309F9FF73220080337291
S21400480022011149620933694900731009801B02AD
S214004810F07F131242031302F2FF530002F21B0250
S214004820907C13124203530102F253762002530285
S21400483006E29B01F07F93914103638441006F4041
S214004840304C1302F007F32100807330028033727D
S214004850320093015002638441006F40904A9B01EE
S214004860F03F93914103D38001F29B01F01F939197
S2140048705103538101F2D3812002538201E29B014E
S214004880F07F93913103638441006F407047D3916A
S2140048902002538201E29B01F07F939131036384EF
S2140048A041006F40F045D3A12002538201E29B01F4
S2140048B0F07F93913103638441006F407044D3B11D
S2140048C02002538201E29B01F07F939131036384BF
S2140048D041006F40F042D3C12002538201E29B01A7
S2140048E0F07F93913103638441006F4070411B0950
S2140048F0900F131989011309F9FF73220080337290
S2140049002201014962093369490073100980B70121
S214004910004E9B81F1FFD38001F0B70180405381A8
S21400492001F053F620089B01F0FF93910102370235
S214004930004E1B02F2FFB3613200530206E26384AC
S21400494041006F40F03B1302F007F3210080733004
S21400495002803372320093011002638441006F407C
S214004960503A1B09900F131989011309F9FF732296
S21400497000803372220105496209336949007310C9
S2140049800980B701807F9B81F1FFD38001F09B01F6
S214004990300F93918101538101F053F620089B015B
S2140049A0F0FF939101023702807F1B02F2FFB36192
S2140049B03200530206E2638441006F4070341302F3
S2140049C0F007F321008073300280337232009301C7
S2140049D01002638441006F40D0321B09900F1319F8
S2140049E089011309F9FF73220080337222010D49F1
S2140049F062093369490073100980B701807F9B8183
S214004A00F1FFD38001F09B01300F93918101538118
S214004A1001F053F620089B01F0FF93910102370244
S214004A20807FB3613200530206E2638441006F4028
S214004A30302D1302F007F3210080733002803372AA
S214004A40320093015002638441006F40902B1B0993
S214004A50900F131989011309F9FF7322008033722E
S214004A6022010949620933694900731009809B01D4
S214004A7010109391710193811100D38001F09B0176
S214004A80101093917101538101F053F620089B0199
S214004A90F0FF939101021B0210001312F2011302A1
S214004AA01200B3613200530206E2638441006F4095
S214004AB030251302F007F321008073300280337232
S214004AC032008141638441006F40B0231B09900F80
S214004AD0131989011309F9FF73220080337222012A
S214004AE0114962093369490073100980B701004E05
S214004AF09B81F1FFD38001F0B7018040538101F024
S214004B0053F620089B01F0FF939101023702004EF6
S214004B101B02F2FFB3613200530206E263844100D7
S214004B206F40101E1302F007F321008073300280DE
S214004B303372320093011002638441006F40701C90
S214004B40B701803FD38001F0B701003F538101F0E9
S214004B50D38120089B01F0FF939101023702003FAA
S214004B60B3613200538201E2638441006F40501902
S214004B70D39120089B01F0FF939101023702003F7A
S214004B80B3613200538201E2638441006F405017E4
S214004B90D3A120089B01F0FF939101023702003F4A
S214004BA0B3613200538201E2638441006F405015C6
S214004BB0D3B120089B01F0FF939101023702003F1A
S214004BC0B3613200538201E2638441006F405013A8
S214004BD0D3C120089B01F0FF939101023702003FEA
S214004BE0B3613200538201E2638441006F4050118A
S214004BF01B09900F131989011309F9FF732200800E
S214004C003372220101496209336949007310098031
S214004C109B01F07F939141039381F1FFD38001F2D2
S214004C209B0190FC93914103538101F253F6200AB5
S214004C30D30106E21B02F07F131242036384410095
S214004C406F40100C9301F0077322008073B0018050
S214004C50B3F1410013025002638441006F40700AB2
S214004C601B09900F131989011309F9FF732200809D
S214004C7033722201054962093369490073100980BD
S214004C809B01F07F939141039381F1FFD38001F262
S214004C909B0190FC93914103538101F253F6200A45
S214004CA0D30106E21B02F07F131242031302F2FF47
S214004CB0638441006F40D0049301F00773220080A4
S214004CC073B00180B3F14100130210026384410007
S214004CD06F4030031B09900F131989011309F9FF60
S214004CE073220080337222010D496209336949003C
S214004CF0731009809B01F07F939141039381F1FF2C
S214004D00D38001F29B0190FC93914103538101F201
S214004D1053F6200AD30106E21B02F07F1312420369
S214004D20638441006F40C07D9301F00773220080CA
S214004D3073B00180B3F14100130250026384410056
S214004D406F40207C1B09900F131989011309F9FF86
S214004D5073220080337222010949620933694900CF
S214004D60731009809B01F07F939141039381F1FFBB
S214004D70D38001F29B0190FC93914103538101F291
S214004D8053F6200AD30106E21B02F07F13124203F9
S214004D901302F2FF638441006F4080769301F007B0
S214004DA07322008073B00180B3F141001302100239
S214004DB0638441006F40E0741B09900F131989014A
S214004DC01309F9FF73220080337222011149620928
S214004DD033694900731009809B01F07F939141036A
S214004DE09381F1FFD38001F29B0190FC93914103E4
S214004DF0538101F253F6200AD30106E21B02F07F2C
S214004E0013124203638441006F40806F9301F007E2
S214004E107322008073B00180B3F141001302500288
S214004E20638441006F40E06D9B01F03F9391410326
S214004E30D38001F29B01F01F93915103538101F23D
S214004E40D381200AD38101E21B02F01F1312520302
S214004E50638441006F40C06AD391200AD38101E287
S214004E601B02F01F13125203638441006F40406917
S214004E70D3A1200AD38101E21B02F01F13125203B2
S214004E80638441006F40C067D3B1200AD38101E23A
S214004E901B02F01F13125203638441006F404066EA
S214004EA0D3C1200AD38101E21B02F01F1312520362
S214004EB0638441006F40C0641B09900F1319890179
S214004EC01309F9FF73220080337222010149620937
S214004ED033694900731009801B0210001312F20197
S214004EE013021200D30402F053A694201B02F0FF14
S214004EF013120202854133E24100D30106E26384C5
S214004F0041006F40E05F1B02F0FF1312F203130232
S214004F101200D30402F253A69422530206E28541FD
S214004F20638441006F40C05D3702807F1B02120021
S214004F30530002F0531600201B02F0FF1312020269
S214004F409B01F01F939171019381110033E24100A0
S214004F50D30106E2638441006F40805A1B02F07F53
S214004F601312420313021200530002F253160022D9
S214004F70530206E29B01F0FF9391410393811100D7
S214004F80638441006F40C0573702807F1B02F2FFE8
S214004F90530602F0D3070642538207E29B01F0470E
S214004FA0939171019381F1FF9391D1016384410044
S214004FB06F4000551302F007F32100807330028023
S214004FC0337232008141638441006F4080531B027C
S214004FD0F07F131242031302F2FF530002F2014263
S214004FE0D30702F0D37710401B02F0FF1312020221
S214004FF0B701807F33E24100D38107E2638441003A
S2140050006F4000501302F007F321008073300280D7
S2140050103372320093015002638441006F40604E49
S2140050209B01F03F93914103D38001F2D387104058
S2140050301B02F0FF13120202B701803F33E2410069
S214005040D38107E2638441006F40804BD3971040C2
S2140050501B02F0FF13120202B701803F33E2410049
S214005060D38107E2638441006F408049D3A7104094
S2140050701B02F0FF13120202B701803F33E2410029
S214005080D38107E2638441006F408047D3B7104066
S2140050901B02F0FF13120202B701803F33E2410009
S2140050A0D38107E2638441006F408045D3C7104038
S2140050B01B02F0FF13120202B701803F33E24100E9
S2140050C0D38107E2638441006F40804337120200B9
S2140050D01B02F2B71312D202530402F2D37714C2A1
S2140050E0B700FF00638417006F4080411302F0078B
S2140050F0F321008073300280337232008141638472
S21400510041006F400040D30714C2B700FF0063841D
S21400511017006F40E03ED31714C2B700FF00638449
S21400512017006F40E03DD32714C2B700FF0063842A
S21400513017006F40E03CD33714C2B700FF0063840B
S21400514017006F40E03BD34714C2B700FF006384EC
S21400515017006F40E03A1B02F0BF1312420313021F
S214005160F2FF530002F2D37700C2FD506384F000D2
S2140051706F4000391302F007F3210080733002807D
S2140051803372320093011002638441006F4060372F
S214005190B74100009B81F10393910103538001F214
S2140051A0D30700C2FD406384F0006F406035D3171C
S2140051B000C2FD406384F0006F408034D32700C2F5
S2140051C0FD406384F0006F40A033D33700C2FD403B
S2140051D06384F0006F40C032D34700C2FD40638452
S2140051E0F0006F40E031379221001B02F27F13126D
S2140051F09202530402F2D37734C2B71000009B80A9
S214005200F0FF93908002638417006F40602F1302B4
S214005210F007F32100807330028033723200814140
S214005220638441006F40E02DD30734C2B7100000FE
S2140052309B80F0FF93908002638417006F40402CA1
S214005240D31734C2B71000009B80F0FF9390800203
S214005250638417006F40C02AD32734C2B7100000FB
S2140052609B80F0FF93908002638417006F40402974
S214005270D33734C2B71000009B80F0FF93908002B3
S214005280638417006F40C027D34734C2B7100000AE
S2140052909B80F0FF93908002638417006F40402647
S2140052A01B02F0BF131242031302F2FF530002F276
S2140052B0D37720C2FD506384F0006F406024130251
S2140052C0F007F321008073300280337232009301BE
S2140052D01002638441006F40C022B72100009B810A
S2140052E091FF93911103538001F2D30720C28540AA
S2140052F06384F0006F40C020D31720C285406384CB
S214005300F0006F40E01FD32720C285406384F00082
S2140053106F40001FD33720C289406384F0006F407F
S214005320201ED34720C285406384F0006F40401D96
S2140053301B02F017131272011302F2FF530002F061
S214005340D37700C0FD506384F0006F40601B1302EB
S214005350F007F3210080733002803372320093012D
S2140053601002638441006F40C0191B02F01713122D
S2140053707201530002F0D30700C0FD506384F000B2
S2140053806F400018D31700C0FD506384F0006F40D4
S2140053902017D32700C0FD506384F0006F404016EE
S2140053A0D33700C0FD506384F0006F406015D347CC
S2140053B000C0FD506384F0006F4080143702C03F89
S2140053C0530002F0D37710C089406384F0006F402A
S2140053D020131302F007F32100807330028033722B
S2140053E0320093011002638441006F408011D3079E
S2140053F010C089406384F0006F408010D31710C03F
S21400540085406384F0006F40A00FD32710C085400E
S2140054106384F0006F40C00ED33710C089406384A9
S214005420F0006F40E00DD34710C089406384F00061
S2140054306F40000D1B02F017131272011302F2FFE9
S214005440530002F0D37720C0FD506384F0006F4015
S214005450200B1302F007F3210080733002803372B2
S214005460320093011002638441006F4080091B02E2
S214005470F00B13128201530002F0D30720C063041E
S214005480F0006F40E0071B02F00B1312820153007E
S21400549002F0D31720C06304F0006F4060061B02C2
S2140054A0F00B13128201530002F0D32720C0FD50E8
S2140054B06384F0006F40C0041B02F00B13128201DD
S2140054C0530002F0D33720C06304F0006F4040035F
S2140054D01B02F00B13128201530002F0D34720C0C8
S2140054E0FD506384F0006F40A0013702C03F5300B8
S2140054F002F0D37730C089406384F0006F404000EC
S2140055001302F007F32100807330028033723200FA
S21400551093011002638441006F30B07ED30730C021
S21400552089406384F0006F30B07DD31730C085406B
S2140055306384F0006F30D07CD32730C0854063840E
S214005540F0006F30F07BD33730C089406384F000C2
S2140055506F30107BD34730C089406384F0006F30D3
S214005560307AB70000809B80F0FFD38700D253824A
S21400557007E29B01F0209391F1019381F1FF939153
S2140055806101638441006F30B0779B0010009390F8
S21400559000029380F0FFD38710D2538207E29B016C
S2140055A0F0419391F1019381F1FF9391510163844E
S2140055B041006F30F0749B001000939000029380BF
S2140055C0F0FFD3F720D2538207E29B01F04193917C
S2140055D0F1019381F1FF93915101638441006F3093
S2140055E030729B00F0FF9390800293801000B7010A
S2140055F0C07FD38701F0D38720D2538207E29B0176
S21400560070C2939171029381F1FF9391D1006384EC
S21400561041006F30F06EB701C07FD38701F0D3979B
S21400562020D2538207E29B0170C29391710293814C
S214005630F1FF9391D100638441006F30706CB70125
S214005640C07FD38701F0D3A720D2538207E29B0105
S21400565070C2939171029381F1FF9391D10063849C
S21400566041006F30F069B701C07FD38701F0D3B730
S21400567020D2538207E29B0170C2939171029381FC
S214005680F1FF9391D100638441006F307067B701DA
S214005690C07FD38701F0D3C720D2538207E29B0195
S2140056A070C2939171029381F1FF9391D10063844C
S2140056B041006F30F0649B0010009390800293804E
S2140056C0F0FFD3F730D2538207E29B0170429391EA
S2140056D071029381F1FF9391D100638441006F3092
S2140056E03062B71100009B81F1FF93913103D3879D
S2140056F001F2D38730D2538207E29B017042939126
S21400570071029381F1FF9391D100638441006F3061
S214005710305FB71100009B81F1FF93913103D3876F
S21400572001F2D39730D2538207E29B0170429391E5
S21400573071029381F1FF9391D100638441006F3031
S214005740305CB71100009B81F1FF93913103D38742
S21400575001F2D3A730D2538207E29B0170429391A5
S21400576071029381F1FF9391D100638441006F3001
S2140057703059B71100009B81F1FF93913103D38715
S21400578001F2D3B730D2538207E29B017042939165
S21400579071029381F1FF9391D100638441006F30D1
S2140057A03056B71100009B81F1FF93913103D387E8
S2140057B001F2D3C730D2538207E29B017042939125
S2140057C071029381F1FF9391D100638441006F30A1
S2140057D03053B70000809B80F0FFD3F700D01B0249
S2140057E0F0FF13120202B701004F33E24100D381EB
S2140057F007E2638441006F30B0509301F0077322D4
S214005800008073B00180B3F141001302100263847C
S21400581041006F30104FB70010009B80F0FF939050
S214005820C00093801000B701C07FD38701F0D387F4
S21400583000D01B02F0FF13120202B7510C009B812E
S214005840F17F9391C10033E24100D38107E2638484
S21400585041006F30F04AB701C07FD38701F0D3977D
S21400586000D01B02F0FF13120202B7510C009B81FE
S214005870F17F9391C10033E24100D38107E2638454
S21400588041006F30F047B701C07FD38701F0D3A740
S21400589000D01B02F0FF13120202B7510C009B81CE
S2140058A0F17F9391C10033E24100D38107E2638424
S2140058B041006F30F044B701C07FD38701F0D3B703
S2140058C000D01B02F0FF13120202B7510C009B819E
S2140058D0F17F9391C10033E24100D38107E26384F4
S2140058E041006F30F041B701C07FD38701F0D3C7C6
S2140058F000D01B02F0FF13120202B7510C009B816E
S214005900F17F9391C10033E24100D38107E26384C3
S21400591041006F30F03E9B00100093900002938091
S214005920F0FFD3F710D01B02F0FF13120202B701EC
S214005930804F33E24100D38107E2638441006F3039
S214005940303C9301F0077322008073B00180B3F1FE
S214005950410013021002638441006F30903AB71082
S21400596000009B80F0FFB701C07FD38701F0D3878C
S21400597010D01B02F0FF13120202B7F17F4533E28C
S2140059804100D38107E2638441006F307037B7016E
S214005990C07FD38701F0D39710D01B02F0FF1312FD
S2140059A00202B7F17F4533E24100D38107E2638408
S2140059B041006F30F034B701C07FD38701F0D3A722
S2140059C010D01B02F0FF13120202B7F17F4533E23C
S2140059D04100D38107E2638441006F307032B70123
S2140059E0C07FD38701F0D3B710D01B02F0FF13128D
S2140059F00202B7F17F4533E24100D38107E26384B8
S214005A0041006F30F02FB701C07FD38701F0D3C7B6
S214005A1010D01B02F0FF13120202B7F17F4533E2EB
S214005A204100D38107E2638441006F30702DFD5042
S214005A30D3F720D01B02F0FF131202029B01F017CF
S214005A409391710133E24100D38107E26384410000
S214005A506F30102BB701C07FD38701F0D38720D0DB
S214005A601B02F0FF131202029B01F01793917101C3
S214005A7033E24100D38107E2638441006F3050284F
S214005A80B701C07FD38701F0D39720D01B02F0FF69
S214005A90131202029B01F0179391710133E2410049
S214005AA0D38107E2638441006F309025B701C07F41
S214005AB0D38701F0D3A720D01B02F0FF13120202F7
S214005AC09B01F0179391710133E24100D38107E205
S214005AD0638441006F30D022B701C07FD38701F0C6
S214005AE0D3B720D01B02F0FF131202029B01F0175F
S214005AF09391710133E24100D38107E26384410050
S214005B006F301020B701C07FD38701F0D3C720D0F5
S214005B101B02F0FF131202029B01F0179391710112
S214005B2033E24100D38107E2638441006F30501DA9
S214005B30B70000019B80F0FF93900001D3F730D0B0
S214005B401B02F0FF13120202B70180539B81F1FF84
S214005B5033E24100D38107E2638441006F30501A7C
S214005B60B701C07FD38701F0D38730D01B02F0FF88
S214005B7013120202B70180539B81F1FF33E241000A
S214005B80D38107E2638441006F309017B701C07F6E
S214005B90D38701F0D39730D01B02F0FF1312020216
S214005BA0B70180539B81F1FF33E24100D38107E2C6
S214005BB0638441006F30D014B701C07FD38701F0F3
S214005BC0D3A730D01B02F0FF13120202B701805396
S214005BD09B81F1FF33E24100D38107E263844100F9
S214005BE06F301012B701C07FD38701F0D3B730D023
S214005BF01B02F0FF13120202B70180539B81F1FFD4
S214005C0033E24100D38107E2638441006F30500FD6
S214005C10B701C07FD38701F0D3C730D01B02F0FF97
S214005C2013120202B70180539B81F1FF33E2410059
S214005C30D38107E2638441006F30900CB770240074
S214005C409B80D08A9390C000938010F19390D000F0
S214005C50938050D99390E00093801032B7010500EE
S214005C6023B01100D38000F207B10100D3A020A218
S214005C70639400006F30D008B79088009B8010892E
S214005C809390C000938010119390D00093802022B0
S214005C9023B0110087B00100538200E26384400005
S214005CA06F301006B70000109B80F0FF1B0210FF3D
S214005CB01312C2011302F2FFB7010500D38000F0F1
S214005CC027B0110083B20100638442006F30500396
S214005CD09B00F03E93906001B701050023B01100D1
S214005CE087B00100538200E0B700C0FB6384400029
S214005CF06F301001370202011B024230D30702F058
S214005D000142530702F05387F7201B02F0FF1312DD
S214005D100202B70102019B81413033E24100D30108
S214005D2007E2638441006F30A07D378240001B028B
S214005D30120C13121201130232281312120113024C
S214005D408270D30702F20142530702F25387F7220A
S214005D50530207E2B78140009B81110C9391110119
S214005D60938131289391110193818170638441005E
S214005D706F3000798141D38001F09B01F01F939131
S214005D807101538101F0B701807F9B811100D38799
S214005D9001F0D38720209B01F0FF939101021B02A4
S214005DA010001312F201B3613200538207E26384DB
S214005DB041006F30E0748141D38001F29B01F0FF17
S214005DC093914103538101F29B01F07F939141032C
S214005DD093811100D38701F2D3872022D38107E273
S214005DE01B02F0FF1312F203638441006F30407110
S214005DF08141D38001F0B701807F538101F0B70164
S214005E00807F9B811100D38701F0D39720209B01D0
S214005E10F0FF939101021B0210001312F201B3610E
S214005E203200538207E2638441006F30606D814127
S214005E30D38001F29B01F07F93914103538101F2DD
S214005E409B01F07F9391410393811100D38701F268
S214005E50D3972022D38107E21B02F0FF1312F2032E
S214005E60638441006F30C0699B0110009391F1017B
S214005E70D38001F0B701807F538101F0B701807FA6
S214005E809B811100D38701F0D3A720209B01F0FF50
S214005E90939101021B0210001312F201B36132004B
S214005EA0538207E2638441006F3080659B01F0FFF8
S214005EB09391F103D38001F29B01F07F939141030C
S214005EC0538101F29B01F07F93914103938111006E
S214005ED0D38701F2D3A72022D38107E21B02F0FF6B
S214005EE01312F203638441006F3080619B01F01F40
S214005EF093917101D38001F0D39000E085416384D3
S214005F0030006F30E05F9B01F03F93916101D380DA
S214005F1001F0D39000E093010020638430006F30DE
S214005F20205E9B01F0FF93914103D38001F2D39052
S214005F3000E28541638430006F30805C9B01F0FF97
S214005F4093913103D38001F2D39000E293010020B5
S214005F50638430006F30C05A3712807F1B021211E4
S214005F60530002F03702807F1B021211D30002F0AA
S214005F703702C07F1B021201530102F03702C07FB6
S214005F801B020201D30102F03702807F530202F0A7
S214005F901B02F01F13127201D30202F03702003FF9
S214005FA0530302F01B02F00B13128201D30302F01C
S214005FB00542530402F01B0210001312F2011302F2
S214005FC01200D30402F00142530502F01B02100037
S214005FD01312F201D30502F0D31740281B02F0FF7C
S214005FE013120202B701C07F33E24100D38107E2F9
S214005FF0638441006F30C0519301F0077322008024
S21400600073B00180B3F141001302000363844100C2
S2140060106F30204FD31761281B02F0FF13120202C5
S214006020B701003F33E24100D38107E263844100B9
S2140060306F30004E9301F0077322008073B001802A
S214006040B3F141000142638441006F30804BD317A7
S21400605073281B02F0FF13120202B701003F33E25F
S2140060604100D38107E2638441006F30604A9301A8
S214006070F0077322008073B00180B3F14100014243
S214006080638441006F30E047732900801B02F01FD5
S214006090131272011302F2FF3379220105425E02E7
S2140060A03362220173100280D31700281B02F0FF10
S2140060B013120202B711C07F9B81111133E2410017
S2140060C0D38107E2638441006F308044D3171128E0
S2140060D01B02F0FF13120202B701C07F9B81111151
S2140060E033E24100D38107E2638441006F304042CF
S2140060F0D31731281B02F0FF13120202B701C07F2C
S2140061009B81110133E24100D38107E263844100A1
S2140061106F300040732900801B02F01F13127201BB
S2140061201302F2FF3379220101425E02336222013A
S21400613073100280D30740281B02F0FF13120202DE
S214006140B701C07F33E24100D38107E26384410098
S2140061506F30203C9301F0077322008073B00180FB
S214006160B3F1410013020003638441006F306039CD
S214006170D30761281B02F0FF13120202B701003F8B
S21400618033E24100D38107E2638441006F30603818
S2140061909301F0077322008073B00180B3F14100D1
S2140061A00142638441006F30C035D30773281B0259
S2140061B0F0FF131202029B01F00B9391810133E270
S2140061C04100D38107E2638441006F30803493013D
S2140061D0F0077322008073B00180B3F141000142E2
S2140061E0638441006F30E031732900801B02F01F8A
S2140061F0131272011302F2FF3379220105425E0286
S2140062003362220173100280D30700281B02F0FFBE
S21400621013120202B711C07F9B81111133E24100B5
S214006220D38107E2638441006F30A02ED307112884
S2140062301B02F0FF13120202B701C07F9B811111EF
S21400624033E24100D38107E2638441006F30602C63
S214006250D30721281B02F0FF13120202B701C07FEA
S2140062609B81110133E24100D38107E26384410040
S2140062706F30202A732900801B02F01F1312720150
S2140062801302F2FF3379220101425E0233622201D9
S21400629073100280D32060A0638400006F308027D4
S2140062A09301F0077322008073B00180B3F14100C0
S2140062B013020003638441006F30A024D32041A062
S2140062C0638400006F3000259301F007732200807E
S2140062D073B00180B3F141000142638441006F3026
S2140062E04022D3A073A08541638430006F308022A3
S2140062F09301F0077322008073B00180B3F1410070
S2140063000142638441006F30C01FD30060A06384E5
S21400631000006F3040209301F0077322008073B0B6
S2140063200180B3F1410013020003638441006F3023
S214006330401DD30041A0638400006F30C01D930150
S214006340F0077322008073B00180B3F1410013029E
S2140063500003638441006F30C01AD38063A0854178
S214006360638430006F30201B9301F0077322008097
S21400637073B00180B3F141000142638441006F3085
S2140063804018D31060A0638400006F30E0189301BB
S214006390F0077322008073B00180B3F1410013024E
S2140063A00003638441006F30C015D31041A063849E
S2140063B000006F3060169301F0077322008073B000
S2140063C00180B3F1410013020003638441006F3083
S2140063D04013D39063A08541638430006F30C013B0
S2140063E09301F0077322008073B00180B3F141007F
S2140063F00142638441006F30C0101B02F07F13120D
S2140064008202130212001312C2001302121153006A
S21400641002F21B02F07F1312420313021211D30082
S21400642002F2371200001B02F2FF131232031302AD
S2140064301201530102F2371200001B02F2FF131280
S214006440320313020201D30102F21B02F07F131281
S2140064504203530202F21B02F0FF13124203D3025E
S21400646002F21B02F01F13125203530302F21B0226
S214006470F0DF13125203D30302F20542530402F272
S2140064801B02F0FF1312F20313021200D30402F2EF
S2140064900142530502F21B02F0FF1312F203D3056A
S2140064A002F2D317402A538207E2B71100009B81FD
S2140064B0F1FF93913103638441006F30000693012E
S2140064C0F0077322008073B00180B3F1410013021D
S2140064D00003638441006F30C002D317612A5382E1
S2140064E007E29B01F01F93915103638441006F30D4
S2140064F0C0029301F0077322008073B00180B3F1ED
S21400650041000142638441006F20B07FD317732A95
S214006510538207E29B01F01F93915103638441006D
S2140065206F20B07F9301F0077322008073B0018064
S214006530B3F141000142638441006F20907C7329CF
S21400654000801B02F01F131272011302F2FF337950
S214006550220105425E023362220173100280D317C5
S214006560002A538207E2B71100009B81F1FF939146
S2140065707102938111009391C1009381111163847C
S21400658041006F209079D317112A538207E2B71182
S21400659000009B81F1FF9391310393811111638475
S2140065A041006F209077D317312A538207E2B71144
S2140065B000009B81F1FF9391310393811101638465
S2140065C041006F209075732900801B02F01F131284
S2140065D072011302F2FF3379220101425E02336236
S2140065E0220173100280D307402A538207E2B711B4
S2140065F000009B81F1FF93913103638441006F207B
S214006600F0719301F0077322008073B00180B3F13C
S214006610410013020003638441006F20906ED3078D
S214006620612A538207E29B01F01F93915103638412
S21400663041006F20B06E9301F0077322008073B0A4
S2140066400180B3F141000142638441006F20706B0A
S214006650D307732A538207E29B01F0DF939151031D
S214006660638441006F20906B9301F00773220080D3
S21400667073B00180B3F141000142638441006F2092
S2140066805068732900801B02F01F13127201130258
S214006690F2FF3379220105425E0233622201731053
S2140066A00280D307002A538207E2B71100009B81BD
S2140066B0F1FF93917102938111009391C100938130
S2140066C01111638441006F207065D307112A53822D
S2140066D007E2B71100009B81F1FF9391310393818C
S2140066E01111638441006F207063D307212A5382FF
S2140066F007E2B71100009B81F1FF9391310393816C
S2140067001101638441006F207061732900801B02B1
S214006710F01F131272011302F2FF337922010142B5
S2140067205E023362220173100280D32060A263846B
S21400673000006F20305E9301F0077322008073B074
S2140067400180B3F1410013020003638441006F200F
S214006750505BD32041A2638400006F20B05B93019E
S214006760F0077322008073B00180B3F1410001424C
S214006770638441006F20F058D3A073A285416384E0
S21400678030006F2030599301F0077322008073B0F9
S2140067900180B3F141000142638441006F207056CE
S2140067A0D30060A2638400006F20F0569301F007C8
S2140067B07322008073B00180B3F14100130200031E
S2140067C0638441006F20F053D30041A2638400002D
S2140067D06F2010559301F0077322008073B001807C
S2140067E0B3F1410013020003638441006F2070512F
S2140067F0D38063A28541638430006F20705293017A
S214006800F0077322008073B00180B3F141000142AB
S214006810638441006F20F04ED31060A263840000B2
S2140068206F2030509301F0077322008073B0018010
S214006830B3F1410013020003638441006F20704CE3
S214006840D31041A2638400006F20B04D9301F0077F
S2140068507322008073B00180B3F14100130200037D
S214006860638441006F20F049D39063A2854163841E
S21400687030006F20104B9301F0077322008073B036
S2140068800180B3F141000142638441006F207047EC
S2140068903712807F1B021211530002F03702807FEE
S2140068A01B021211D30002F03702C07F1B02120136
S2140068B0530102F03702C07F1B020201D30102F02F
S2140068C03702807F530202F01B02F01F1312720180
S2140068D0D30202F0378282401B020290530302F07A
S2140068E0378201001B0272101312F200D30302F06B
S2140068F00542530402F01B0210001312F2011302A9
S2140069001200D30402F00142530502F01B021000ED
S2140069101312F201D30502F0D37710181B02F0FF12
S21400692013120202B701C07F33E24100D38107E2AF
S214006930638441006F20103D9301F00773220080AE
S21400694073B00180B3F14100130200036384410079
S2140069506F20303BD37761181B02F0FF1312020240
S214006960B701C07F33E24100D38107E26384410070
S2140069706F2050399301F0077322008073B00180B6
S214006980B3F141000142638441006F209037D37712
S21400699073181B02F0FF13120202B76100009B81FE
S2140069A0F1FB9391110133E24100D38107E2638446
S2140069B041006F2030359301F0077322008073B0DA
S2140069C00180B3F141000142638441006F207033BF
S2140069D0D37752181B02F0FF13120202B701C07FD2
S2140069E033E24100D38107E2638441006F20903197
S2140069F09301F0077322008073B00180B3F1410069
S214006A0013020003638441006F20B02FD377B518BC
S214006A101B02F0FF13120202B701C07F33E24100EF
S214006A20D38107E2638441006F20D02D9301F007E5
S214006A307322008073B00180B3F14100130200039B
S214006A40638441006F20F02BB701F071538A01F088
S214006A50B701C058D38A01F0D3075A191B02F0FFBA
S214006A6013120202B701A05833E24100D38107E2B5
S214006A70638441006F2010299301F0077322008081
S214006A8073B00180B3F141000142638441006F207E
S214006A905027D3175A191B02F0FF13120202B70130
S214006AA0A05833E24100D38107E2638441006F209F
S214006AB070259301F0077322008073B00180B3F154
S214006AC041000142638441006F20B023D3275A1946
S214006AD01B02F0FF13120202B701A05833E2410076
S214006AE0D38107E2638441006F20D0219301F00731
S214006AF07322008073B00180B3F1410001426384C9
S214006B0041006F201020D3375A191B02F0FF1312D2
S214006B100202B701A05833E24100D38107E2638442
S214006B2041006F20301E9301F0077322008073B07F
S214006B300180B3F141000142638441006F20701C64
S214006B40D3475A191B02F0FF13120202B701A058CE
S214006B5033E24100D38107E2638441006F20901A3C
S214006B609301F0077322008073B00180B3F14100F7
S214006B700142638441006F20D018732900801B02F5
S214006B80F01F131272011302F2FF3379220105423D
S214006B905E023362220173100280D37710181B0244
S214006BA0F0FF13120202B711C07F9B81111133E26E
S214006BB04100D38107E2638441006F20B014D3778D
S214006BC011181B02F0FF13120202B701C07F9B814F
S214006BD0111133E24100D38107E2638441006F2044
S214006BE07012D37742181B02F0FF13120202B7018D
S214006BF0C07F33E24100D38107E2638441006F2007
S214006C007010D377B5181B02F0FF13120202B701FB
S214006C10C07F33E24100D38107E2638441006F20E6
S214006C20700E732900801B02F01F131272011302EC
S214006C30F2FF3379220101425E02336222017310B1
S214006C400280D37700581B02F0FF13120202B7012E
S214006C50C07F33E24100D38107E2638441006F20A6
S214006C60B00A9301F0077322008073B00180B3F17D
S214006C70410013020003638441006F209008D3F79D
S214006C8001581B02F0FF13120202B701C07F33E265
S214006C904100D38107E2638441006F20F006930130
S214006CA0F0077322008073B00180B3F14100014207
S214006CB0638441006F20F004D37703581B02F0FF73
S214006CC013120202B74101409B81C1AF33E241007B
S214006CD0D38107E2638441006F2010039301F0071D
S214006CE07322008073B00180B3F1410013021002DA
S214006CF0638441006F20F000B701A271538A01F04F
S214006D00D3070A581B02F0FF13120202B70190586D
S214006D1033E24100D38107E2638441006F20C07EE6
S214006D209301F0077322008073B00180B3F1410035
S214006D300142638441006F20C07CB701C07FD387C7
S214006D4001F0D3170A581B02F0FF13120202B70114
S214006D50905833E24100D38107E2638441006F20FC
S214006D60A07A9301F0077322008073B00180B3F11C
S214006D7041000142638441006F20A078B701C07FC4
S214006D80D38701F0D3270A581B02F0FF1312020222
S214006D90B701905833E24100D38107E26384410093
S214006DA06F2080769301F0077322008073B0018015
S214006DB0B3F141000142638441006F208074B70143
S214006DC0C07FD38701F0D3370A581B02F0FF131297
S214006DD00202B701905833E24100D38107E2638490
S214006DE041006F2060729301F0077322008073B039
S214006DF00180B3F141000142638441006F2060705E
S214006E00B701C07FD38701F0D3470A581B02F0FFB3
S214006E1013120202B701905833E24100D38107E211
S214006E20638441006F20406E9301F0077322008058
S214006E3073B00180B3F141000142638441006F20CA
S214006E40406C732900801B02F01F1312720113029C
S214006E50F2FF3379220105425E023362220173108B
S214006E600280D37700581B02F0FF13120202B711FC
S214006E70C07F9B81111133E24100D38107E2638416
S214006E8041006F206068D37701581B02F0FF131291
S214006E900202B701C07F9B81110133E24100D3811A
S214006EA007E2638441006F202066D3F702581B0276
S214006EB0F0FF13120202B701C07F33E24100D38114
S214006EC007E2638441006F202064732900801B0260
S214006ED0F01F131272011302F2FF337922010142EE
S214006EE05E0233622201731002801B02F07F1312CF
S214006EF08202130212001312C20013021211530070
S214006F0002F21B02F07F1312420313021211D30087
S214006F1002F2371200001B02F2FF131232031302B2
S214006F201201530102F2371200001B02F2FF131285
S214006F30320313020201D30102F21B02F07F131286
S214006F404203530202F21B02F0FF13124203D30263
S214006F5002F2371281001B0292E31312D2001302D0
S214006F6092B31312C200130292E31312C200530329
S214006F7002F23752FDE31B02525513122202D303CC
S214006F8002F20542530402F21B02F0FF1312F20350
S214006F9013021200D30402F20142530502F21B024E
S214006FA0F0FF1312F203D30502F2D377101A5382BE
S214006FB007E2B71100009B81F1FF939131036384D0
S214006FC041006F2080549301F0077322008073B055
S214006FD00180B3F1410013020003638441006F2077
S214006FE04052D377611A538207E2B71100009B81A3
S214006FF0F1FF93913103638441006F2000519301A8
S214007000F0077322008073B00180B3F141000142A3
S214007010638441006F20E04ED377731A538207E2F1
S214007020B75135809B8151559391F101638441009E
S2140070306F20A04D9301F0077322008073B001808B
S214007040B3F141000142638441006F20804BD37747
S214007050521A538207E2B71100009B81F1FF939109
S2140070603103638441006F20404A9301F007732286
S214007070008073B00180B3F1410013020003638403
S21400708041006F200048D377B51A538207E2B71144
S21400709000009B81F1FF93913103638441006F20D0
S2140070A0C0469301F0077322008073B00180B3F1ED
S2140070B0410013020003638441006F208044B7C17F
S2140070C0FFFF9B81510393910103538A01F2B7118D
S2140070D000009B81318093913103D38A01F2D3075C
S2140070E05A1B538207E2B7F1FFFF9B813100939151
S2140070F02103638441006F2040419301F00773220F
S214007100008073B00180B3F1410001426384410006
S2140071106F20203FB71100009B81F1FF9391310350
S214007120D38701F2D3175A1B538207E2B7F1FFFF4A
S2140071309B81310093912103638441006F20E03CE2
S2140071409301F0077322008073B00180B3F1410011
S2140071500142638441006F20C03AB71100009B8152
S214007160F1FF93913103D38701F2D3275A1B538241
S21400717007E2B7F1FFFF9B813100939121036384FF
S21400718041006F2080389301F0077322008073B0AF
S2140071900180B3F141000142638441006F206036F4
S2140071A0B71100009B81F1FF93913103D38701F261
S2140071B0D3375A1B538207E2B7F1FFFF9B8131009A
S2140071C093912103638441006F2020349301F007DC
S2140071D07322008073B00180B3F1410001426384E2
S2140071E041006F200032B71100009B81F1FF9391A0
S2140071F03103D38701F2D3475A1B538207E2B7F114
S214007200FFFF9B81310093912103638441006F202F
S214007210C02F9301F0077322008073B00180B3F192
S21400722041000142638441006F20A02D7329008035
S2140072301B02F01F131272011302F2FF33792201B0
S21400724005425E023362220173100280D377101A61
S214007250538207E2B71100009B81F1FF9391710200
S214007260938111009391C1009381111163844100B1
S2140072706F20A029D377111A538207E2B7110000B6
S2140072809B81F1FF93913103938111116384410037
S2140072906F20A027D377421A538207E2B711000067
S2140072A09B81F1FF93913103638441006F20E025B9
S2140072B0D377B51A538207E2B71100009B81F1FF1E
S2140072C093913103638441006F202024732900804A
S2140072D01B02F01F131272011302F2FF3379220110
S2140072E001425E023362220173100280D377005A95
S2140072F0538207E2B71100009B81F1FF939131039F
S214007300638441006F20A0209301F0077322008061
S21400731073B00180B3F1410013020003638441009F
S2140073206F20201ED3F7015A538207E2B7110000E0
S2140073309B81F1FF93913103638441006F20201DF0
S2140073409301F0077322008073B00180B3F141000F
S2140073500142638441006F20C01AD377035A5382D8
S21400736007E2B70114009B81D13E939101019381FE
S214007370F19F9391C100938171C89391D10093813D
S2140073806197638441006F2080189301F007732291
S214007390008073B00180B3F14100130210026384D1
S2140073A041006F200016B78107029B8111E0939180
S2140073B05102538A01F2D3070A5A538207E2B701F1
S2140073C002009B81F1379391D102638441006F20C4
S2140073D000149301F0077322008073B00180B3F1AC
S2140073E041000142638441006F20A011B7110000E4
S2140073F09B81F1FF93913103D38701F2D3170A5A89
S214007400538207E2B70102009B81F1379391D102C4
S214007410638441006F20A00F9301F0077322008061
S21400742073B00180B3F141000142638441006F20D4
S214007430400DB71100009B81F1FF93913103D38774
S21400744001F2D3270A5A538207E2B70102009B8152
S214007450F1379391D102638441006F20400B930172
S214007460F0077322008073B00180B3F1410001423F
S214007470638441006F20E008B71100009B81F1FF94
S21400748093913103D38701F2D3370A5A538207E226
S214007490B70102009B81F1379391D10263844100CA
S2140074A06F20E0069301F0077322008073B001801E
S2140074B0B3F141000142638441006F208004B7119C
S2140074C000009B81F1FF93913103D38701F2D347EC
S2140074D00A5A538207E2B70102009B81F137939163
S2140074E0D102638441006F2080029301F00773226B
S2140074F0008073B00180B3F1410001426384410013
S2140075006F202000732900801B02F01F13127201E7
S2140075101302F2FF3379220105425E023362220132
S21400752073100280D377005A538207E2B711000027
S2140075309B81F1FF93917102938111009391C10099
S21400754093811111638441006F10707CD377015AC8
S214007550538207E2B71100009B81F1FF939131033C
S21400756093811101638441006F10707AD3F7025A39
S214007570538207E2B71100009B81F1FF939131031C
S214007580638441006F10B0789301F0077322008087
S21400759073B00180B3F1410013020003638441001D
S2140075A06F103076732900801B02F01F13127201D1
S2140075B01302F2FF3379220101425E023362220196
S2140075C0731002803702D142530002F037826D43B7
S2140075D0D30002F0537110101B02F0FF13120202C8
S2140075E0B7E1C1469B81015833E24100D30101E275
S2140075F0638441006F10906F9301F0077322008040
S21400760073B00180B3F141000142638441006F1002
S214007610506F3702807F1B02F2FF530002F03702E2
S214007620C03FD30002F0537110109B01F0FF9391FE
S21400763001023702807FB3613200530201E26384A5
S21400764041006F10B06A9301F0077322008073B098
S2140076500180B3F1410013025002638441006F10B1
S214007660506A1B09900F131989011309F9FFF321BA
S2140076700080B3F1210105496209336939007310AE
S2140076800980537110109B01F0FF9391010237029D
S214007690807F1B02F2FFB3613200530201E2638473
S2140076A041006F10B0649301F0077322008073B03E
S2140076B00180B3F1410013025002638441006F1051
S2140076C050641B09900F131989011309F9FFF32160
S2140076D00080B3F12101094962093369390073104A
S2140076E00980537110109B01F0FF9391010237023D
S2140076F0807F1B02F2FFB3613200530201E2638413
S21400770041006F10B05E9301F0077322008073B0E3
S2140077100180B3F1410013025002638441006F10F0
S214007720505E1B09900F131989011309F9FFF32105
S2140077300080B3F121010D496209336939007310E5
S2140077400980537110109B01F0FF939101023702DC
S214007750807FB3613200530201E2638441006F1000
S214007760F0589301F0077322008073B00180B3F1E4
S214007770410013025002638441006F1090581B09A9
S214007780900F131989011309F9FFF3210080B3F153
S2140077902101114962093369390073100980537158
S2140077A010109B01F0FF939101023702807FB361B6
S2140077B03200530201E2638441006F10305393019C
S2140077C0F0077322008073B00180B3F1410013020A
S2140077D05002638441006F10D0521B09900F13199A
S2140077E089011309F9FFF3210080B3F1210115493E
S2140077F062093369390073100980530110109B0128
S214007800F0FF939101023702807FB361320053028A
S21400781001E2638441006F10704D9301F0077322FC
S214007820008073B00180B3F14100130250026384FC
S21400783041006F10104D531110109B01F0FF9391F3
S21400784001023702807F1B02F2FFB361320053024F
S21400785001E2638441006F1070499301F0077322C0
S214007860008073B00180B3F14100130250026384BC
S21400787041006F101049532110109B01F0FF9391A7
S21400788001023702807F1B02F2FFB361320053020F
S21400789001E2638441006F1070459301F007732284
S2140078A0008073B00180B3F141001302500263847C
S2140078B041006F101045533110109B01F0FF93915B
S2140078C001023702807FB3613200530201E2638413
S2140078D041006F10B0419301F0077322008073B02F
S2140078E00180B3F1410013025002638441006F101F
S2140078F05041534110109B01F0FF93910102370253
S214007900807FB3613200530201E2638441006F104E
S214007910F03D9301F0077322008073B00180B3F14D
S214007920410013025002638441006F10903D1B0912
S214007930900F131989011309F9FFF3210080B3F1A1
S2140079402101014962093369390073100980B701C2
S21400795001009B81D10D9391E102538001F2B74162
S21400796000009B81110193910103D38001F25371B2
S2140079701012D30101E2371210001B02D26213125A
S214007980A202638441006F1010379301F007732240
S214007990008073B00180B3F141000142638441006E
S2140079A06F1030361B02F0FF131242031302F2FF71
S2140079B0530002F21B02F07F13123203D30002F2CE
S2140079C053711012530201E29B01F0FF93914103A1
S2140079D0638441006F1030329301F00773220080F9
S2140079E073B00180B3F1410013025002638441007A
S2140079F06F1030311B09900F131989011309F9FF15
S214007A00F3210080B3F12101054962093369390089
S214007A107310098053711012530201E29B01F0FFAC
S214007A20939141039381F1FF638441006F10B02C62
S214007A309301F0077322008073B00180B3F1410018
S214007A4013025002638441006F10B02B1B09900F85
S214007A50131989011309F9FFF3210080B3F12101FD
S214007A60094962093369390073100980537110128D
S214007A70530201E29B01F0FF9391410363844100AE
S214007A806F1070279301F0077322008073B0018097
S214007A90B3F1410013025002638441006F10702658
S214007AA01B09900F131989011309F9FFF3210080B0
S214007AB0B3F121010D496209336939007310098059
S214007AC053711012530201E29B01F0FF93914103A0
S214007AD09381F1FF638441006F10F0219301F0075A
S214007AE07322008073B00180B3F14100130250028C
S214007AF0638441006F10F0201B09900F1319890151
S214007B001309F9FFF3210080B3F12101114962093D
S214007B10336939007310098053711012530201E261
S214007B209B01F0FF93914103638441006F10B01CEA
S214007B309301F0077322008073B00180B3F1410017
S214007B4013025002638441006F10B01B1B09900F94
S214007B50131989011309F9FFF3210080B3F12101FC
S214007B6019496209336939007310098053011012EC
S214007B70530201E29B01F0FF9391410363844100AD
S214007B806F1070179301F0077322008073B00180A6
S214007B90B3F1410013025002638441006F10701667
S214007BA053111012530201E29B01F0FF939141031F
S214007BB09381F1FF638441006F10F0139301F00787
S214007BC07322008073B00180B3F1410013025002AB
S214007BD0638441006F10F01253211012530201E229
S214007BE09B01F0FF93914103638441006F10B01036
S214007BF09301F0077322008073B00180B3F1410057
S214007C0013025002638441006F10B00F53311012FC
S214007C10530201E29B01F0FF939141039381F1FF30
S214007C20638441006F10300D9301F00773220080CB
S214007C3073B00180B3F14100130250026384410027
S214007C406F10300C53411012530201E29B01F0FFFB
S214007C5093914103638441006F10F0099301F0078C
S214007C607322008073B00180B3F14100130250020A
S214007C70638441006F10F008B700807F9B80E0FFB0
S214007C80538000F0B700803FD38000F0B700007349
S214007C90538100F01B09900F131989011309F9FF8E
S214007CA0F3210080B3F121010149620933693900EB
S214007CB073100980C3F100109301F007732200804F
S214007CC073B00180B3F141001302100263844100D7
S214007CD06F1030039B01F0FF939101023702807F03
S214007CE01B02E2FFB3613200538201E2638441006B
S214007CF06F10E07F1B09900F131989011309F9FF14
S214007D00F3210080B3F12101054962093369390086
S214007D1073100980C3F100109301F00773220080EE
S214007D2073B00180B3F14100130210026384410076
S214007D306F10207D9B01F0FF939101023702807F38
S214007D401B02E2FFB3613200538201E2638441000A
S214007D506F10E0791B09900F131989011309F9FFB9
S214007D60F3210080B3F12101094962093369390022
S214007D7073100980C3F100109301F007732200808E
S214007D8073B00180B3F14100130210026384410016
S214007D906F1020779B01F0FF939101023702807FDE
S214007DA01B02E2FFB3613200538201E263844100AA
S214007DB06F10E0731B09900F131989011309F9FF5F
S214007DC0F3210080B3F121010D49620933693900BE
S214007DD073100980C3F100109301F007732200802E
S214007DE073B00180B3F141001302100263844100B6
S214007DF06F1020719B01F0FF939101023702807F84
S214007E001B02F2FFB3613200538201E26384410039
S214007E106F10E06D1B09900F131989011309F9FF04
S214007E20F3210080B3F12101114962093369390059
S214007E3073100980C3F100109301F00773220080CD
S214007E4073B00180B3F14100130210026384410055
S214007E506F10206B9B01F0FF939101023702807F29
S214007E601B02F2FFB3613200538201E263844100D9
S214007E706F10E0671B09900F131989011309F9FFAA
S214007E80F3210080B3F121011D49620933693900ED
S214007E9073100980C38100109301F00773220080DD
S214007EA073B00180B3F141001302100263844100F5
S214007EB06F1020659B01F0FF939101023702807FCF
S214007EC01B02E2FFB3613200538201E26384410089
S214007ED06F10E061C39100109301F00773220080D9
S214007EE073B00180B3F141001302100263844100B5
S214007EF06F1020619B01F0FF939101023702807F93
S214007F001B02E2FFB3613200538201E26384410048
S214007F106F10E05DC3A100109301F007732200808C
S214007F2073B00180B3F14100130210026384410074
S214007F306F10205D9B01F0FF939101023702807F56
S214007F401B02E2FFB3613200538201E26384410008
S214007F506F10E059C3B100109301F0077322008040
S214007F6073B00180B3F14100130210026384410034
S214007F706F1020599B01F0FF939101023702807F1A
S214007F801B02F2FFB3613200538201E263844100B8
S214007F906F10E055C3C100109301F00773220080F4
S214007FA073B00180B3F141001302100263844100F4
S214007FB06F1020559B01F0FF939101023702807FDE
S214007FC01B02F2FFB3613200538201E26384410078
S214007FD06F10E0519B01F07F939141039381E1FF85
S214007FE0538001F29B01F03F93914103D38001F24D
S214007FF09B01907C93914103538101F21B09900FE2
S214008000131989011309F9FFF3210080B3F1210147
S214008010014962093369390073100980C3F10012FF
S2140080209301F0077322008073B00180B3F1410022
S21400803013021002638441006F10A04CD38101E24A
S2140080401B02F07F131242031302E2FF6384410017
S2140080506F10804A1B09900F131989011309F9FF45
S214008060F3210080B3F12101054962093369390023
S21400807073100980C3F100129301F0077322008089
S21400808073B00180B3F14100130210026384410013
S2140080906F102047D38101E21B02F07F13124203C8
S2140080A01302E2FF638441006F1000451B09900F26
S2140080B0131989011309F9FFF3210080B3F1210197
S2140080C0094962093369390073100980C3F1001247
S2140080D09301F0077322008073B00180B3F1410072
S2140080E013021002638441006F10A041D38101E2A5
S2140080F01B02F07F131242031302E2FF6384410067
S2140081006F10803F1B09900F131989011309F9FF9F
S214008110F3210080B3F121010D496209336939006A
S21400812073100980C3F100129301F00773220080D8
S21400813073B00180B3F14100130210026384410062
S2140081406F10203CD38101E21B02F07F1312420322
S2140081501302F2FF638441006F10003A1B09900F70
S214008160131989011309F9FFF3210080B3F12101E6
S214008170114962093369390073100980C3F100128E
S2140081809301F0077322008073B00180B3F14100C1
S21400819013021002638441006F10A036D38101E2FF
S2140081A01B02F07F131242031302F2FF63844100A6
S2140081B06F1080341B09900F131989011309F9FFFA
S2140081C0F3210080B3F121011949620933693900AE
S2140081D073100980C38100129301F0077322008098
S2140081E073B00180B3F141001302100263844100B2
S2140081F06F102031D38101E21B02F07F131242037D
S2140082001302E2FF638441006F10002FC391001237
S2140082109301F0077322008073B00180B3F1410030
S21400822013021002638441006F10A02DD38101E277
S2140082301B02F07F131242031302E2FF6384410025
S2140082406F10802BC3A100129301F00773220080E9
S21400825073B00180B3F14100130210026384410041
S2140082606F10202AD38101E21B02F07F1312420313
S2140082701302E2FF638441006F100028C3B10012AE
S2140082809301F0077322008073B00180B3F14100C0
S21400829013021002638441006F10A026D38101E20E
S2140082A01B02F07F131242031302F2FF63844100A5
S2140082B06F108024C3C100129301F0077322008060
S2140082C073B00180B3F141001302100263844100D1
S2140082D06F102023D38101E21B02F07F13124203AA
S2140082E01302F2FF638441006F100021B700807F05
S2140082F09B80E0FF538000F0B700803FD38000F003
S2140083009B00300F93908001538100F01B09900F63
S214008310131989011309F9FFF3210080B3F1210134
S214008320014962093369390073100980C7F10010EA
S2140083309301F0077322008073B00180B3F141000F
S21400834013021002638441006F10A01B9B01F0FF14
S214008350939101023702807F1B02E2FFB361320075
S214008360538201E2638441006F1080181B09900F4E
S214008370131989011309F9FFF3210080B3F12101D4
S214008380054962093369390073100980C7F1001086
S2140083909301F0077322008073B00180B3F14100AF
S2140083A013021002638441006F10A0159B01F0FFBA
S2140083B0939101023702807F1B02E2FFB361320015
S2140083C0538201E2638441006F1080121B09900FF4
S2140083D0131989011309F9FFF3210080B3F1210174
S2140083E0094962093369390073100980C7F1001022
S2140083F09301F0077322008073B00180B3F141004F
S21400840013021002638441006F10A00F9B01F0FF5F
S214008410939101023702807F1B02E2FFB3613200B4
S214008420538201E2638441006F10800C1B09900F99
S214008430131989011309F9FFF3210080B3F1210113
S2140084400D4962093369390073100980C7F10010BD
S2140084509301F0077322008073B00180B3F14100EE
S21400846013021002638441006F10A0099B01F0FF05
S214008470939101023702807F1B02F2FFB361320044
S214008480538201E2638441006F1080061B09900F3F
S214008490131989011309F9FFF3210080B3F12101B3
S2140084A0114962093369390073100980C7F1001059
S2140084B09301F0077322008073B00180B3F141008E
S2140084C013021002638441006F10A0039B01F0FFAB
S2140084D0939101023702807F1B02F2FFB3613200E4
S2140084E0538201E2638441006F1080001B09900FE5
S2140084F0131989011309F9FFF3210080B3F1210153
S214008500014962093369390073100980C781001078
S2140085109301F0077322008073B00180B3F141002D
S21400852013021002E39F417C9B01F0FF939101022E
S2140085303702807F1B02E2FFB3613200538201E202
S214008540E398417AC79100109301F00773220080E8
S21400855073B00180B3F1410013021002E393417A35
S2140085609B01F0FF939101023702807F1B02E2FF1E
S214008570B3613200538201E2E39C4176C7A100104A
S2140085809301F0077322008073B00180B3F14100BD
S21400859013021002E39741769B01F0FF93910102CC
S2140085A03702807F1B02E2FFB3613200538201E292
S2140085B0E3904174C7B100109301F0077322008066
S2140085C073B00180B3F1410013021002E39B4172C5
S2140085D09B01F0FF939101023702807F1B02F2FF9E
S2140085E0B3613200538201E2E3944170C7C10010C8
S2140085F09301F0077322008073B00180B3F141004D
S21400860013021002E39F416E9B01F0FF939101025B
S2140086103702807F1B02F2FFB3613200538201E211
S214008620E398416C1B09900F131989011309F9FF90
S214008630F3210080B3F12101014962093369390051
S214008640731009809B01F07F939141039381E1FFB2
S214008650538001F29B01F03F93914103D38001F2D6
S2140086609B0190FC93914103538101F2C7F10012E4
S2140086709301F0077322008073B00180B3F14100CC
S21400868013021002E39F4166D38101E21B02F07FD2
S214008690131242031302E2FFE39141661B09900F97
S2140086A0131989011309F9FFF3210080B3F12101A1
S2140086B0054962093369390073100980C7F1001251
S2140086C09301F0077322008073B00180B3F141007C
S2140086D013021002E3974162D38101E21B02F07F8E
S2140086E0131242031302E2FFE39941601B09900F45
S2140086F0131989011309F9FFF3210080B3F1210151
S214008700094962093369390073100980C7F10012FC
S2140087109301F0077322008073B00180B3F141002B
S21400872013021002E39F415CD38101E21B02F07F3B
S214008730131242031302E2FFE391415C1B09900F00
S214008740131989011309F9FFF3210080B3F1210100
S2140087500D4962093369390073100980C7F10012A8
S2140087609301F0077322008073B00180B3F14100DB
S21400877013021002E3974158D38101E21B02F07FF7
S214008780131242031302F2FFE39941561B09900F9E
S214008790131989011309F9FFF3210080B3F12101B0
S2140087A0114962093369390073100980C7F1001254
S2140087B09301F0077322008073B00180B3F141008B
S2140087C013021002E39F4152D38101E21B02F07FA5
S2140087D0131242031302F2FFE39141521B09900F5A
S2140087E0131989011309F9FFF3210080B3F1210160
S2140087F0154962093369390073100980C781001270
S2140088009301F0077322008073B00180B3F141003A
S21400881013021002E397414ED38101E21B02F07F60
S214008820131242031302E2FFE399414CC791001270
S2140088309301F0077322008073B00180B3F141000A
S21400884013021002E39F414AD38101E21B02F07F2C
S214008850131242031302E2FFE391414AC7A100123A
S2140088609301F0077322008073B00180B3F14100DA
S21400887013021002E3974148D38101E21B02F07F06
S214008880131242031302E2FFE3994146C7B10012F6
S2140088909301F0077322008073B00180B3F14100AA
S2140088A013021002E39F4144D38101E21B02F07FD2
S2140088B0131242031302F2FFE3914144C7C10012B0
S2140088C09301F0077322008073B00180B3F141007A
S2140088D013021002E3974142D38101E21B02F07FAC
S2140088E0131242031302F2FFE3994140B700807F60
S2140088F09B80E0FF538000F0B700803FD38000F0FD
S214008900B7000073538100F01B09900F13198901FB
S2140089101309F9FFF3210080B3F12101014962092F
S21400892033693900731009804FF200109301F00785
S2140089307322008073B00180B3F14100130210026D
S214008940E391413C9B01F0FF939101021B02F01F53
S214008950131272011302E2FFB3613200530202E205
S214008960E39A41381B09900F131989011309F9FF7F
S214008970F3210080B3F1210105496209336939000A
S214008980731009804FF200109301F00773220080E5
S21400899073B00180B3F1410013021002E393413635
S2140089A09B01F0FF939101021B02F01F131272014C
S2140089B01302E2FFB3613200530202E2E39C41324B
S2140089C01B09900F131989011309F9FFF321008081
S2140089D0B3F121010949620933693900731009802E
S2140089E04FF200109301F0077322008073B00180ED
S2140089F0B3F1410013021002E39541309B01F0FFF2
S214008A00939101021B02F01F131272011302F2FF70
S214008A10B3613200530202E2E39E412C1B09900F21
S214008A20131989011309F9FFF3210080B3F121011D
S214008A300D49620933693900731009804FF200103E
S214008A409301F0077322008073B00180B3F14100F8
S214008A5013021002E397412A9B01F0FF9391010253
S214008A601B02F01F131272011302E2FFB361320001
S214008A70530202E2E39041281B09900F1319890163
S214008A801309F9FFF3210080B3F1210111496209AE
S214008A9033693900731009804FF200109301F00714
S214008AA07322008073B00180B3F1410013021002FC
S214008AB0E39941249B01F0FF939101021B02F01FF2
S214008AC0131272011302F2FFB3613200530202E284
S214008AD0E39241221B09900F131989011309F9FF2C
S214008AE0F3210080B3F12101194962093369390085
S214008AF0731009804F8200109301F00773220080E4
S214008B0073B00180B3F1410013021002E39B411ED3
S214008B109B01F0FF939101021B02F01F13127201DA
S214008B201302E2FFB3613200530202E2E394411CF7
S214008B304F9200109301F0077322008073B00180FB
S214008B40B3F1410013021002E39D411A9B01F0FFAE
S214008B50939101021B02F01F131272011302E2FF2F
S214008B60B3613200530202E2E39641184FA20010AE
S214008B709301F0077322008073B00180B3F14100C7
S214008B8013021002E39F41169B01F0FF939101022E
S214008B901B02F01F131272011302F2FFB3613200C0
S214008BA0530202E2E39841144FB200109301F0071B
S214008BB07322008073B00180B3F1410013021002EB
S214008BC0E39141149B01F0FF939101021B02F01FF9
S214008BD0131272011302E2FFB3613200530202E283
S214008BE0E39A41104FC200109301F00773220080F1
S214008BF073B00180B3F1410013021002E3934110F9
S214008C009B01F0FF939101021B02F01F13127201E9
S214008C101302F2FFB3613200530202E2E39C410CFE
S214008C201B09900F131989011309F9FFF32100801E
S214008C30B3F12101014962093369390073100980D3
S214008C409B01F07F939141039381E1FF538001F2F2
S214008C509B01F03F93914103D38001F29B01907CEE
S214008C6093914103538101F24FF200129301F007F2
S214008C707322008073B00180B3F14100130210022A
S214008C80E3914108D30102E21B02F0FF13124203F4
S214008C901302E2FFE39441061B09900F13198901A2
S214008CA01309F9FFF3210080B3F121010549620998
S214008CB033693900731009804FF200129301F007F0
S214008CC07322008073B00180B3F1410013021002DA
S214008CD0E3994102D30102E21B02F0FF13124203A2
S214008CE01302E2FFE39C41001B09900F1319890150
S214008CF01309F9FFF3210080B3F121010949620944
S214008D0033693900731009804FF200129301F0079F
S214008D107322008073B00180B3F141001302100289
S214008D206391417ED30102E21B02F0FF131242035D
S214008D301302F2FF6394417C1B09900F13198901FB
S214008D401309F9FFF3210080B3F121010D496209EF
S214008D5033693900731009804FF200129301F0074F
S214008D607322008073B00180B3F141001302100239
S214008D7063994178D30102E21B02F0FF131242030B
S214008D801302E2FF639C41761B09900F13198901B9
S214008D901309F9FFF3210080B3F12101114962099B
S214008DA033693900731009804FF200129301F007FF
S214008DB07322008073B00180B3F1410013021002E9
S214008DC063914174D30102E21B02F0FF13124203C7
S214008DD01302F2FF639441721B09900F1319890165
S214008DE01309F9FFF3210080B3F121011D4962093F
S214008DF033693900731009804F8200129301F0071F
S214008E007322008073B00180B3F141001302100298
S214008E106399416ED30102E21B02F0FF1312420374
S214008E201302E2FF639C416C4F9200129301F0071D
S214008E307322008073B00180B3F141001302100268
S214008E406391416CD30102E21B02F0FF131242034E
S214008E501302E2FF6394416A4FA200129301F007E7
S214008E607322008073B00180B3F141001302100238
S214008E7063994168D30102E21B02F0FF131242031A
S214008E801302F2FF639C41664FB200129301F00793
S214008E907322008073B00180B3F141001302100208
S214008EA063914166D30102E21B02F0FF13124203F4
S214008EB01302E2FF639441644FC200129301F0076D
S214008EC07322008073B00180B3F1410013021002D8
S214008ED063994162D30102E21B02F0FF13124203C0
S214008EE01302F2FF639C41601B09900F131989015E
S214008EF01309F9FFF3200080B3F02001014962094D
S214008F003369190073100980B700807F9B80E0FFEB
S214008F10538000F0B700803FD38000F09B00300FF6
S214008F2093908001538100F04BF200109301F007FC
S214008F307322008073B00180B3F141001302100267
S214008F406391415C9B01F0FF939101021B02F01FAD
S214008F50131272011302E2FFB3613200530202E2FF
S214008F60639A41581B09900F131989011309F9FFD9
S214008F70F3210080B3F12101054962093369390004
S214008F80731009804BF200109301F00773220080E3
S214008F9073B00180B3F1410013021002639341568F
S214008FA09B01F0FF939101021B02F01F1312720146
S214008FB01302E2FFB3613200530202E2639C4152A5
S214008FC01B09900F131989011309F9FFF32100807B
S214008FD0B3F1210109496209336939007310098028
S214008FE04BF200109301F0077322008073B00180EB
S214008FF0B3F1410013021002639541509B01F0FF4C
S214009000939101021B02F01F131272011302F2FF6A
S214009010B3613200530202E2639E414C1B09900F7B
S214009020131989011309F9FFF3210080B3F1210117
S2140090300D49620933693900731009804BF200103C
S2140090409301F0077322008073B00180B3F14100F2
S214009050130210026397414A9B01F0FF93910102AD
S2140090601B02F01F131272011302E2FFB3613200FB
S214009070530202E2639041481B09900F13198901BD
S2140090801309F9FFF3210080B3F1210111496209A8
S21400909033693900731009804BF200109301F00712
S2140090A07322008073B00180B3F1410013021002F6
S2140090B0639941449B01F0FF939101021B02F01F4C
S2140090C0131272011302F2FFB3613200530202E27E
S2140090D0639241421B09900F131989011309F9FF86
S2140090E0F3210080B3F12101154962093369390083
S2140090F0731009804B8200109301F00773220080E2
S21400910073B00180B3F1410013021002639B413E2D
S2140091109B01F0FF939101021B02F01F13127201D4
S2140091201302E2FFB3613200530202E26394413C51
S2140091304B9200109301F0077322008073B00180F9
S214009140B3F1410013021002639D413A9B01F0FF08
S214009150939101021B02F01F131272011302E2FF29
S214009160B3613200530202E2639641384BA200100C
S2140091709301F0077322008073B00180B3F14100C1
S21400918013021002639F41369B01F0FF9391010288
S2140091901B02F01F131272011302F2FFB3613200BA
S2140091A0530202E2639841344BB200109301F00779
S2140091B07322008073B00180B3F1410013021002E5
S2140091C0639141349B01F0FF939101021B02F01F53
S2140091D0131272011302E2FFB3613200530202E27D
S2140091E0639A41304BC200109301F007732200804F
S2140091F073B00180B3F14100130210026393413053
S2140092009B01F0FF939101021B02F01F13127201E3
S2140092101302F2FFB3613200530202E2639C412C58
S2140092201B09900F131989011309F9FFF321008018
S214009230B3F12101014962093369390073100980CD
S2140092409B01F07F939141039381E1FF538001F2EC
S2140092509B01F0BF93914103D38001F29B01907C68
S21400926093914103538101F24BF200129301F007F0
S2140092707322008073B00180B3F141001302100224
S21400928063914128D30102E21B02F07F13124203CE
S2140092901302E2FF639541261B09900F13198901FB
S2140092A01309F9FFF3210080B3F121010549620992
S2140092B033693900731009804BF200129301F007EE
S2140092C07322008073B00180B3F1410013021002D4
S2140092D063994122D30102E21B02F07F131242037C
S2140092E01302E2FF639D41201B09900F13198901A9
S2140092F01309F9FFF3210080B3F12101094962093E
S21400930033693900731009804BF200129301F0079D
S2140093107322008073B00180B3F141001302100283
S2140093206391411ED30102E21B02F07F1312420337
S2140093301302E2FF6395411C1B09900F1319890164
S2140093401309F9FFF3210080B3F121010D496209E9
S21400935033693900731009804BF200129301F0074D
S2140093607322008073B00180B3F141001302100233
S21400937063994118D30102E21B02F07F13124203E5
S2140093801302F2FF639D41161B09900F1319890102
S2140093901309F9FFF3210080B3F121011149620995
S2140093A033693900731009804BF200129301F007FD
S2140093B07322008073B00180B3F1410013021002E3
S2140093C063914114D30102E21B02F07F13124203A1
S2140093D01302F2FF639541121B09900F13198901BE
S2140093E01309F9FFF3210080B3F121011D49620939
S2140093F033693900731009804B8200129301F0071D
S2140094007322008073B00180B3F141001302100292
S2140094106399410ED30102E21B02F07F131242034E
S2140094201302E2FF639D410C4B9200129301F0077A
S2140094307322008073B00180B3F141001302100262
S2140094406391410CD30102E21B02F07F1312420328
S2140094501302E2FF6395410A4BA200129301F00744
S2140094607322008073B00180B3F141001302100232
S21400947063994108D30102E21B02F07F13124203F4
S2140094801302E2FF639D41064BB200129301F00700
S2140094907322008073B00180B3F141001302100202
S2140094A063914106D30102E21B02F07F13124203CE
S2140094B01302F2FF639541044BC200129301F007BA
S2140094C07322008073B00180B3F1410013021002D2
S2140094D063994102D30102E21B02F07F131242039A
S2140094E01302F2FF639D410035A891A089A081A0D8
S2140094F03DA835A82DA825A81DA815A80DA805A81F
S2140095003DA035A02DA025A01DA015A00DA005A04E
S21400951039A831A829A821A819A811A809A801A81E
S21400952039A031A09770FFFF938060BA8280977051
S214009530FFFF938040BC8280000000000000000017
S206009540000024
S20A040000010001000100EE
S804000000FB
