PC : 00000000 |MCAUSE: 30000000
gr 0:00000000 |gr 1:00000000 |gr 2:200c0000 |gr 3:00000000 |
gr 4:00000000 |gr 5:00000000 |gr 6:00000000 |gr 7:00000000 |
gr 8:00000000 |gr 9:00000000 |gr10:00000000 |gr11:00000000 |
gr12:00000000 |gr13:00000000 |gr14:00000000 |gr15:00000000 |
gr16:00000000 |gr17:00000000 |gr18:00000000 |gr19:00000000 |
gr20:00000000 |gr21:00000000 |gr22:00000000 |gr23:00000000 |
gr24:00000000 |gr25:00000000 |gr26:00000000 |gr27:00000000 |
gr28:00000000 |gr29:00000000 |gr30:00000000 |gr31:00000000 |

PC : 00000004 |MCAUSE: 30000000
gr 0:00000000 |gr 1:00000000 |gr 2:200bfff8 |gr 3:00000000 |
gr 4:00000000 |gr 5:00000000 |gr 6:00000000 |gr 7:00000000 |
gr 8:00000000 |gr 9:00000000 |gr10:00000000 |gr11:00000000 |
gr12:00000000 |gr13:00000000 |gr14:00000000 |gr15:00000000 |
gr16:00000000 |gr17:00000000 |gr18:00000000 |gr19:00000000 |
gr20:00000000 |gr21:00000000 |gr22:00000000 |gr23:00000000 |
gr24:00000000 |gr25:00000000 |gr26:00000000 |gr27:00000000 |
gr28:00000000 |gr29:00000000 |gr30:00000000 |gr31:00000000 |

PC : 00000008 |MCAUSE: 30000000
gr 0:00000000 |gr 1:00000000 |gr 2:200bfff8 |gr 3:00001008 |
gr 4:00000000 |gr 5:00000000 |gr 6:00000000 |gr 7:00000000 |
gr 8:00000000 |gr 9:00000000 |gr10:00000000 |gr11:00000000 |
gr12:00000000 |gr13:00000000 |gr14:00000000 |gr15:00000000 |
gr16:00000000 |gr17:00000000 |gr18:00000000 |gr19:00000000 |
gr20:00000000 |gr21:00000000 |gr22:00000000 |gr23:00000000 |
gr24:00000000 |gr25:00000000 |gr26:00000000 |gr27:00000000 |
gr28:00000000 |gr29:00000000 |gr30:00000000 |gr31:00000000 |

PC : 0000000c |MCAUSE: 30000000
gr 0:00000000 |gr 1:00000000 |gr 2:200bfff8 |gr 3:00001800 |
gr 4:00000000 |gr 5:00000000 |gr 6:00000000 |gr 7:00000000 |
gr 8:00000000 |gr 9:00000000 |gr10:00000000 |gr11:00000000 |
gr12:00000000 |gr13:00000000 |gr14:00000000 |gr15:00000000 |
gr16:00000000 |gr17:00000000 |gr18:00000000 |gr19:00000000 |
gr20:00000000 |gr21:00000000 |gr22:00000000 |gr23:00000000 |
gr24:00000000 |gr25:00000000 |gr26:00000000 |gr27:00000000 |
gr28:00000000 |gr29:00000000 |gr30:00000000 |gr31:00000000 |

PC : 00000010 |MCAUSE: 30000000
gr 0:00000000 |gr 1:00000000 |gr 2:200bfff8 |gr 3:00001800 |
gr 4:20000010 |gr 5:00000000 |gr 6:00000000 |gr 7:00000000 |
gr 8:00000000 |gr 9:00000000 |gr10:00000000 |gr11:00000000 |
gr12:00000000 |gr13:00000000 |gr14:00000000 |gr15:00000000 |
gr16:00000000 |gr17:00000000 |gr18:00000000 |gr19:00000000 |
gr20:00000000 |gr21:00000000 |gr22:00000000 |gr23:00000000 |
gr24:00000000 |gr25:00000000 |gr26:00000000 |gr27:00000000 |
gr28:00000000 |gr29:00000000 |gr30:00000000 |gr31:00000000 |

PC : 00000014 |MCAUSE: 30000000
gr 0:00000000 |gr 1:00000000 |gr 2:200bfff8 |gr 3:00001800 |
gr 4:20000000 |gr 5:00000000 |gr 6:00000000 |gr 7:00000000 |
gr 8:00000000 |gr 9:00000000 |gr10:00000000 |gr11:00000000 |
gr12:00000000 |gr13:00000000 |gr14:00000000 |gr15:00000000 |
gr16:00000000 |gr17:00000000 |gr18:00000000 |gr19:00000000 |
gr20:00000000 |gr21:00000000 |gr22:00000000 |gr23:00000000 |
gr24:00000000 |gr25:00000000 |gr26:00000000 |gr27:00000000 |
gr28:00000000 |gr29:00000000 |gr30:00000000 |gr31:00000000 |

PC : 00000018 |MCAUSE: 30000000
gr 0:00000000 |gr 1:00000000 |gr 2:200bfff8 |gr 3:00001800 |
gr 4:20000000 |gr 5:20000018 |gr 6:00000000 |gr 7:00000000 |
gr 8:00000000 |gr 9:00000000 |gr10:00000000 |gr11:00000000 |
gr12:00000000 |gr13:00000000 |gr14:00000000 |gr15:00000000 |
gr16:00000000 |gr17:00000000 |gr18:00000000 |gr19:00000000 |
gr20:00000000 |gr21:00000000 |gr22:00000000 |gr23:00000000 |
gr24:00000000 |gr25:00000000 |gr26:00000000 |gr27:00000000 |
gr28:00000000 |gr29:00000000 |gr30:00000000 |gr31:00000000 |

PC : 0000001c |MCAUSE: 30000000
gr 0:00000000 |gr 1:00000000 |gr 2:200bfff8 |gr 3:00001800 |
gr 4:20000000 |gr 5:20000004 |gr 6:00000000 |gr 7:00000000 |
gr 8:00000000 |gr 9:00000000 |gr10:00000000 |gr11:00000000 |
gr12:00000000 |gr13:00000000 |gr14:00000000 |gr15:00000000 |
gr16:00000000 |gr17:00000000 |gr18:00000000 |gr19:00000000 |
gr20:00000000 |gr21:00000000 |gr22:00000000 |gr23:00000000 |
gr24:00000000 |gr25:00000000 |gr26:00000000 |gr27:00000000 |
gr28:00000000 |gr29:00000000 |gr30:00000000 |gr31:00000000 |

PC : 00000020 |MCAUSE: 30000000
gr 0:00000000 |gr 1:00000000 |gr 2:200bfff8 |gr 3:00001800 |
gr 4:20000000 |gr 5:00000004 |gr 6:00000000 |gr 7:00000000 |
gr 8:00000000 |gr 9:00000000 |gr10:00000000 |gr11:00000000 |
gr12:00000000 |gr13:00000000 |gr14:00000000 |gr15:00000000 |
gr16:00000000 |gr17:00000000 |gr18:00000000 |gr19:00000000 |
gr20:00000000 |gr21:00000000 |gr22:00000000 |gr23:00000000 |
gr24:00000000 |gr25:00000000 |gr26:00000000 |gr27:00000000 |
gr28:00000000 |gr29:00000000 |gr30:00000000 |gr31:00000000 |

PC : 00000024 |MCAUSE: 30000000
gr 0:00000000 |gr 1:00000000 |gr 2:200bfff8 |gr 3:00001800 |
gr 4:20000000 |gr 5:00000004 |gr 6:00000000 |gr 7:00000000 |
gr 8:00000000 |gr 9:00000000 |gr10:00000000 |gr11:00000000 |
gr12:00000000 |gr13:00000000 |gr14:00000000 |gr15:00000000 |
gr16:00000000 |gr17:00000000 |gr18:00000000 |gr19:00000000 |
gr20:00000000 |gr21:00000000 |gr22:00000000 |gr23:00000000 |
gr24:00000000 |gr25:00000000 |gr26:00000000 |gr27:00000000 |
gr28:00000000 |gr29:00000000 |gr30:00000000 |gr31:00000000 |

PC : 00000028 |MCAUSE: 30000000
gr 0:00000000 |gr 1:00000000 |gr 2:200bfff8 |gr 3:00001800 |
gr 4:20000000 |gr 5:00000004 |gr 6:00000000 |gr 7:00000000 |
gr 8:00000000 |gr 9:00000000 |gr10:00000000 |gr11:00000000 |
gr12:00000000 |gr13:00000000 |gr14:00000000 |gr15:00000000 |
gr16:00000000 |gr17:00000000 |gr18:00000000 |gr19:00000000 |
gr20:00000000 |gr21:00000000 |gr22:00000000 |gr23:00000000 |
gr24:00000000 |gr25:00000000 |gr26:00000000 |gr27:00000000 |
gr28:00000000 |gr29:00000000 |gr30:00000000 |gr31:00000000 |

PC : 0000002c |MCAUSE: 30000000
gr 0:00000000 |gr 1:00000000 |gr 2:200bfff8 |gr 3:00001800 |
gr 4:20000000 |gr 5:00000004 |gr 6:00000000 |gr 7:00000000 |
gr 8:00000000 |gr 9:00000000 |gr10:00000000 |gr11:00000000 |
gr12:00000000 |gr13:00000000 |gr14:00000000 |gr15:00000000 |
gr16:00000000 |gr17:00000000 |gr18:00000000 |gr19:00000000 |
gr20:00000000 |gr21:00000000 |gr22:00000000 |gr23:00000000 |
gr24:00000000 |gr25:00000000 |gr26:00000000 |gr27:00000000 |
gr28:00000000 |gr29:00000000 |gr30:00000000 |gr31:00000000 |

PC : 00000030 |MCAUSE: 30000000
gr 0:00000000 |gr 1:00000000 |gr 2:200bfff8 |gr 3:00001804 |
gr 4:20000000 |gr 5:00000004 |gr 6:00000000 |gr 7:00000000 |
gr 8:00000000 |gr 9:00000000 |gr10:00000000 |gr11:00000000 |
gr12:00000000 |gr13:00000000 |gr14:00000000 |gr15:00000000 |
gr16:00000000 |gr17:00000000 |gr18:00000000 |gr19:00000000 |
gr20:00000000 |gr21:00000000 |gr22:00000000 |gr23:00000000 |
gr24:00000000 |gr25:00000000 |gr26:00000000 |gr27:00000000 |
gr28:00000000 |gr29:00000000 |gr30:00000000 |gr31:00000000 |

PC : 00000032 |MCAUSE: 30000000
gr 0:00000000 |gr 1:00000000 |gr 2:200bfff8 |gr 3:00001804 |
gr 4:20000004 |gr 5:00000004 |gr 6:00000000 |gr 7:00000000 |
gr 8:00000000 |gr 9:00000000 |gr10:00000000 |gr11:00000000 |
gr12:00000000 |gr13:00000000 |gr14:00000000 |gr15:00000000 |
gr16:00000000 |gr17:00000000 |gr18:00000000 |gr19:00000000 |
gr20:00000000 |gr21:00000000 |gr22:00000000 |gr23:00000000 |
gr24:00000000 |gr25:00000000 |gr26:00000000 |gr27:00000000 |
gr28:00000000 |gr29:00000000 |gr30:00000000 |gr31:00000000 |

PC : 00000034 |MCAUSE: 30000000
gr 0:00000000 |gr 1:00000000 |gr 2:200bfff8 |gr 3:00001804 |
gr 4:20000004 |gr 5:00000000 |gr 6:00000000 |gr 7:00000000 |
gr 8:00000000 |gr 9:00000000 |gr10:00000000 |gr11:00000000 |
gr12:00000000 |gr13:00000000 |gr14:00000000 |gr15:00000000 |
gr16:00000000 |gr17:00000000 |gr18:00000000 |gr19:00000000 |
gr20:00000000 |gr21:00000000 |gr22:00000000 |gr23:00000000 |
gr24:00000000 |gr25:00000000 |gr26:00000000 |gr27:00000000 |
gr28:00000000 |gr29:00000000 |gr30:00000000 |gr31:00000000 |

PC : 00000036 |MCAUSE: 30000000
gr 0:00000000 |gr 1:00000000 |gr 2:200bfff8 |gr 3:00001804 |
gr 4:20000004 |gr 5:00000000 |gr 6:00000000 |gr 7:00000000 |
gr 8:00000000 |gr 9:00000000 |gr10:00000000 |gr11:00000000 |
gr12:00000000 |gr13:00000000 |gr14:00000000 |gr15:00000000 |
gr16:00000000 |gr17:00000000 |gr18:00000000 |gr19:00000000 |
gr20:00000000 |gr21:00000000 |gr22:00000000 |gr23:00000000 |
gr24:00000000 |gr25:00000000 |gr26:00000000 |gr27:00000000 |
gr28:00000000 |gr29:00000000 |gr30:00000000 |gr31:00000000 |

PC : 0000003a |MCAUSE: 30000000
gr 0:00000000 |gr 1:00000000 |gr 2:200bfff8 |gr 3:2000003a |
gr 4:20000004 |gr 5:00000000 |gr 6:00000000 |gr 7:00000000 |
gr 8:00000000 |gr 9:00000000 |gr10:00000000 |gr11:00000000 |
gr12:00000000 |gr13:00000000 |gr14:00000000 |gr15:00000000 |
gr16:00000000 |gr17:00000000 |gr18:00000000 |gr19:00000000 |
gr20:00000000 |gr21:00000000 |gr22:00000000 |gr23:00000000 |
gr24:00000000 |gr25:00000000 |gr26:00000000 |gr27:00000000 |
gr28:00000000 |gr29:00000000 |gr30:00000000 |gr31:00000000 |

PC : 0000003e |MCAUSE: 30000000
gr 0:00000000 |gr 1:00000000 |gr 2:200bfff8 |gr 3:20000004 |
gr 4:20000004 |gr 5:00000000 |gr 6:00000000 |gr 7:00000000 |
gr 8:00000000 |gr 9:00000000 |gr10:00000000 |gr11:00000000 |
gr12:00000000 |gr13:00000000 |gr14:00000000 |gr15:00000000 |
gr16:00000000 |gr17:00000000 |gr18:00000000 |gr19:00000000 |
gr20:00000000 |gr21:00000000 |gr22:00000000 |gr23:00000000 |
gr24:00000000 |gr25:00000000 |gr26:00000000 |gr27:00000000 |
gr28:00000000 |gr29:00000000 |gr30:00000000 |gr31:00000000 |

PC : 00000042 |MCAUSE: 30000000
gr 0:00000000 |gr 1:00000000 |gr 2:200bfff8 |gr 3:20000004 |
gr 4:20000042 |gr 5:00000000 |gr 6:00000000 |gr 7:00000000 |
gr 8:00000000 |gr 9:00000000 |gr10:00000000 |gr11:00000000 |
gr12:00000000 |gr13:00000000 |gr14:00000000 |gr15:00000000 |
gr16:00000000 |gr17:00000000 |gr18:00000000 |gr19:00000000 |
gr20:00000000 |gr21:00000000 |gr22:00000000 |gr23:00000000 |
gr24:00000000 |gr25:00000000 |gr26:00000000 |gr27:00000000 |
gr28:00000000 |gr29:00000000 |gr30:00000000 |gr31:00000000 |

PC : 00000046 |MCAUSE: 30000000
gr 0:00000000 |gr 1:00000000 |gr 2:200bfff8 |gr 3:20000004 |
gr 4:20000004 |gr 5:00000000 |gr 6:00000000 |gr 7:00000000 |
gr 8:00000000 |gr 9:00000000 |gr10:00000000 |gr11:00000000 |
gr12:00000000 |gr13:00000000 |gr14:00000000 |gr15:00000000 |
gr16:00000000 |gr17:00000000 |gr18:00000000 |gr19:00000000 |
gr20:00000000 |gr21:00000000 |gr22:00000000 |gr23:00000000 |
gr24:00000000 |gr25:00000000 |gr26:00000000 |gr27:00000000 |
gr28:00000000 |gr29:00000000 |gr30:00000000 |gr31:00000000 |

PC : 0000004a |MCAUSE: 30000000
gr 0:00000000 |gr 1:00000000 |gr 2:200bfff8 |gr 3:20000004 |
gr 4:20000004 |gr 5:00000000 |gr 6:00000000 |gr 7:00000000 |
gr 8:00000000 |gr 9:00000000 |gr10:00000000 |gr11:00000000 |
gr12:00000000 |gr13:00000000 |gr14:00000000 |gr15:00000000 |
gr16:00000000 |gr17:00000000 |gr18:00000000 |gr19:00000000 |
gr20:00000000 |gr21:00000000 |gr22:00000000 |gr23:00000000 |
gr24:00000000 |gr25:00000000 |gr26:00000000 |gr27:00000000 |
gr28:00000000 |gr29:00000000 |gr30:00000000 |gr31:00000000 |

PC : 0000004c |MCAUSE: 30000000
gr 0:00000000 |gr 1:00000000 |gr 2:200bfff8 |gr 3:20000004 |
gr 4:00000000 |gr 5:00000000 |gr 6:00000000 |gr 7:00000000 |
gr 8:00000000 |gr 9:00000000 |gr10:00000000 |gr11:00000000 |
gr12:00000000 |gr13:00000000 |gr14:00000000 |gr15:00000000 |
gr16:00000000 |gr17:00000000 |gr18:00000000 |gr19:00000000 |
gr20:00000000 |gr21:00000000 |gr22:00000000 |gr23:00000000 |
gr24:00000000 |gr25:00000000 |gr26:00000000 |gr27:00000000 |
gr28:00000000 |gr29:00000000 |gr30:00000000 |gr31:00000000 |

PC : 00000050 |MCAUSE: 30000000
gr 0:00000000 |gr 1:00000000 |gr 2:200bfff8 |gr 3:20000004 |
gr 4:00000000 |gr 5:00000000 |gr 6:00000000 |gr 7:00000000 |
gr 8:00000000 |gr 9:00000000 |gr10:00000000 |gr11:00000000 |
gr12:00000000 |gr13:00000000 |gr14:00000000 |gr15:00000000 |
gr16:00000000 |gr17:00000000 |gr18:00000000 |gr19:00000000 |
gr20:00000000 |gr21:00000000 |gr22:00000000 |gr23:00000000 |
gr24:00000000 |gr25:00000000 |gr26:00000000 |gr27:00000000 |
gr28:00000000 |gr29:00000000 |gr30:00000000 |gr31:00000000 |

PC : 00000060 |MCAUSE: 30000000
gr 0:00000000 |gr 1:00000000 |gr 2:200bfff8 |gr 3:00000060 |
gr 4:00000000 |gr 5:00000000 |gr 6:00000000 |gr 7:00000000 |
gr 8:00000000 |gr 9:00000000 |gr10:00000000 |gr11:00000000 |
gr12:00000000 |gr13:00000000 |gr14:00000000 |gr15:00000000 |
gr16:00000000 |gr17:00000000 |gr18:00000000 |gr19:00000000 |
gr20:00000000 |gr21:00000000 |gr22:00000000 |gr23:00000000 |
gr24:00000000 |gr25:00000000 |gr26:00000000 |gr27:00000000 |
gr28:00000000 |gr29:00000000 |gr30:00000000 |gr31:00000000 |

PC : 00000064 |MCAUSE: 30000000
gr 0:00000000 |gr 1:00000000 |gr 2:200bfff8 |gr 3:00000140 |
gr 4:00000000 |gr 5:00000000 |gr 6:00000000 |gr 7:00000000 |
gr 8:00000000 |gr 9:00000000 |gr10:00000000 |gr11:00000000 |
gr12:00000000 |gr13:00000000 |gr14:00000000 |gr15:00000000 |
gr16:00000000 |gr17:00000000 |gr18:00000000 |gr19:00000000 |
gr20:00000000 |gr21:00000000 |gr22:00000000 |gr23:00000000 |
gr24:00000000 |gr25:00000000 |gr26:00000000 |gr27:00000000 |
gr28:00000000 |gr29:00000000 |gr30:00000000 |gr31:00000000 |

PC : 00000068 |MCAUSE: 30000000
gr 0:00000003 |gr 1:00000000 |gr 2:200bfff8 |gr 3:00000140 |
gr 4:00000000 |gr 5:00000000 |gr 6:00000000 |gr 7:00000000 |
gr 8:00000000 |gr 9:00000000 |gr10:00000000 |gr11:00000000 |
gr12:00000000 |gr13:00000000 |gr14:00000000 |gr15:00000000 |
gr16:00000000 |gr17:00000000 |gr18:00000000 |gr19:00000000 |
gr20:00000000 |gr21:00000000 |gr22:00000000 |gr23:00000000 |
gr24:00000000 |gr25:00000000 |gr26:00000000 |gr27:00000000 |
gr28:00000000 |gr29:00000000 |gr30:00000000 |gr31:00000000 |

PC : 0000006c |MCAUSE: 30000000
gr 0:00000003 |gr 1:00000000 |gr 2:200bfff8 |gr 3:0000006c |
gr 4:00000000 |gr 5:00000000 |gr 6:00000000 |gr 7:00000000 |
gr 8:00000000 |gr 9:00000000 |gr10:00000000 |gr11:00000000 |
gr12:00000000 |gr13:00000000 |gr14:00000000 |gr15:00000000 |
gr16:00000000 |gr17:00000000 |gr18:00000000 |gr19:00000000 |
gr20:00000000 |gr21:00000000 |gr22:00000000 |gr23:00000000 |
gr24:00000000 |gr25:00000000 |gr26:00000000 |gr27:00000000 |
gr28:00000000 |gr29:00000000 |gr30:00000000 |gr31:00000000 |

PC : 00000070 |MCAUSE: 30000000
gr 0:00000003 |gr 1:00000000 |gr 2:200bfff8 |gr 3:00000180 |
gr 4:00000000 |gr 5:00000000 |gr 6:00000000 |gr 7:00000000 |
gr 8:00000000 |gr 9:00000000 |gr10:00000000 |gr11:00000000 |
gr12:00000000 |gr13:00000000 |gr14:00000000 |gr15:00000000 |
gr16:00000000 |gr17:00000000 |gr18:00000000 |gr19:00000000 |
gr20:00000000 |gr21:00000000 |gr22:00000000 |gr23:00000000 |
gr24:00000000 |gr25:00000000 |gr26:00000000 |gr27:00000000 |
gr28:00000000 |gr29:00000000 |gr30:00000000 |gr31:00000000 |

PC : 00000074 |MCAUSE: 30000000
gr 0:00000003 |gr 1:00000000 |gr 2:200bfff8 |gr 3:000001c0 |
gr 4:00000000 |gr 5:00000000 |gr 6:00000000 |gr 7:00000000 |
gr 8:00000000 |gr 9:00000000 |gr10:00000000 |gr11:00000000 |
gr12:00000000 |gr13:00000000 |gr14:00000000 |gr15:00000000 |
gr16:00000000 |gr17:00000000 |gr18:00000000 |gr19:00000000 |
gr20:00000000 |gr21:00000000 |gr22:00000000 |gr23:00000000 |
gr24:00000000 |gr25:00000000 |gr26:00000000 |gr27:00000000 |
gr28:00000000 |gr29:00000000 |gr30:00000000 |gr31:00000000 |

PC : 00000078 |MCAUSE: 30000000
gr 0:00000000 |gr 1:00000000 |gr 2:200bfff8 |gr 3:000001c0 |
gr 4:00000000 |gr 5:00000000 |gr 6:00000000 |gr 7:00000000 |
gr 8:00000000 |gr 9:00000000 |gr10:00000000 |gr11:00000000 |
gr12:00000000 |gr13:00000000 |gr14:00000000 |gr15:00000000 |
gr16:00000000 |gr17:00000000 |gr18:00000000 |gr19:00000000 |
gr20:00000000 |gr21:00000000 |gr22:00000000 |gr23:00000000 |
gr24:00000000 |gr25:00000000 |gr26:00000000 |gr27:00000000 |
gr28:00000000 |gr29:00000000 |gr30:00000000 |gr31:00000000 |

PC : 0000007c |MCAUSE: 30000000
gr 0:00000000 |gr 1:00000000 |gr 2:200bfff8 |gr 3:000001c0 |
gr 4:00000000 |gr 5:00000000 |gr 6:00000000 |gr 7:00000000 |
gr 8:00000000 |gr 9:00000000 |gr10:00000000 |gr11:00000000 |
gr12:00000000 |gr13:00000000 |gr14:00000000 |gr15:effff000 |
gr16:00000000 |gr17:00000000 |gr18:00000000 |gr19:00000000 |
gr20:00000000 |gr21:00000000 |gr22:00000000 |gr23:00000000 |
gr24:00000000 |gr25:00000000 |gr26:00000000 |gr27:00000000 |
gr28:00000000 |gr29:00000000 |gr30:00000000 |gr31:00000000 |

PC : 00000080 |MCAUSE: 30000000
gr 0:00000000 |gr 1:00000000 |gr 2:200bfff8 |gr 3:000001c0 |
gr 4:00000000 |gr 5:00000000 |gr 6:00000000 |gr 7:00000000 |
gr 8:00000000 |gr 9:00000000 |gr10:00000000 |gr11:00000000 |
gr12:00000000 |gr13:00000000 |gr14:00000000 |gr15:effff000 |
gr16:00020000 |gr17:00000000 |gr18:00000000 |gr19:00000000 |
gr20:00000000 |gr21:00000000 |gr22:00000000 |gr23:00000000 |
gr24:00000000 |gr25:00000000 |gr26:00000000 |gr27:00000000 |
gr28:00000000 |gr29:00000000 |gr30:00000000 |gr31:00000000 |

PC : 00000084 |MCAUSE: 30000000
gr 0:00000000 |gr 1:00000000 |gr 2:200bfff8 |gr 3:000001c0 |
gr 4:00000000 |gr 5:00000000 |gr 6:00000000 |gr 7:00000000 |
gr 8:00000000 |gr 9:00000000 |gr10:00000000 |gr11:00000000 |
gr12:00000000 |gr13:00000000 |gr14:00000000 |gr15:effff000 |
gr16:00020000 |gr17:00000000 |gr18:00000000 |gr19:00000000 |
gr20:00000000 |gr21:00000000 |gr22:00000000 |gr23:00000000 |
gr24:00000000 |gr25:00000000 |gr26:00000000 |gr27:00000000 |
gr28:00000000 |gr29:00000000 |gr30:00000000 |gr31:00000000 |

PC : 00000088 |MCAUSE: 30000000
gr 0:00000000 |gr 1:00000000 |gr 2:200bfff8 |gr 3:000001c0 |
gr 4:00000000 |gr 5:00000000 |gr 6:00000000 |gr 7:00000000 |
gr 8:00000000 |gr 9:00000000 |gr10:00000000 |gr11:00000000 |
gr12:00000000 |gr13:00000000 |gr14:00000000 |gr15:effff000 |
gr16:00020000 |gr17:0000000c |gr18:00000000 |gr19:00000000 |
gr20:00000000 |gr21:00000000 |gr22:00000000 |gr23:00000000 |
gr24:00000000 |gr25:00000000 |gr26:00000000 |gr27:00000000 |
gr28:00000000 |gr29:00000000 |gr30:00000000 |gr31:00000000 |

PC : 0000008a |MCAUSE: 30000000
gr 0:00000000 |gr 1:00000000 |gr 2:200bfff8 |gr 3:000001c0 |
gr 4:00000000 |gr 5:00000000 |gr 6:00000000 |gr 7:00000000 |
gr 8:00000000 |gr 9:00000000 |gr10:00000000 |gr11:00000000 |
gr12:00000000 |gr13:00000000 |gr14:00000000 |gr15:effff000 |
gr16:00020000 |gr17:0000000c |gr18:00000000 |gr19:00000000 |
gr20:00000000 |gr21:00000000 |gr22:00000000 |gr23:00000000 |
gr24:00000000 |gr25:00000000 |gr26:00000000 |gr27:00000000 |
gr28:00000000 |gr29:00000000 |gr30:00000000 |gr31:00000000 |

PC : 0000008e |MCAUSE: 30000000
gr 0:00000000 |gr 1:00000000 |gr 2:200bfff8 |gr 3:000001c0 |
gr 4:00000000 |gr 5:00000000 |gr 6:00000000 |gr 7:00000000 |
gr 8:00000000 |gr 9:00000000 |gr10:00000000 |gr11:00000000 |
gr12:00000000 |gr13:00000000 |gr14:00000000 |gr15:effff000 |
gr16:00040000 |gr17:0000000c |gr18:00000000 |gr19:00000000 |
gr20:00000000 |gr21:00000000 |gr22:00000000 |gr23:00000000 |
gr24:00000000 |gr25:00000000 |gr26:00000000 |gr27:00000000 |
gr28:00000000 |gr29:00000000 |gr30:00000000 |gr31:00000000 |

PC : 00000092 |MCAUSE: 30000000
gr 0:00000000 |gr 1:00000000 |gr 2:200bfff8 |gr 3:000001c0 |
gr 4:00000000 |gr 5:00000000 |gr 6:00000000 |gr 7:00000000 |
gr 8:00000000 |gr 9:00000000 |gr10:00000000 |gr11:00000000 |
gr12:00000000 |gr13:00000000 |gr14:00000000 |gr15:effff000 |
gr16:00040000 |gr17:0000000c |gr18:00000000 |gr19:00000000 |
gr20:00000000 |gr21:00000000 |gr22:00000000 |gr23:00000000 |
gr24:00000000 |gr25:00000000 |gr26:00000000 |gr27:00000000 |
gr28:00000000 |gr29:00000000 |gr30:00000000 |gr31:00000000 |

PC : 00000094 |MCAUSE: 30000000
gr 0:00000000 |gr 1:00000000 |gr 2:200bfff8 |gr 3:000001c0 |
gr 4:00000000 |gr 5:00000000 |gr 6:00000000 |gr 7:00000000 |
gr 8:00000000 |gr 9:00000000 |gr10:00000000 |gr11:00000000 |
gr12:00000000 |gr13:00000000 |gr14:00000000 |gr15:effff000 |
gr16:00040000 |gr17:0000000c |gr18:00000000 |gr19:00000000 |
gr20:00000000 |gr21:00000000 |gr22:00000000 |gr23:00000000 |
gr24:00000000 |gr25:00000000 |gr26:00000000 |gr27:00000000 |
gr28:00000000 |gr29:00000000 |gr30:00000000 |gr31:00000000 |

PC : 00000098 |MCAUSE: 30000000
gr 0:00000000 |gr 1:00000000 |gr 2:200bfff8 |gr 3:000001c0 |
gr 4:00000000 |gr 5:00000000 |gr 6:00000000 |gr 7:00000000 |
gr 8:00000000 |gr 9:00000000 |gr10:00000000 |gr11:00000000 |
gr12:00000000 |gr13:00000000 |gr14:00000000 |gr15:effff000 |
gr16:00040000 |gr17:0000000c |gr18:00000000 |gr19:00000000 |
gr20:00000000 |gr21:00000000 |gr22:00000000 |gr23:00000000 |
gr24:00000000 |gr25:00000000 |gr26:00000000 |gr27:00000000 |
gr28:00000000 |gr29:00000000 |gr30:00000000 |gr31:00000000 |

PC : 0000009c |MCAUSE: 30000000
gr 0:00000000 |gr 1:00000000 |gr 2:200bfff8 |gr 3:000001c0 |
gr 4:00000000 |gr 5:00000000 |gr 6:00000000 |gr 7:00000000 |
gr 8:00000000 |gr 9:00000000 |gr10:00000000 |gr11:00000000 |
gr12:00000000 |gr13:00000000 |gr14:00000000 |gr15:effff000 |
gr16:00050000 |gr17:0000000c |gr18:00000000 |gr19:00000000 |
gr20:00000000 |gr21:00000000 |gr22:00000000 |gr23:00000000 |
gr24:00000000 |gr25:00000000 |gr26:00000000 |gr27:00000000 |
gr28:00000000 |gr29:00000000 |gr30:00000000 |gr31:00000000 |

PC : 000000a0 |MCAUSE: 30000000
gr 0:00000000 |gr 1:00000000 |gr 2:200bfff8 |gr 3:000001c0 |
gr 4:00000000 |gr 5:00000000 |gr 6:00000000 |gr 7:00000000 |
gr 8:00000000 |gr 9:00000000 |gr10:00000000 |gr11:00000000 |
gr12:00000000 |gr13:00000000 |gr14:00000000 |gr15:effff000 |
gr16:00050000 |gr17:00000010 |gr18:00000000 |gr19:00000000 |
gr20:00000000 |gr21:00000000 |gr22:00000000 |gr23:00000000 |
gr24:00000000 |gr25:00000000 |gr26:00000000 |gr27:00000000 |
gr28:00000000 |gr29:00000000 |gr30:00000000 |gr31:00000000 |

PC : 000000a2 |MCAUSE: 30000000
gr 0:00000000 |gr 1:00000000 |gr 2:200bfff8 |gr 3:000001c0 |
gr 4:00000000 |gr 5:00000000 |gr 6:00000000 |gr 7:00000000 |
gr 8:00000000 |gr 9:00000000 |gr10:00000000 |gr11:00000000 |
gr12:00000000 |gr13:00000000 |gr14:00000000 |gr15:effff000 |
gr16:00050000 |gr17:00000010 |gr18:00000000 |gr19:00000000 |
gr20:00000000 |gr21:00000000 |gr22:00000000 |gr23:00000000 |
gr24:00000000 |gr25:00000000 |gr26:00000000 |gr27:00000000 |
gr28:00000000 |gr29:00000000 |gr30:00000000 |gr31:00000000 |

PC : 000000a6 |MCAUSE: 30000000
gr 0:00000000 |gr 1:00000000 |gr 2:200bfff8 |gr 3:000001c0 |
gr 4:00000000 |gr 5:00000000 |gr 6:00000000 |gr 7:00000000 |
gr 8:00000000 |gr 9:00000000 |gr10:00000000 |gr11:00000000 |
gr12:00000000 |gr13:00000000 |gr14:00000000 |gr15:effff000 |
gr16:00050000 |gr17:00000010 |gr18:00000000 |gr19:00000000 |
gr20:00000000 |gr21:00000000 |gr22:00000000 |gr23:00000000 |
gr24:00000000 |gr25:00000000 |gr26:00000000 |gr27:00000000 |
gr28:00000000 |gr29:00000000 |gr30:00000000 |gr31:00000000 |

PC : 000000aa |MCAUSE: 30000000
gr 0:00000000 |gr 1:00000000 |gr 2:200bfff8 |gr 3:000001c0 |
gr 4:00000000 |gr 5:00000000 |gr 6:00000000 |gr 7:00000000 |
gr 8:00000000 |gr 9:00000000 |gr10:00000000 |gr11:00000000 |
gr12:00000000 |gr13:00000000 |gr14:00000000 |gr15:40011000 |
gr16:00050000 |gr17:00000010 |gr18:00000000 |gr19:00000000 |
gr20:00000000 |gr21:00000000 |gr22:00000000 |gr23:00000000 |
gr24:00000000 |gr25:00000000 |gr26:00000000 |gr27:00000000 |
gr28:00000000 |gr29:00000000 |gr30:00000000 |gr31:00000000 |

PC : 000000ae |MCAUSE: 30000000
gr 0:00000000 |gr 1:00000000 |gr 2:200bfff8 |gr 3:000001c0 |
gr 4:00000000 |gr 5:00000000 |gr 6:00000000 |gr 7:00000000 |
gr 8:00000000 |gr 9:00000000 |gr10:00000000 |gr11:00000000 |
gr12:00000000 |gr13:00000000 |gr14:00000000 |gr15:40011000 |
gr16:000000ff |gr17:00000010 |gr18:00000000 |gr19:00000000 |
gr20:00000000 |gr21:00000000 |gr22:00000000 |gr23:00000000 |
gr24:00000000 |gr25:00000000 |gr26:00000000 |gr27:00000000 |
gr28:00000000 |gr29:00000000 |gr30:00000000 |gr31:00000000 |

PC : 000000b2 |MCAUSE: 30000000
gr 0:00000000 |gr 1:00000000 |gr 2:200bfff8 |gr 3:000001c0 |
gr 4:00000000 |gr 5:00000000 |gr 6:00000000 |gr 7:00000000 |
gr 8:00000000 |gr 9:00000000 |gr10:00000000 |gr11:00000000 |
gr12:00000000 |gr13:00000000 |gr14:00000000 |gr15:40011000 |
gr16:000000ff |gr17:00000010 |gr18:00000000 |gr19:00000000 |
gr20:00000000 |gr21:00000000 |gr22:00000000 |gr23:00000000 |
gr24:00000000 |gr25:00000000 |gr26:00000000 |gr27:00000000 |
gr28:00000000 |gr29:00000000 |gr30:00000000 |gr31:00000000 |

PC : 000000b6 |MCAUSE: 30000000
gr 0:00000000 |gr 1:00000000 |gr 2:200bfff8 |gr 3:000001c0 |
gr 4:00000000 |gr 5:00000000 |gr 6:00000000 |gr 7:00000000 |
gr 8:00000000 |gr 9:00000000 |gr10:00000000 |gr11:00000000 |
gr12:00000000 |gr13:00000000 |gr14:00000000 |gr15:40011000 |
gr16:00000003 |gr17:00000010 |gr18:00000000 |gr19:00000000 |
gr20:00000000 |gr21:00000000 |gr22:00000000 |gr23:00000000 |
gr24:00000000 |gr25:00000000 |gr26:00000000 |gr27:00000000 |
gr28:00000000 |gr29:00000000 |gr30:00000000 |gr31:00000000 |

PC : 000000b8 |MCAUSE: 30000000
gr 0:00000000 |gr 1:00000000 |gr 2:200bfff8 |gr 3:000001c0 |
gr 4:00000000 |gr 5:00000000 |gr 6:00000000 |gr 7:00000000 |
gr 8:00000000 |gr 9:00000000 |gr10:00000000 |gr11:00000000 |
gr12:00000000 |gr13:00000000 |gr14:00000000 |gr15:40011000 |
gr16:00000003 |gr17:00000010 |gr18:00000000 |gr19:00000000 |
gr20:00000000 |gr21:00000000 |gr22:00000000 |gr23:00000000 |
gr24:00000000 |gr25:00000000 |gr26:00000000 |gr27:00000000 |
gr28:00000000 |gr29:00000000 |gr30:00000000 |gr31:00000000 |

PC : 000000bc |MCAUSE: 30000000
gr 0:00000000 |gr 1:00000000 |gr 2:200bfff8 |gr 3:000001c0 |
gr 4:00000000 |gr 5:00000000 |gr 6:00000000 |gr 7:00000000 |
gr 8:00000000 |gr 9:00000000 |gr10:00000000 |gr11:00000000 |
gr12:00000000 |gr13:00000000 |gr14:00000000 |gr15:40011000 |
gr16:00000003 |gr17:00000010 |gr18:00000000 |gr19:00000000 |
gr20:00000000 |gr21:00000000 |gr22:00000000 |gr23:00000000 |
gr24:00000000 |gr25:00000000 |gr26:00000000 |gr27:00000000 |
gr28:00000000 |gr29:00000000 |gr30:00000000 |gr31:00000000 |

PC : 000000c0 |MCAUSE: 30000000
gr 0:00000000 |gr 1:00000000 |gr 2:200bfff8 |gr 3:00000088 |
gr 4:00000000 |gr 5:00000000 |gr 6:00000000 |gr 7:00000000 |
gr 8:00000000 |gr 9:00000000 |gr10:00000000 |gr11:00000000 |
gr12:00000000 |gr13:00000000 |gr14:00000000 |gr15:40011000 |
gr16:00000003 |gr17:00000010 |gr18:00000000 |gr19:00000000 |
gr20:00000000 |gr21:00000000 |gr22:00000000 |gr23:00000000 |
gr24:00000000 |gr25:00000000 |gr26:00000000 |gr27:00000000 |
gr28:00000000 |gr29:00000000 |gr30:00000000 |gr31:00000000 |

PC : 000000c4 |MCAUSE: 08000000
gr 0:00001800 |gr 1:00000000 |gr 2:200bfff8 |gr 3:00000088 |
gr 4:00000000 |gr 5:00000000 |gr 6:00000000 |gr 7:00000000 |
gr 8:00000000 |gr 9:00000000 |gr10:00000000 |gr11:00000000 |
gr12:00000000 |gr13:00000000 |gr14:00000000 |gr15:40011000 |
gr16:00000003 |gr17:00000010 |gr18:00000000 |gr19:00000000 |
gr20:00000000 |gr21:00000000 |gr22:00000000 |gr23:00000000 |
gr24:00000000 |gr25:00000000 |gr26:00000000 |gr27:00000000 |
gr28:00000000 |gr29:00000000 |gr30:00000000 |gr31:00000000 |

PC : 000000c8 |MCAUSE: 08000000
gr 0:00001800 |gr 1:00000000 |gr 2:200bfff8 |gr 3:00002000 |
gr 4:00000000 |gr 5:00000000 |gr 6:00000000 |gr 7:00000000 |
gr 8:00000000 |gr 9:00000000 |gr10:00000000 |gr11:00000000 |
gr12:00000000 |gr13:00000000 |gr14:00000000 |gr15:40011000 |
gr16:00000003 |gr17:00000010 |gr18:00000000 |gr19:00000000 |
gr20:00000000 |gr21:00000000 |gr22:00000000 |gr23:00000000 |
gr24:00000000 |gr25:00000000 |gr26:00000000 |gr27:00000000 |
gr28:00000000 |gr29:00000000 |gr30:00000000 |gr31:00000000 |

PC : 000000ca |MCAUSE: 08000000
gr 0:00000088 |gr 1:00000000 |gr 2:200bfff8 |gr 3:00002000 |
gr 4:00000000 |gr 5:00000000 |gr 6:00000000 |gr 7:00000000 |
gr 8:00000000 |gr 9:00000000 |gr10:00000000 |gr11:00000000 |
gr12:00000000 |gr13:00000000 |gr14:00000000 |gr15:40011000 |
gr16:00000003 |gr17:00000010 |gr18:00000000 |gr19:00000000 |
gr20:00000000 |gr21:00000000 |gr22:00000000 |gr23:00000000 |
gr24:00000000 |gr25:00000000 |gr26:00000000 |gr27:00000000 |
gr28:00000000 |gr29:00000000 |gr30:00000000 |gr31:00000000 |

PC : 000000ce |MCAUSE: 08000000
gr 0:00000088 |gr 1:00000000 |gr 2:200bfff8 |gr 3:00001000 |
gr 4:00000000 |gr 5:00000000 |gr 6:00000000 |gr 7:00000000 |
gr 8:00000000 |gr 9:00000000 |gr10:00000000 |gr11:00000000 |
gr12:00000000 |gr13:00000000 |gr14:00000000 |gr15:40011000 |
gr16:00000003 |gr17:00000010 |gr18:00000000 |gr19:00000000 |
gr20:00000000 |gr21:00000000 |gr22:00000000 |gr23:00000000 |
gr24:00000000 |gr25:00000000 |gr26:00000000 |gr27:00000000 |
gr28:00000000 |gr29:00000000 |gr30:00000000 |gr31:00000000 |

PC : 000000d2 |MCAUSE: 08000000
gr 0:00000088 |gr 1:00000000 |gr 2:200bfff8 |gr 3:0000103f |
gr 4:00000000 |gr 5:00000000 |gr 6:00000000 |gr 7:00000000 |
gr 8:00000000 |gr 9:00000000 |gr10:00000000 |gr11:00000000 |
gr12:00000000 |gr13:00000000 |gr14:00000000 |gr15:40011000 |
gr16:00000003 |gr17:00000010 |gr18:00000000 |gr19:00000000 |
gr20:00000000 |gr21:00000000 |gr22:00000000 |gr23:00000000 |
gr24:00000000 |gr25:00000000 |gr26:00000000 |gr27:00000000 |
gr28:00000000 |gr29:00000000 |gr30:00000000 |gr31:00000000 |

PC : 000000d6 |MCAUSE: 08000000
gr 0:00000000 |gr 1:00000000 |gr 2:200bfff8 |gr 3:0000103f |
gr 4:00000000 |gr 5:00000000 |gr 6:00000000 |gr 7:00000000 |
gr 8:00000000 |gr 9:00000000 |gr10:00000000 |gr11:00000000 |
gr12:00000000 |gr13:00000000 |gr14:00000000 |gr15:40011000 |
gr16:00000003 |gr17:00000010 |gr18:00000000 |gr19:00000000 |
gr20:00000000 |gr21:00000000 |gr22:00000000 |gr23:00000000 |
gr24:00000000 |gr25:00000000 |gr26:00000000 |gr27:00000000 |
gr28:00000000 |gr29:00000000 |gr30:00000000 |gr31:00000000 |

PC : 000000da |MCAUSE: 08000000
gr 0:00000000 |gr 1:00000000 |gr 2:200bfff8 |gr 3:00004000 |
gr 4:00000000 |gr 5:00000000 |gr 6:00000000 |gr 7:00000000 |
gr 8:00000000 |gr 9:00000000 |gr10:00000000 |gr11:00000000 |
gr12:00000000 |gr13:00000000 |gr14:00000000 |gr15:40011000 |
gr16:00000003 |gr17:00000010 |gr18:00000000 |gr19:00000000 |
gr20:00000000 |gr21:00000000 |gr22:00000000 |gr23:00000000 |
gr24:00000000 |gr25:00000000 |gr26:00000000 |gr27:00000000 |
gr28:00000000 |gr29:00000000 |gr30:00000000 |gr31:00000000 |

PC : 000000de |MCAUSE: 08000000
gr 0:00000000 |gr 1:00000000 |gr 2:200bfff8 |gr 3:0000400c |
gr 4:00000000 |gr 5:00000000 |gr 6:00000000 |gr 7:00000000 |
gr 8:00000000 |gr 9:00000000 |gr10:00000000 |gr11:00000000 |
gr12:00000000 |gr13:00000000 |gr14:00000000 |gr15:40011000 |
gr16:00000003 |gr17:00000010 |gr18:00000000 |gr19:00000000 |
gr20:00000000 |gr21:00000000 |gr22:00000000 |gr23:00000000 |
gr24:00000000 |gr25:00000000 |gr26:00000000 |gr27:00000000 |
gr28:00000000 |gr29:00000000 |gr30:00000000 |gr31:00000000 |

PC : 000000e2 |MCAUSE: 08000000
gr 0:00000000 |gr 1:00000000 |gr 2:200bfff8 |gr 3:0000400c |
gr 4:00000000 |gr 5:00000000 |gr 6:00000000 |gr 7:00000000 |
gr 8:00000000 |gr 9:00000000 |gr10:00000000 |gr11:00000000 |
gr12:00000000 |gr13:00000000 |gr14:00000000 |gr15:40011000 |
gr16:00000003 |gr17:00000010 |gr18:00000000 |gr19:00000000 |
gr20:00000000 |gr21:00000000 |gr22:00000000 |gr23:00000000 |
gr24:00000000 |gr25:00000000 |gr26:00000000 |gr27:00000000 |
gr28:00000000 |gr29:00000000 |gr30:00000000 |gr31:00000000 |

PC : 000000e6 |MCAUSE: 08000000
gr 0:00000000 |gr 1:000000ea |gr 2:200bfff8 |gr 3:0000400c |
gr 4:00000000 |gr 5:00000000 |gr 6:00000000 |gr 7:00000000 |
gr 8:00000000 |gr 9:00000000 |gr10:00000000 |gr11:00000000 |
gr12:00000000 |gr13:00000000 |gr14:00000000 |gr15:40011000 |
gr16:00000003 |gr17:00000010 |gr18:00000000 |gr19:00000000 |
gr20:00000000 |gr21:00000000 |gr22:00000000 |gr23:00000000 |
gr24:00000000 |gr25:00000000 |gr26:00000000 |gr27:00000000 |
gr28:00000000 |gr29:00000000 |gr30:00000000 |gr31:00000000 |

PC : 000005ac |MCAUSE: 08000000
gr 0:00000000 |gr 1:000000ea |gr 2:200bfff8 |gr 3:0000400c |
gr 4:00000000 |gr 5:00000004 |gr 6:00000000 |gr 7:00000000 |
gr 8:00000000 |gr 9:00000000 |gr10:00000000 |gr11:00000000 |
gr12:00000000 |gr13:00000000 |gr14:00000000 |gr15:40011000 |
gr16:00000003 |gr17:00000010 |gr18:00000000 |gr19:00000000 |
gr20:00000000 |gr21:00000000 |gr22:00000000 |gr23:00000000 |
gr24:00000000 |gr25:00000000 |gr26:00000000 |gr27:00000000 |
gr28:00000000 |gr29:00000000 |gr30:00000000 |gr31:00000000 |

PC : 000005b0 |MCAUSE: 08000000
gr 0:00000000 |gr 1:000000ea |gr 2:200bfff8 |gr 3:0000400c |
gr 4:00000005 |gr 5:00000004 |gr 6:00000000 |gr 7:00000000 |
gr 8:00000000 |gr 9:00000000 |gr10:00000000 |gr11:00000000 |
gr12:00000000 |gr13:00000000 |gr14:00000000 |gr15:40011000 |
gr16:00000003 |gr17:00000010 |gr18:00000000 |gr19:00000000 |
gr20:00000000 |gr21:00000000 |gr22:00000000 |gr23:00000000 |
gr24:00000000 |gr25:00000000 |gr26:00000000 |gr27:00000000 |
gr28:00000000 |gr29:00000000 |gr30:00000000 |gr31:00000000 |

PC : 000005b4 |MCAUSE: 08000000
gr 0:00000000 |gr 1:000000ea |gr 2:200bfff8 |gr 3:0000400c |
gr 4:00000004 |gr 5:00000004 |gr 6:00000000 |gr 7:00000000 |
gr 8:00000000 |gr 9:00000000 |gr10:00000000 |gr11:00000000 |
gr12:00000000 |gr13:00000000 |gr14:00000000 |gr15:40011000 |
gr16:00000003 |gr17:00000010 |gr18:00000000 |gr19:00000000 |
gr20:00000000 |gr21:00000000 |gr22:00000000 |gr23:00000000 |
gr24:00000000 |gr25:00000000 |gr26:00000000 |gr27:00000000 |
gr28:00000000 |gr29:00000000 |gr30:00000000 |gr31:00000000 |

PC : 000005b8 |MCAUSE: 08000000
gr 0:00000000 |gr 1:000000ea |gr 2:200bfff8 |gr 3:0000400c |
gr 4:00000004 |gr 5:00000004 |gr 6:00000000 |gr 7:00000000 |
gr 8:00000000 |gr 9:00000000 |gr10:00000000 |gr11:00000000 |
gr12:00000000 |gr13:00000000 |gr14:00000000 |gr15:40011000 |
gr16:00000003 |gr17:00000010 |gr18:00000000 |gr19:00000000 |
gr20:00000000 |gr21:00000000 |gr22:00000000 |gr23:00000000 |
gr24:00000000 |gr25:00000000 |gr26:00000000 |gr27:00000000 |
gr28:00000000 |gr29:00000000 |gr30:00000000 |gr31:00000000 |

PC : 000005c0 |MCAUSE: 08000000
gr 0:00000000 |gr 1:000000ea |gr 2:200bfff8 |gr 3:0000400c |
gr 4:00000004 |gr 5:00001000 |gr 6:00000000 |gr 7:00000000 |
gr 8:00000000 |gr 9:00000000 |gr10:00000000 |gr11:00000000 |
gr12:00000000 |gr13:00000000 |gr14:00000000 |gr15:40011000 |
gr16:00000003 |gr17:00000010 |gr18:00000000 |gr19:00000000 |
gr20:00000000 |gr21:00000000 |gr22:00000000 |gr23:00000000 |
gr24:00000000 |gr25:00000000 |gr26:00000000 |gr27:00000000 |
gr28:00000000 |gr29:00000000 |gr30:00000000 |gr31:00000000 |

PC : 000005c4 |MCAUSE: 08000000
gr 0:00000000 |gr 1:000000ea |gr 2:200bfff8 |gr 3:0000400c |
gr 4:00000004 |gr 5:00000ffe |gr 6:00000000 |gr 7:00000000 |
gr 8:00000000 |gr 9:00000000 |gr10:00000000 |gr11:00000000 |
gr12:00000000 |gr13:00000000 |gr14:00000000 |gr15:40011000 |
gr16:00000003 |gr17:00000010 |gr18:00000000 |gr19:00000000 |
gr20:00000000 |gr21:00000000 |gr22:00000000 |gr23:00000000 |
gr24:00000000 |gr25:00000000 |gr26:00000000 |gr27:00000000 |
gr28:00000000 |gr29:00000000 |gr30:00000000 |gr31:00000000 |

PC : 000005c8 |MCAUSE: 08000000
gr 0:00000000 |gr 1:000000ea |gr 2:200bfff8 |gr 3:0000400c |
gr 4:000007ff |gr 5:00000ffe |gr 6:00000000 |gr 7:00000000 |
gr 8:00000000 |gr 9:00000000 |gr10:00000000 |gr11:00000000 |
gr12:00000000 |gr13:00000000 |gr14:00000000 |gr15:40011000 |
gr16:00000003 |gr17:00000010 |gr18:00000000 |gr19:00000000 |
gr20:00000000 |gr21:00000000 |gr22:00000000 |gr23:00000000 |
gr24:00000000 |gr25:00000000 |gr26:00000000 |gr27:00000000 |
gr28:00000000 |gr29:00000000 |gr30:00000000 |gr31:00000000 |

PC : 000005cc |MCAUSE: 08000000
gr 0:00000000 |gr 1:000000ea |gr 2:200bfff8 |gr 3:0000400c |
gr 4:00000ffe |gr 5:00000ffe |gr 6:00000000 |gr 7:00000000 |
gr 8:00000000 |gr 9:00000000 |gr10:00000000 |gr11:00000000 |
gr12:00000000 |gr13:00000000 |gr14:00000000 |gr15:40011000 |
gr16:00000003 |gr17:00000010 |gr18:00000000 |gr19:00000000 |
gr20:00000000 |gr21:00000000 |gr22:00000000 |gr23:00000000 |
gr24:00000000 |gr25:00000000 |gr26:00000000 |gr27:00000000 |
gr28:00000000 |gr29:00000000 |gr30:00000000 |gr31:00000000 |

PC : 000005d0 |MCAUSE: 08000000
gr 0:00000000 |gr 1:000000ea |gr 2:200bfff8 |gr 3:0000400c |
gr 4:00000ffe |gr 5:00000ffe |gr 6:00000000 |gr 7:00000000 |
gr 8:00000000 |gr 9:00000000 |gr10:00000000 |gr11:00000000 |
gr12:00000000 |gr13:00000000 |gr14:00000000 |gr15:40011000 |
gr16:00000003 |gr17:00000010 |gr18:00000000 |gr19:00000000 |
gr20:00000000 |gr21:00000000 |gr22:00000000 |gr23:00000000 |
gr24:00000000 |gr25:00000000 |gr26:00000000 |gr27:00000000 |
gr28:00000000 |gr29:00000000 |gr30:00000000 |gr31:00000000 |

PC : 000005d8 |MCAUSE: 08000000
gr 0:00000000 |gr 1:000000ea |gr 2:200bfff8 |gr 3:0000400c |
gr 4:00000ffe |gr 5:fffff000 |gr 6:00000000 |gr 7:00000000 |
gr 8:00000000 |gr 9:00000000 |gr10:00000000 |gr11:00000000 |
gr12:00000000 |gr13:00000000 |gr14:00000000 |gr15:40011000 |
gr16:00000003 |gr17:00000010 |gr18:00000000 |gr19:00000000 |
gr20:00000000 |gr21:00000000 |gr22:00000000 |gr23:00000000 |
gr24:00000000 |gr25:00000000 |gr26:00000000 |gr27:00000000 |
gr28:00000000 |gr29:00000000 |gr30:00000000 |gr31:00000000 |

PC : 000005dc |MCAUSE: 08000000
gr 0:00000000 |gr 1:000000ea |gr 2:200bfff8 |gr 3:0000400c |
gr 4:fffff800 |gr 5:fffff000 |gr 6:00000000 |gr 7:00000000 |
gr 8:00000000 |gr 9:00000000 |gr10:00000000 |gr11:00000000 |
gr12:00000000 |gr13:00000000 |gr14:00000000 |gr15:40011000 |
gr16:00000003 |gr17:00000010 |gr18:00000000 |gr19:00000000 |
gr20:00000000 |gr21:00000000 |gr22:00000000 |gr23:00000000 |
gr24:00000000 |gr25:00000000 |gr26:00000000 |gr27:00000000 |
gr28:00000000 |gr29:00000000 |gr30:00000000 |gr31:00000000 |

PC : 000005e0 |MCAUSE: 08000000
gr 0:00000000 |gr 1:000000ea |gr 2:200bfff8 |gr 3:0000400c |
gr 4:fffff000 |gr 5:fffff000 |gr 6:00000000 |gr 7:00000000 |
gr 8:00000000 |gr 9:00000000 |gr10:00000000 |gr11:00000000 |
gr12:00000000 |gr13:00000000 |gr14:00000000 |gr15:40011000 |
gr16:00000003 |gr17:00000010 |gr18:00000000 |gr19:00000000 |
gr20:00000000 |gr21:00000000 |gr22:00000000 |gr23:00000000 |
gr24:00000000 |gr25:00000000 |gr26:00000000 |gr27:00000000 |
gr28:00000000 |gr29:00000000 |gr30:00000000 |gr31:00000000 |

PC : 000005e4 |MCAUSE: 08000000
gr 0:00000000 |gr 1:000000ea |gr 2:200bfff8 |gr 3:0000400c |
gr 4:fffff000 |gr 5:fffff000 |gr 6:00000000 |gr 7:00000000 |
gr 8:00000000 |gr 9:00000000 |gr10:00000000 |gr11:00000000 |
gr12:00000000 |gr13:00000000 |gr14:00000000 |gr15:40011000 |
gr16:00000003 |gr17:00000010 |gr18:00000000 |gr19:00000000 |
gr20:00000000 |gr21:00000000 |gr22:00000000 |gr23:00000000 |
gr24:00000000 |gr25:00000000 |gr26:00000000 |gr27:00000000 |
gr28:00000000 |gr29:00000000 |gr30:00000000 |gr31:00000000 |

PC : 000005ec |MCAUSE: 08000000
gr 0:00000000 |gr 1:000000ea |gr 2:200bfff8 |gr 3:0000400c |
gr 4:fffff123 |gr 5:fffff000 |gr 6:00000000 |gr 7:00000000 |
gr 8:00000000 |gr 9:00000000 |gr10:00000000 |gr11:00000000 |
gr12:00000000 |gr13:00000000 |gr14:00000000 |gr15:40011000 |
gr16:00000003 |gr17:00000010 |gr18:00000000 |gr19:00000000 |
gr20:00000000 |gr21:00000000 |gr22:00000000 |gr23:00000000 |
gr24:00000000 |gr25:00000000 |gr26:00000000 |gr27:00000000 |
gr28:00000000 |gr29:00000000 |gr30:00000000 |gr31:00000000 |

PC : 000005f0 |MCAUSE: 08000000
gr 0:00000000 |gr 1:000000ea |gr 2:200bfff8 |gr 3:0000400c |
gr 4:fffff123 |gr 5:fffff123 |gr 6:00000000 |gr 7:00000000 |
gr 8:00000000 |gr 9:00000000 |gr10:00000000 |gr11:00000000 |
gr12:00000000 |gr13:00000000 |gr14:00000000 |gr15:40011000 |
gr16:00000003 |gr17:00000010 |gr18:00000000 |gr19:00000000 |
gr20:00000000 |gr21:00000000 |gr22:00000000 |gr23:00000000 |
gr24:00000000 |gr25:00000000 |gr26:00000000 |gr27:00000000 |
gr28:00000000 |gr29:00000000 |gr30:00000000 |gr31:00000000 |

PC : 000005f4 |MCAUSE: 08000000
gr 0:00000000 |gr 1:000000ea |gr 2:200bfff8 |gr 3:0000400c |
gr 4:fffff123 |gr 5:fffff123 |gr 6:00000000 |gr 7:00000000 |
gr 8:00000000 |gr 9:00000000 |gr10:00000000 |gr11:00000000 |
gr12:00000000 |gr13:00000000 |gr14:00000000 |gr15:40011000 |
gr16:00000003 |gr17:00000010 |gr18:00000000 |gr19:00000000 |
gr20:00000000 |gr21:00000000 |gr22:00000000 |gr23:00000000 |
gr24:00000000 |gr25:00000000 |gr26:00000000 |gr27:00000000 |
gr28:00000000 |gr29:00000000 |gr30:00000000 |gr31:00000000 |

PC : 000005fc |MCAUSE: 08000000
gr 0:00000000 |gr 1:000000ea |gr 2:200bfff8 |gr 3:0000400c |
gr 4:fffff123 |gr 5:00000000 |gr 6:00000000 |gr 7:00000000 |
gr 8:00000000 |gr 9:00000000 |gr10:00000000 |gr11:00000000 |
gr12:00000000 |gr13:00000000 |gr14:00000000 |gr15:40011000 |
gr16:00000003 |gr17:00000010 |gr18:00000000 |gr19:00000000 |
gr20:00000000 |gr21:00000000 |gr22:00000000 |gr23:00000000 |
gr24:00000000 |gr25:00000000 |gr26:00000000 |gr27:00000000 |
gr28:00000000 |gr29:00000000 |gr30:00000000 |gr31:00000000 |

PC : 00000600 |MCAUSE: 08000000
gr 0:00000000 |gr 1:000000ea |gr 2:200bfff8 |gr 3:0000400c |
gr 4:fffff123 |gr 5:00000000 |gr 6:00000000 |gr 7:00000000 |
gr 8:00000000 |gr 9:00000000 |gr10:00000000 |gr11:00000000 |
gr12:00000000 |gr13:00000000 |gr14:00000000 |gr15:40011000 |
gr16:00000003 |gr17:00000010 |gr18:00000000 |gr19:00000000 |
gr20:00000000 |gr21:00000000 |gr22:00000000 |gr23:00000000 |
gr24:00000000 |gr25:00000000 |gr26:00000000 |gr27:00000000 |
gr28:00000000 |gr29:00000000 |gr30:00000000 |gr31:00000000 |

PC : 00000604 |MCAUSE: 08000000
gr 0:00000000 |gr 1:000000ea |gr 2:200bfff8 |gr 3:0000400c |
gr 4:fffff123 |gr 5:00000000 |gr 6:00000000 |gr 7:00000000 |
gr 8:00000000 |gr 9:00000000 |gr10:00000000 |gr11:00000000 |
gr12:00000000 |gr13:00000000 |gr14:00000000 |gr15:40011000 |
gr16:00000003 |gr17:00000010 |gr18:00000000 |gr19:00000000 |
gr20:00000000 |gr21:00000000 |gr22:00000000 |gr23:00000000 |
gr24:00000000 |gr25:00000000 |gr26:00000000 |gr27:00000000 |
gr28:00000000 |gr29:00000000 |gr30:00000000 |gr31:00000000 |

PC : 00000608 |MCAUSE: 08000000
gr 0:00000005 |gr 1:000000ea |gr 2:200bfff8 |gr 3:0000400c |
gr 4:fffff123 |gr 5:00000000 |gr 6:00000000 |gr 7:00000000 |
gr 8:00000000 |gr 9:00000000 |gr10:00000000 |gr11:00000000 |
gr12:00000000 |gr13:00000000 |gr14:00000000 |gr15:40011000 |
gr16:00000003 |gr17:00000010 |gr18:00000000 |gr19:00000000 |
gr20:00000000 |gr21:00000000 |gr22:00000000 |gr23:00000000 |
gr24:00000000 |gr25:00000000 |gr26:00000000 |gr27:00000000 |
gr28:00000000 |gr29:00000000 |gr30:00000000 |gr31:00000000 |

PC : 0000060c |MCAUSE: 08000000
gr 0:00000005 |gr 1:000000ea |gr 2:200bfff8 |gr 3:0000400c |
gr 4:fffff123 |gr 5:00000000 |gr 6:00000000 |gr 7:00000000 |
gr 8:00000000 |gr 9:00000000 |gr10:00000000 |gr11:00000000 |
gr12:00000000 |gr13:00000000 |gr14:00000000 |gr15:40011000 |
gr16:00000003 |gr17:00000010 |gr18:00000000 |gr19:00000000 |
gr20:00000000 |gr21:00000000 |gr22:00000000 |gr23:00000000 |
gr24:00000000 |gr25:00000000 |gr26:00000000 |gr27:00000000 |
gr28:00000000 |gr29:00000000 |gr30:00000000 |gr31:00000000 |

PC : 00000614 |MCAUSE: 08000000
gr 0:00000005 |gr 1:000000ea |gr 2:200bfff8 |gr 3:0000400c |
gr 4:00000001 |gr 5:00000000 |gr 6:00000000 |gr 7:00000000 |
gr 8:00000000 |gr 9:00000000 |gr10:00000000 |gr11:00000000 |
gr12:00000000 |gr13:00000000 |gr14:00000000 |gr15:40011000 |
gr16:00000003 |gr17:00000010 |gr18:00000000 |gr19:00000000 |
gr20:00000000 |gr21:00000000 |gr22:00000000 |gr23:00000000 |
gr24:00000000 |gr25:00000000 |gr26:00000000 |gr27:00000000 |
gr28:00000000 |gr29:00000000 |gr30:00000000 |gr31:00000000 |

PC : 00000618 |MCAUSE: 08000000
gr 0:00000005 |gr 1:000000ea |gr 2:200bfff8 |gr 3:0000400c |
gr 4:00000001 |gr 5:00001000 |gr 6:00000000 |gr 7:00000000 |
gr 8:00000000 |gr 9:00000000 |gr10:00000000 |gr11:00000000 |
gr12:00000000 |gr13:00000000 |gr14:00000000 |gr15:40011000 |
gr16:00000003 |gr17:00000010 |gr18:00000000 |gr19:00000000 |
gr20:00000000 |gr21:00000000 |gr22:00000000 |gr23:00000000 |
gr24:00000000 |gr25:00000000 |gr26:00000000 |gr27:00000000 |
gr28:00000000 |gr29:00000000 |gr30:00000000 |gr31:00000000 |

PC : 0000061c |MCAUSE: 08000000
gr 0:00000005 |gr 1:000000ea |gr 2:200bfff8 |gr 3:0000400c |
gr 4:00000001 |gr 5:00000fff |gr 6:00000000 |gr 7:00000000 |
gr 8:00000000 |gr 9:00000000 |gr10:00000000 |gr11:00000000 |
gr12:00000000 |gr13:00000000 |gr14:00000000 |gr15:40011000 |
gr16:00000003 |gr17:00000010 |gr18:00000000 |gr19:00000000 |
gr20:00000000 |gr21:00000000 |gr22:00000000 |gr23:00000000 |
gr24:00000000 |gr25:00000000 |gr26:00000000 |gr27:00000000 |
gr28:00000000 |gr29:00000000 |gr30:00000000 |gr31:00000000 |

PC : 00000620 |MCAUSE: 08000000
gr 0:00000005 |gr 1:000000ea |gr 2:200bfff8 |gr 3:0000400c |
gr 4:00000001 |gr 5:00000000 |gr 6:00000000 |gr 7:00000000 |
gr 8:00000000 |gr 9:00000000 |gr10:00000000 |gr11:00000000 |
gr12:00000000 |gr13:00000000 |gr14:00000000 |gr15:40011000 |
gr16:00000003 |gr17:00000010 |gr18:00000000 |gr19:00000000 |
gr20:00000000 |gr21:00000000 |gr22:00000000 |gr23:00000000 |
gr24:00000000 |gr25:00000000 |gr26:00000000 |gr27:00000000 |
gr28:00000000 |gr29:00000000 |gr30:00000000 |gr31:00000000 |

PC : 00000624 |MCAUSE: 08000000
gr 0:00000005 |gr 1:000000ea |gr 2:200bfff8 |gr 3:0000400c |
gr 4:00000001 |gr 5:00000000 |gr 6:00000000 |gr 7:00000000 |
gr 8:00000000 |gr 9:00000000 |gr10:00000000 |gr11:00000000 |
gr12:00000000 |gr13:00000000 |gr14:00000000 |gr15:40011000 |
gr16:00000003 |gr17:00000010 |gr18:00000000 |gr19:00000000 |
gr20:00000000 |gr21:00000000 |gr22:00000000 |gr23:00000000 |
gr24:00000000 |gr25:00000000 |gr26:00000000 |gr27:00000000 |
gr28:00000000 |gr29:00000000 |gr30:00000000 |gr31:00000000 |

PC : 0000062c |MCAUSE: 08000000
gr 0:00000005 |gr 1:000000ea |gr 2:200bfff8 |gr 3:0000400c |
gr 4:00000001 |gr 5:00001000 |gr 6:00000000 |gr 7:00000000 |
gr 8:00000000 |gr 9:00000000 |gr10:00000000 |gr11:00000000 |
gr12:00000000 |gr13:00000000 |gr14:00000000 |gr15:40011000 |
gr16:00000003 |gr17:00000010 |gr18:00000000 |gr19:00000000 |
gr20:00000000 |gr21:00000000 |gr22:00000000 |gr23:00000000 |
gr24:00000000 |gr25:00000000 |gr26:00000000 |gr27:00000000 |
gr28:00000000 |gr29:00000000 |gr30:00000000 |gr31:00000000 |

PC : 00000630 |MCAUSE: 08000000
gr 0:00000005 |gr 1:000000ea |gr 2:200bfff8 |gr 3:0000400c |
gr 4:00000001 |gr 5:00000fff |gr 6:00000000 |gr 7:00000000 |
gr 8:00000000 |gr 9:00000000 |gr10:00000000 |gr11:00000000 |
gr12:00000000 |gr13:00000000 |gr14:00000000 |gr15:40011000 |
gr16:00000003 |gr17:00000010 |gr18:00000000 |gr19:00000000 |
gr20:00000000 |gr21:00000000 |gr22:00000000 |gr23:00000000 |
gr24:00000000 |gr25:00000000 |gr26:00000000 |gr27:00000000 |
gr28:00000000 |gr29:00000000 |gr30:00000000 |gr31:00000000 |

PC : 00000634 |MCAUSE: 08000000
gr 0:00000005 |gr 1:000000ea |gr 2:200bfff8 |gr 3:0000400c |
gr 4:00000001 |gr 5:00000000 |gr 6:00000000 |gr 7:00000000 |
gr 8:00000000 |gr 9:00000000 |gr10:00000000 |gr11:00000000 |
gr12:00000000 |gr13:00000000 |gr14:00000000 |gr15:40011000 |
gr16:00000003 |gr17:00000010 |gr18:00000000 |gr19:00000000 |
gr20:00000000 |gr21:00000000 |gr22:00000000 |gr23:00000000 |
gr24:00000000 |gr25:00000000 |gr26:00000000 |gr27:00000000 |
gr28:00000000 |gr29:00000000 |gr30:00000000 |gr31:00000000 |

PC : 00000638 |MCAUSE: 08000000
gr 0:00000005 |gr 1:000000ea |gr 2:200bfff8 |gr 3:0000400c |
gr 4:00000001 |gr 5:00000000 |gr 6:00000000 |gr 7:00000000 |
gr 8:00000000 |gr 9:00000000 |gr10:00000000 |gr11:00000000 |
gr12:00000000 |gr13:00000000 |gr14:00000000 |gr15:40011000 |
gr16:00000003 |gr17:00000010 |gr18:00000000 |gr19:00000000 |
gr20:00000000 |gr21:00000000 |gr22:00000000 |gr23:00000000 |
gr24:00000000 |gr25:00000000 |gr26:00000000 |gr27:00000000 |
gr28:00000000 |gr29:00000000 |gr30:00000000 |gr31:00000000 |

PC : 00000640 |MCAUSE: 08000000
gr 0:00000005 |gr 1:000000ea |gr 2:200bfff8 |gr 3:0000400c |
gr 4:00000001 |gr 5:ffffffff |gr 6:00000000 |gr 7:00000000 |
gr 8:00000000 |gr 9:00000000 |gr10:00000000 |gr11:00000000 |
gr12:00000000 |gr13:00000000 |gr14:00000000 |gr15:40011000 |
gr16:00000003 |gr17:00000010 |gr18:00000000 |gr19:00000000 |
gr20:00000000 |gr21:00000000 |gr22:00000000 |gr23:00000000 |
gr24:00000000 |gr25:00000000 |gr26:00000000 |gr27:00000000 |
gr28:00000000 |gr29:00000000 |gr30:00000000 |gr31:00000000 |

PC : 00000644 |MCAUSE: 08000000
gr 0:00000005 |gr 1:000000ea |gr 2:200bfff8 |gr 3:0000400c |
gr 4:00000001 |gr 5:00000001 |gr 6:00000000 |gr 7:00000000 |
gr 8:00000000 |gr 9:00000000 |gr10:00000000 |gr11:00000000 |
gr12:00000000 |gr13:00000000 |gr14:00000000 |gr15:40011000 |
gr16:00000003 |gr17:00000010 |gr18:00000000 |gr19:00000000 |
gr20:00000000 |gr21:00000000 |gr22:00000000 |gr23:00000000 |
gr24:00000000 |gr25:00000000 |gr26:00000000 |gr27:00000000 |
gr28:00000000 |gr29:00000000 |gr30:00000000 |gr31:00000000 |

PC : 00000648 |MCAUSE: 08000000
gr 0:00000005 |gr 1:000000ea |gr 2:200bfff8 |gr 3:0000400c |
gr 4:00000001 |gr 5:00000001 |gr 6:00000000 |gr 7:00000000 |
gr 8:00000000 |gr 9:00000000 |gr10:00000000 |gr11:00000000 |
gr12:00000000 |gr13:00000000 |gr14:00000000 |gr15:40011000 |
gr16:00000003 |gr17:00000010 |gr18:00000000 |gr19:00000000 |
gr20:00000000 |gr21:00000000 |gr22:00000000 |gr23:00000000 |
gr24:00000000 |gr25:00000000 |gr26:00000000 |gr27:00000000 |
gr28:00000000 |gr29:00000000 |gr30:00000000 |gr31:00000000 |

PC : 00000650 |MCAUSE: 08000000
gr 0:00000005 |gr 1:000000ea |gr 2:200bfff8 |gr 3:0000400c |
gr 4:00000001 |gr 5:00000001 |gr 6:00000000 |gr 7:00000000 |
gr 8:00000000 |gr 9:00000000 |gr10:00000000 |gr11:00000000 |
gr12:00000000 |gr13:00000000 |gr14:00000000 |gr15:40011000 |
gr16:00000003 |gr17:00000010 |gr18:00000000 |gr19:00000000 |
gr20:00000000 |gr21:00000000 |gr22:00000000 |gr23:00000000 |
gr24:00000000 |gr25:00000000 |gr26:00000000 |gr27:00000000 |
gr28:00000000 |gr29:00000000 |gr30:00000000 |gr31:00000000 |

PC : 00000654 |MCAUSE: 08000000
gr 0:00000005 |gr 1:000000ea |gr 2:200bfff8 |gr 3:0000400c |
gr 4:00000001 |gr 5:00000000 |gr 6:00000000 |gr 7:00000000 |
gr 8:00000000 |gr 9:00000000 |gr10:00000000 |gr11:00000000 |
gr12:00000000 |gr13:00000000 |gr14:00000000 |gr15:40011000 |
gr16:00000003 |gr17:00000010 |gr18:00000000 |gr19:00000000 |
gr20:00000000 |gr21:00000000 |gr22:00000000 |gr23:00000000 |
gr24:00000000 |gr25:00000000 |gr26:00000000 |gr27:00000000 |
gr28:00000000 |gr29:00000000 |gr30:00000000 |gr31:00000000 |

PC : 00000658 |MCAUSE: 08000000
gr 0:00000005 |gr 1:000000ea |gr 2:200bfff8 |gr 3:0000400c |
gr 4:00000001 |gr 5:00000000 |gr 6:00000000 |gr 7:00000000 |
gr 8:00000000 |gr 9:00000000 |gr10:00000000 |gr11:00000000 |
gr12:00000000 |gr13:00000000 |gr14:00000000 |gr15:40011000 |
gr16:00000003 |gr17:00000010 |gr18:00000000 |gr19:00000000 |
gr20:00000000 |gr21:00000000 |gr22:00000000 |gr23:00000000 |
gr24:00000000 |gr25:00000000 |gr26:00000000 |gr27:00000000 |
gr28:00000000 |gr29:00000000 |gr30:00000000 |gr31:00000000 |

PC : 00000660 |MCAUSE: 08000000
gr 0:00000005 |gr 1:000000ea |gr 2:200bfff8 |gr 3:0000400c |
gr 4:00000001 |gr 5:ffffffff |gr 6:00000000 |gr 7:00000000 |
gr 8:00000000 |gr 9:00000000 |gr10:00000000 |gr11:00000000 |
gr12:00000000 |gr13:00000000 |gr14:00000000 |gr15:40011000 |
gr16:00000003 |gr17:00000010 |gr18:00000000 |gr19:00000000 |
gr20:00000000 |gr21:00000000 |gr22:00000000 |gr23:00000000 |
gr24:00000000 |gr25:00000000 |gr26:00000000 |gr27:00000000 |
gr28:00000000 |gr29:00000000 |gr30:00000000 |gr31:00000000 |

PC : 00000664 |MCAUSE: 08000000
gr 0:00000005 |gr 1:000000ea |gr 2:200bfff8 |gr 3:0000400c |
gr 4:00000001 |gr 5:00000000 |gr 6:00000000 |gr 7:00000000 |
gr 8:00000000 |gr 9:00000000 |gr10:00000000 |gr11:00000000 |
gr12:00000000 |gr13:00000000 |gr14:00000000 |gr15:40011000 |
gr16:00000003 |gr17:00000010 |gr18:00000000 |gr19:00000000 |
gr20:00000000 |gr21:00000000 |gr22:00000000 |gr23:00000000 |
gr24:00000000 |gr25:00000000 |gr26:00000000 |gr27:00000000 |
gr28:00000000 |gr29:00000000 |gr30:00000000 |gr31:00000000 |

PC : 00000668 |MCAUSE: 08000000
gr 0:00000005 |gr 1:000000ea |gr 2:200bfff8 |gr 3:0000400c |
gr 4:00000001 |gr 5:00000000 |gr 6:00000000 |gr 7:00000000 |
gr 8:00000000 |gr 9:00000000 |gr10:00000000 |gr11:00000000 |
gr12:00000000 |gr13:00000000 |gr14:00000000 |gr15:40011000 |
gr16:00000003 |gr17:00000010 |gr18:00000000 |gr19:00000000 |
gr20:00000000 |gr21:00000000 |gr22:00000000 |gr23:00000000 |
gr24:00000000 |gr25:00000000 |gr26:00000000 |gr27:00000000 |
gr28:00000000 |gr29:00000000 |gr30:00000000 |gr31:00000000 |

PC : 00000670 |MCAUSE: 08000000
gr 0:00000005 |gr 1:000000ea |gr 2:200bfff8 |gr 3:0000400c |
gr 4:00000001 |gr 5:ffffffff |gr 6:00000000 |gr 7:00000000 |
gr 8:00000000 |gr 9:00000000 |gr10:00000000 |gr11:00000000 |
gr12:00000000 |gr13:00000000 |gr14:00000000 |gr15:40011000 |
gr16:00000003 |gr17:00000010 |gr18:00000000 |gr19:00000000 |
gr20:00000000 |gr21:00000000 |gr22:00000000 |gr23:00000000 |
gr24:00000000 |gr25:00000000 |gr26:00000000 |gr27:00000000 |
gr28:00000000 |gr29:00000000 |gr30:00000000 |gr31:00000000 |

PC : 00000674 |MCAUSE: 08000000
gr 0:00000005 |gr 1:000000ea |gr 2:200bfff8 |gr 3:0000400c |
gr 4:00000001 |gr 5:00000000 |gr 6:00000000 |gr 7:00000000 |
gr 8:00000000 |gr 9:00000000 |gr10:00000000 |gr11:00000000 |
gr12:00000000 |gr13:00000000 |gr14:00000000 |gr15:40011000 |
gr16:00000003 |gr17:00000010 |gr18:00000000 |gr19:00000000 |
gr20:00000000 |gr21:00000000 |gr22:00000000 |gr23:00000000 |
gr24:00000000 |gr25:00000000 |gr26:00000000 |gr27:00000000 |
gr28:00000000 |gr29:00000000 |gr30:00000000 |gr31:00000000 |

PC : 00000678 |MCAUSE: 08000000
gr 0:00000005 |gr 1:000000ea |gr 2:200bfff8 |gr 3:0000400c |
gr 4:00000001 |gr 5:00000000 |gr 6:00000000 |gr 7:00000000 |
gr 8:00000000 |gr 9:00000000 |gr10:00000000 |gr11:00000000 |
gr12:00000000 |gr13:00000000 |gr14:00000000 |gr15:40011000 |
gr16:00000003 |gr17:00000010 |gr18:00000000 |gr19:00000000 |
gr20:00000000 |gr21:00000000 |gr22:00000000 |gr23:00000000 |
gr24:00000000 |gr25:00000000 |gr26:00000000 |gr27:00000000 |
gr28:00000000 |gr29:00000000 |gr30:00000000 |gr31:00000000 |

PC : 00000680 |MCAUSE: 08000000
gr 0:00000005 |gr 1:000000ea |gr 2:200bfff8 |gr 3:0000400c |
gr 4:00000001 |gr 5:00000000 |gr 6:00000000 |gr 7:00000000 |
gr 8:00000000 |gr 9:00000000 |gr10:00000000 |gr11:00000000 |
gr12:00000000 |gr13:00000000 |gr14:00000000 |gr15:40011000 |
gr16:00000003 |gr17:00000010 |gr18:00000000 |gr19:00000000 |
gr20:00000000 |gr21:00000000 |gr22:00000000 |gr23:00000000 |
gr24:00000000 |gr25:00000000 |gr26:00000000 |gr27:00000000 |
gr28:00000000 |gr29:00000000 |gr30:00000000 |gr31:00000000 |

PC : 00000684 |MCAUSE: 08000000
gr 0:00000005 |gr 1:000000ea |gr 2:200bfff8 |gr 3:0000400c |
gr 4:00000001 |gr 5:ffffffff |gr 6:00000000 |gr 7:00000000 |
gr 8:00000000 |gr 9:00000000 |gr10:00000000 |gr11:00000000 |
gr12:00000000 |gr13:00000000 |gr14:00000000 |gr15:40011000 |
gr16:00000003 |gr17:00000010 |gr18:00000000 |gr19:00000000 |
gr20:00000000 |gr21:00000000 |gr22:00000000 |gr23:00000000 |
gr24:00000000 |gr25:00000000 |gr26:00000000 |gr27:00000000 |
gr28:00000000 |gr29:00000000 |gr30:00000000 |gr31:00000000 |

PC : 00000688 |MCAUSE: 08000000
gr 0:00000005 |gr 1:000000ea |gr 2:200bfff8 |gr 3:0000400c |
gr 4:00000001 |gr 5:00000000 |gr 6:00000000 |gr 7:00000000 |
gr 8:00000000 |gr 9:00000000 |gr10:00000000 |gr11:00000000 |
gr12:00000000 |gr13:00000000 |gr14:00000000 |gr15:40011000 |
gr16:00000003 |gr17:00000010 |gr18:00000000 |gr19:00000000 |
gr20:00000000 |gr21:00000000 |gr22:00000000 |gr23:00000000 |
gr24:00000000 |gr25:00000000 |gr26:00000000 |gr27:00000000 |
gr28:00000000 |gr29:00000000 |gr30:00000000 |gr31:00000000 |

PC : 0000068c |MCAUSE: 08000000
gr 0:00000005 |gr 1:000000ea |gr 2:200bfff8 |gr 3:0000400c |
gr 4:00000001 |gr 5:00000000 |gr 6:00000000 |gr 7:00000000 |
gr 8:00000000 |gr 9:00000000 |gr10:00000000 |gr11:00000000 |
gr12:00000000 |gr13:00000000 |gr14:00000000 |gr15:40011000 |
gr16:00000003 |gr17:00000010 |gr18:00000000 |gr19:00000000 |
gr20:00000000 |gr21:00000000 |gr22:00000000 |gr23:00000000 |
gr24:00000000 |gr25:00000000 |gr26:00000000 |gr27:00000000 |
gr28:00000000 |gr29:00000000 |gr30:00000000 |gr31:00000000 |

PC : 00000694 |MCAUSE: 08000000
gr 0:00000005 |gr 1:000000ea |gr 2:200bfff8 |gr 3:0000400c |
gr 4:00000001 |gr 5:00001000 |gr 6:00000000 |gr 7:00000000 |
gr 8:00000000 |gr 9:00000000 |gr10:00000000 |gr11:00000000 |
gr12:00000000 |gr13:00000000 |gr14:00000000 |gr15:40011000 |
gr16:00000003 |gr17:00000010 |gr18:00000000 |gr19:00000000 |
gr20:00000000 |gr21:00000000 |gr22:00000000 |gr23:00000000 |
gr24:00000000 |gr25:00000000 |gr26:00000000 |gr27:00000000 |
gr28:00000000 |gr29:00000000 |gr30:00000000 |gr31:00000000 |

PC : 00000698 |MCAUSE: 08000000
gr 0:00000005 |gr 1:000000ea |gr 2:200bfff8 |gr 3:0000400c |
gr 4:00000001 |gr 5:00000fff |gr 6:00000000 |gr 7:00000000 |
gr 8:00000000 |gr 9:00000000 |gr10:00000000 |gr11:00000000 |
gr12:00000000 |gr13:00000000 |gr14:00000000 |gr15:40011000 |
gr16:00000003 |gr17:00000010 |gr18:00000000 |gr19:00000000 |
gr20:00000000 |gr21:00000000 |gr22:00000000 |gr23:00000000 |
gr24:00000000 |gr25:00000000 |gr26:00000000 |gr27:00000000 |
gr28:00000000 |gr29:00000000 |gr30:00000000 |gr31:00000000 |

PC : 0000069c |MCAUSE: 08000000
gr 0:00000005 |gr 1:000000ea |gr 2:200bfff8 |gr 3:0000400c |
gr 4:00000001 |gr 5:00000000 |gr 6:00000000 |gr 7:00000000 |
gr 8:00000000 |gr 9:00000000 |gr10:00000000 |gr11:00000000 |
gr12:00000000 |gr13:00000000 |gr14:00000000 |gr15:40011000 |
gr16:00000003 |gr17:00000010 |gr18:00000000 |gr19:00000000 |
gr20:00000000 |gr21:00000000 |gr22:00000000 |gr23:00000000 |
gr24:00000000 |gr25:00000000 |gr26:00000000 |gr27:00000000 |
gr28:00000000 |gr29:00000000 |gr30:00000000 |gr31:00000000 |

PC : 000006a0 |MCAUSE: 08000000
gr 0:00000005 |gr 1:000000ea |gr 2:200bfff8 |gr 3:0000400c |
gr 4:00000001 |gr 5:00000000 |gr 6:00000000 |gr 7:00000000 |
gr 8:00000000 |gr 9:00000000 |gr10:00000000 |gr11:00000000 |
gr12:00000000 |gr13:00000000 |gr14:00000000 |gr15:40011000 |
gr16:00000003 |gr17:00000010 |gr18:00000000 |gr19:00000000 |
gr20:00000000 |gr21:00000000 |gr22:00000000 |gr23:00000000 |
gr24:00000000 |gr25:00000000 |gr26:00000000 |gr27:00000000 |
gr28:00000000 |gr29:00000000 |gr30:00000000 |gr31:00000000 |

PC : 000006a8 |MCAUSE: 08000000
gr 0:00000005 |gr 1:000000ea |gr 2:200bfff8 |gr 3:0000400c |
gr 4:00000001 |gr 5:00000001 |gr 6:00000000 |gr 7:00000000 |
gr 8:00000000 |gr 9:00000000 |gr10:00000000 |gr11:00000000 |
gr12:00000000 |gr13:00000000 |gr14:00000000 |gr15:40011000 |
gr16:00000003 |gr17:00000010 |gr18:00000000 |gr19:00000000 |
gr20:00000000 |gr21:00000000 |gr22:00000000 |gr23:00000000 |
gr24:00000000 |gr25:00000000 |gr26:00000000 |gr27:00000000 |
gr28:00000000 |gr29:00000000 |gr30:00000000 |gr31:00000000 |

PC : 000006ac |MCAUSE: 08000000
gr 0:00000005 |gr 1:000000ea |gr 2:200bfff8 |gr 3:0000400c |
gr 4:00000001 |gr 5:00000001 |gr 6:00000000 |gr 7:00000000 |
gr 8:00000000 |gr 9:00000000 |gr10:00000000 |gr11:00000000 |
gr12:00000000 |gr13:00000000 |gr14:00000000 |gr15:40011000 |
gr16:00000003 |gr17:00000010 |gr18:00000000 |gr19:00000000 |
gr20:00000000 |gr21:00000000 |gr22:00000000 |gr23:00000000 |
gr24:00000000 |gr25:00000000 |gr26:00000000 |gr27:00000000 |
gr28:00000000 |gr29:00000000 |gr30:00000000 |gr31:00000000 |

PC : 000006b0 |MCAUSE: 08000000
gr 0:00000005 |gr 1:000000ea |gr 2:200bfff8 |gr 3:0000400c |
gr 4:00000001 |gr 5:00000001 |gr 6:00000000 |gr 7:00000000 |
gr 8:00000000 |gr 9:00000000 |gr10:00000000 |gr11:00000000 |
gr12:00000000 |gr13:00000000 |gr14:00000000 |gr15:40011000 |
gr16:00000003 |gr17:00000010 |gr18:00000000 |gr19:00000000 |
gr20:00000000 |gr21:00000000 |gr22:00000000 |gr23:00000000 |
gr24:00000000 |gr25:00000000 |gr26:00000000 |gr27:00000000 |
gr28:00000000 |gr29:00000000 |gr30:00000000 |gr31:00000000 |

PC : 000006b8 |MCAUSE: 08000000
gr 0:00000005 |gr 1:000000ea |gr 2:200bfff8 |gr 3:0000400c |
gr 4:00000001 |gr 5:000007ff |gr 6:00000000 |gr 7:00000000 |
gr 8:00000000 |gr 9:00000000 |gr10:00000000 |gr11:00000000 |
gr12:00000000 |gr13:00000000 |gr14:00000000 |gr15:40011000 |
gr16:00000003 |gr17:00000010 |gr18:00000000 |gr19:00000000 |
gr20:00000000 |gr21:00000000 |gr22:00000000 |gr23:00000000 |
gr24:00000000 |gr25:00000000 |gr26:00000000 |gr27:00000000 |
gr28:00000000 |gr29:00000000 |gr30:00000000 |gr31:00000000 |

PC : 000006bc |MCAUSE: 08000000
gr 0:00000005 |gr 1:000000ea |gr 2:200bfff8 |gr 3:0000400c |
gr 4:00000001 |gr 5:00000000 |gr 6:00000000 |gr 7:00000000 |
gr 8:00000000 |gr 9:00000000 |gr10:00000000 |gr11:00000000 |
gr12:00000000 |gr13:00000000 |gr14:00000000 |gr15:40011000 |
gr16:00000003 |gr17:00000010 |gr18:00000000 |gr19:00000000 |
gr20:00000000 |gr21:00000000 |gr22:00000000 |gr23:00000000 |
gr24:00000000 |gr25:00000000 |gr26:00000000 |gr27:00000000 |
gr28:00000000 |gr29:00000000 |gr30:00000000 |gr31:00000000 |

PC : 000006c0 |MCAUSE: 08000000
gr 0:00000005 |gr 1:000000ea |gr 2:200bfff8 |gr 3:0000400c |
gr 4:00000001 |gr 5:00000000 |gr 6:00000000 |gr 7:00000000 |
gr 8:00000000 |gr 9:00000000 |gr10:00000000 |gr11:00000000 |
gr12:00000000 |gr13:00000000 |gr14:00000000 |gr15:40011000 |
gr16:00000003 |gr17:00000010 |gr18:00000000 |gr19:00000000 |
gr20:00000000 |gr21:00000000 |gr22:00000000 |gr23:00000000 |
gr24:00000000 |gr25:00000000 |gr26:00000000 |gr27:00000000 |
gr28:00000000 |gr29:00000000 |gr30:00000000 |gr31:00000000 |

PC : 000006c8 |MCAUSE: 08000000
gr 0:00000005 |gr 1:000000ea |gr 2:200bfff8 |gr 3:0000400c |
gr 4:aaaab000 |gr 5:00000000 |gr 6:00000000 |gr 7:00000000 |
gr 8:00000000 |gr 9:00000000 |gr10:00000000 |gr11:00000000 |
gr12:00000000 |gr13:00000000 |gr14:00000000 |gr15:40011000 |
gr16:00000003 |gr17:00000010 |gr18:00000000 |gr19:00000000 |
gr20:00000000 |gr21:00000000 |gr22:00000000 |gr23:00000000 |
gr24:00000000 |gr25:00000000 |gr26:00000000 |gr27:00000000 |
gr28:00000000 |gr29:00000000 |gr30:00000000 |gr31:00000000 |

PC : 000006cc |MCAUSE: 08000000
gr 0:00000005 |gr 1:000000ea |gr 2:200bfff8 |gr 3:0000400c |
gr 4:aaaaaaaa |gr 5:00000000 |gr 6:00000000 |gr 7:00000000 |
gr 8:00000000 |gr 9:00000000 |gr10:00000000 |gr11:00000000 |
gr12:00000000 |gr13:00000000 |gr14:00000000 |gr15:40011000 |
gr16:00000003 |gr17:00000010 |gr18:00000000 |gr19:00000000 |
gr20:00000000 |gr21:00000000 |gr22:00000000 |gr23:00000000 |
gr24:00000000 |gr25:00000000 |gr26:00000000 |gr27:00000000 |
gr28:00000000 |gr29:00000000 |gr30:00000000 |gr31:00000000 |

PC : 000006d0 |MCAUSE: 08000000
gr 0:00000005 |gr 1:000000ea |gr 2:200bfff8 |gr 3:0000400c |
gr 4:aaaaaaaa |gr 5:aaaab000 |gr 6:00000000 |gr 7:00000000 |
gr 8:00000000 |gr 9:00000000 |gr10:00000000 |gr11:00000000 |
gr12:00000000 |gr13:00000000 |gr14:00000000 |gr15:40011000 |
gr16:00000003 |gr17:00000010 |gr18:00000000 |gr19:00000000 |
gr20:00000000 |gr21:00000000 |gr22:00000000 |gr23:00000000 |
gr24:00000000 |gr25:00000000 |gr26:00000000 |gr27:00000000 |
gr28:00000000 |gr29:00000000 |gr30:00000000 |gr31:00000000 |

PC : 000006d4 |MCAUSE: 08000000
gr 0:00000005 |gr 1:000000ea |gr 2:200bfff8 |gr 3:0000400c |
gr 4:aaaaaaaa |gr 5:aaaaaaaa |gr 6:00000000 |gr 7:00000000 |
gr 8:00000000 |gr 9:00000000 |gr10:00000000 |gr11:00000000 |
gr12:00000000 |gr13:00000000 |gr14:00000000 |gr15:40011000 |
gr16:00000003 |gr17:00000010 |gr18:00000000 |gr19:00000000 |
gr20:00000000 |gr21:00000000 |gr22:00000000 |gr23:00000000 |
gr24:00000000 |gr25:00000000 |gr26:00000000 |gr27:00000000 |
gr28:00000000 |gr29:00000000 |gr30:00000000 |gr31:00000000 |

PC : 000006d8 |MCAUSE: 08000000
gr 0:00000005 |gr 1:000000ea |gr 2:200bfff8 |gr 3:0000400c |
gr 4:aaaaaaaa |gr 5:aaaaaaaa |gr 6:00000000 |gr 7:00000000 |
gr 8:00000000 |gr 9:00000000 |gr10:00000000 |gr11:00000000 |
gr12:00000000 |gr13:00000000 |gr14:00000000 |gr15:40011000 |
gr16:00000003 |gr17:00000010 |gr18:00000000 |gr19:00000000 |
gr20:00000000 |gr21:00000000 |gr22:00000000 |gr23:00000000 |
gr24:00000000 |gr25:00000000 |gr26:00000000 |gr27:00000000 |
gr28:00000000 |gr29:00000000 |gr30:00000000 |gr31:00000000 |

PC : 000006dc |MCAUSE: 08000000
gr 0:00000005 |gr 1:000000ea |gr 2:200bfff8 |gr 3:0000400c |
gr 4:aaaaaaaa |gr 5:aaaaaaaa |gr 6:00000000 |gr 7:00000000 |
gr 8:00000000 |gr 9:00000000 |gr10:00000000 |gr11:00000000 |
gr12:00000000 |gr13:00000000 |gr14:00000000 |gr15:40011000 |
gr16:00000003 |gr17:00000010 |gr18:00000000 |gr19:00000000 |
gr20:00000000 |gr21:00000000 |gr22:00000000 |gr23:00000000 |
gr24:00000000 |gr25:00000000 |gr26:00000000 |gr27:00000000 |
gr28:00000000 |gr29:00000000 |gr30:00000000 |gr31:00000000 |

PC : 000006e4 |MCAUSE: 08000000
gr 0:00000005 |gr 1:000000ea |gr 2:200bfff8 |gr 3:0000400c |
gr 4:000002aa |gr 5:aaaaaaaa |gr 6:00000000 |gr 7:00000000 |
gr 8:00000000 |gr 9:00000000 |gr10:00000000 |gr11:00000000 |
gr12:00000000 |gr13:00000000 |gr14:00000000 |gr15:40011000 |
gr16:00000003 |gr17:00000010 |gr18:00000000 |gr19:00000000 |
gr20:00000000 |gr21:00000000 |gr22:00000000 |gr23:00000000 |
gr24:00000000 |gr25:00000000 |gr26:00000000 |gr27:00000000 |
gr28:00000000 |gr29:00000000 |gr30:00000000 |gr31:00000000 |

PC : 000006e8 |MCAUSE: 08000000
gr 0:00000005 |gr 1:000000ea |gr 2:200bfff8 |gr 3:0000400c |
gr 4:000002aa |gr 5:aaaab000 |gr 6:00000000 |gr 7:00000000 |
gr 8:00000000 |gr 9:00000000 |gr10:00000000 |gr11:00000000 |
gr12:00000000 |gr13:00000000 |gr14:00000000 |gr15:40011000 |
gr16:00000003 |gr17:00000010 |gr18:00000000 |gr19:00000000 |
gr20:00000000 |gr21:00000000 |gr22:00000000 |gr23:00000000 |
gr24:00000000 |gr25:00000000 |gr26:00000000 |gr27:00000000 |
gr28:00000000 |gr29:00000000 |gr30:00000000 |gr31:00000000 |

PC : 000006ec |MCAUSE: 08000000
gr 0:00000005 |gr 1:000000ea |gr 2:200bfff8 |gr 3:0000400c |
gr 4:000002aa |gr 5:aaaaaaaa |gr 6:00000000 |gr 7:00000000 |
gr 8:00000000 |gr 9:00000000 |gr10:00000000 |gr11:00000000 |
gr12:00000000 |gr13:00000000 |gr14:00000000 |gr15:40011000 |
gr16:00000003 |gr17:00000010 |gr18:00000000 |gr19:00000000 |
gr20:00000000 |gr21:00000000 |gr22:00000000 |gr23:00000000 |
gr24:00000000 |gr25:00000000 |gr26:00000000 |gr27:00000000 |
gr28:00000000 |gr29:00000000 |gr30:00000000 |gr31:00000000 |

PC : 000006f0 |MCAUSE: 08000000
gr 0:00000005 |gr 1:000000ea |gr 2:200bfff8 |gr 3:0000400c |
gr 4:000002aa |gr 5:000002aa |gr 6:00000000 |gr 7:00000000 |
gr 8:00000000 |gr 9:00000000 |gr10:00000000 |gr11:00000000 |
gr12:00000000 |gr13:00000000 |gr14:00000000 |gr15:40011000 |
gr16:00000003 |gr17:00000010 |gr18:00000000 |gr19:00000000 |
gr20:00000000 |gr21:00000000 |gr22:00000000 |gr23:00000000 |
gr24:00000000 |gr25:00000000 |gr26:00000000 |gr27:00000000 |
gr28:00000000 |gr29:00000000 |gr30:00000000 |gr31:00000000 |

PC : 000006f4 |MCAUSE: 08000000
gr 0:00000005 |gr 1:000000ea |gr 2:200bfff8 |gr 3:0000400c |
gr 4:000002aa |gr 5:000002aa |gr 6:00000000 |gr 7:00000000 |
gr 8:00000000 |gr 9:00000000 |gr10:00000000 |gr11:00000000 |
gr12:00000000 |gr13:00000000 |gr14:00000000 |gr15:40011000 |
gr16:00000003 |gr17:00000010 |gr18:00000000 |gr19:00000000 |
gr20:00000000 |gr21:00000000 |gr22:00000000 |gr23:00000000 |
gr24:00000000 |gr25:00000000 |gr26:00000000 |gr27:00000000 |
gr28:00000000 |gr29:00000000 |gr30:00000000 |gr31:00000000 |

PC : 000006fc |MCAUSE: 08000000
gr 0:00000005 |gr 1:000000ea |gr 2:200bfff8 |gr 3:0000400c |
gr 4:00000000 |gr 5:000002aa |gr 6:00000000 |gr 7:00000000 |
gr 8:00000000 |gr 9:00000000 |gr10:00000000 |gr11:00000000 |
gr12:00000000 |gr13:00000000 |gr14:00000000 |gr15:40011000 |
gr16:00000003 |gr17:00000010 |gr18:00000000 |gr19:00000000 |
gr20:00000000 |gr21:00000000 |gr22:00000000 |gr23:00000000 |
gr24:00000000 |gr25:00000000 |gr26:00000000 |gr27:00000000 |
gr28:00000000 |gr29:00000000 |gr30:00000000 |gr31:00000000 |

PC : 00000700 |MCAUSE: 08000000
gr 0:00000005 |gr 1:000000ea |gr 2:200bfff8 |gr 3:0000400c |
gr 4:00000000 |gr 5:aaaab000 |gr 6:00000000 |gr 7:00000000 |
gr 8:00000000 |gr 9:00000000 |gr10:00000000 |gr11:00000000 |
gr12:00000000 |gr13:00000000 |gr14:00000000 |gr15:40011000 |
gr16:00000003 |gr17:00000010 |gr18:00000000 |gr19:00000000 |
gr20:00000000 |gr21:00000000 |gr22:00000000 |gr23:00000000 |
gr24:00000000 |gr25:00000000 |gr26:00000000 |gr27:00000000 |
gr28:00000000 |gr29:00000000 |gr30:00000000 |gr31:00000000 |

PC : 00000704 |MCAUSE: 08000000
gr 0:00000005 |gr 1:000000ea |gr 2:200bfff8 |gr 3:0000400c |
gr 4:00000000 |gr 5:aaaaaaaa |gr 6:00000000 |gr 7:00000000 |
gr 8:00000000 |gr 9:00000000 |gr10:00000000 |gr11:00000000 |
gr12:00000000 |gr13:00000000 |gr14:00000000 |gr15:40011000 |
gr16:00000003 |gr17:00000010 |gr18:00000000 |gr19:00000000 |
gr20:00000000 |gr21:00000000 |gr22:00000000 |gr23:00000000 |
gr24:00000000 |gr25:00000000 |gr26:00000000 |gr27:00000000 |
gr28:00000000 |gr29:00000000 |gr30:00000000 |gr31:00000000 |

PC : 00000708 |MCAUSE: 08000000
gr 0:00000005 |gr 1:000000ea |gr 2:200bfff8 |gr 3:0000400c |
gr 4:00000000 |gr 5:00000000 |gr 6:00000000 |gr 7:00000000 |
gr 8:00000000 |gr 9:00000000 |gr10:00000000 |gr11:00000000 |
gr12:00000000 |gr13:00000000 |gr14:00000000 |gr15:40011000 |
gr16:00000003 |gr17:00000010 |gr18:00000000 |gr19:00000000 |
gr20:00000000 |gr21:00000000 |gr22:00000000 |gr23:00000000 |
gr24:00000000 |gr25:00000000 |gr26:00000000 |gr27:00000000 |
gr28:00000000 |gr29:00000000 |gr30:00000000 |gr31:00000000 |

PC : 0000070c |MCAUSE: 08000000
gr 0:00000005 |gr 1:000000ea |gr 2:200bfff8 |gr 3:0000400c |
gr 4:00000000 |gr 5:00000000 |gr 6:00000000 |gr 7:00000000 |
gr 8:00000000 |gr 9:00000000 |gr10:00000000 |gr11:00000000 |
gr12:00000000 |gr13:00000000 |gr14:00000000 |gr15:40011000 |
gr16:00000003 |gr17:00000010 |gr18:00000000 |gr19:00000000 |
gr20:00000000 |gr21:00000000 |gr22:00000000 |gr23:00000000 |
gr24:00000000 |gr25:00000000 |gr26:00000000 |gr27:00000000 |
gr28:00000000 |gr29:00000000 |gr30:00000000 |gr31:00000000 |

PC : 00000714 |MCAUSE: 08000000
gr 0:00000005 |gr 1:000000ea |gr 2:200bfff8 |gr 3:0000400c |
gr 4:ffffffff |gr 5:00000000 |gr 6:00000000 |gr 7:00000000 |
gr 8:00000000 |gr 9:00000000 |gr10:00000000 |gr11:00000000 |
gr12:00000000 |gr13:00000000 |gr14:00000000 |gr15:40011000 |
gr16:00000003 |gr17:00000010 |gr18:00000000 |gr19:00000000 |
gr20:00000000 |gr21:00000000 |gr22:00000000 |gr23:00000000 |
gr24:00000000 |gr25:00000000 |gr26:00000000 |gr27:00000000 |
gr28:00000000 |gr29:00000000 |gr30:00000000 |gr31:00000000 |

PC : 00000718 |MCAUSE: 08000000
gr 0:00000005 |gr 1:000000ea |gr 2:200bfff8 |gr 3:0000400c |
gr 4:ffffffff |gr 5:aaaab000 |gr 6:00000000 |gr 7:00000000 |
gr 8:00000000 |gr 9:00000000 |gr10:00000000 |gr11:00000000 |
gr12:00000000 |gr13:00000000 |gr14:00000000 |gr15:40011000 |
gr16:00000003 |gr17:00000010 |gr18:00000000 |gr19:00000000 |
gr20:00000000 |gr21:00000000 |gr22:00000000 |gr23:00000000 |
gr24:00000000 |gr25:00000000 |gr26:00000000 |gr27:00000000 |
gr28:00000000 |gr29:00000000 |gr30:00000000 |gr31:00000000 |

PC : 0000071c |MCAUSE: 08000000
gr 0:00000005 |gr 1:000000ea |gr 2:200bfff8 |gr 3:0000400c |
gr 4:ffffffff |gr 5:aaaaaaaa |gr 6:00000000 |gr 7:00000000 |
gr 8:00000000 |gr 9:00000000 |gr10:00000000 |gr11:00000000 |
gr12:00000000 |gr13:00000000 |gr14:00000000 |gr15:40011000 |
gr16:00000003 |gr17:00000010 |gr18:00000000 |gr19:00000000 |
gr20:00000000 |gr21:00000000 |gr22:00000000 |gr23:00000000 |
gr24:00000000 |gr25:00000000 |gr26:00000000 |gr27:00000000 |
gr28:00000000 |gr29:00000000 |gr30:00000000 |gr31:00000000 |

PC : 00000720 |MCAUSE: 08000000
gr 0:00000005 |gr 1:000000ea |gr 2:200bfff8 |gr 3:0000400c |
gr 4:ffffffff |gr 5:ffffffff |gr 6:00000000 |gr 7:00000000 |
gr 8:00000000 |gr 9:00000000 |gr10:00000000 |gr11:00000000 |
gr12:00000000 |gr13:00000000 |gr14:00000000 |gr15:40011000 |
gr16:00000003 |gr17:00000010 |gr18:00000000 |gr19:00000000 |
gr20:00000000 |gr21:00000000 |gr22:00000000 |gr23:00000000 |
gr24:00000000 |gr25:00000000 |gr26:00000000 |gr27:00000000 |
gr28:00000000 |gr29:00000000 |gr30:00000000 |gr31:00000000 |

PC : 00000724 |MCAUSE: 08000000
gr 0:00000005 |gr 1:000000ea |gr 2:200bfff8 |gr 3:0000400c |
gr 4:ffffffff |gr 5:ffffffff |gr 6:00000000 |gr 7:00000000 |
gr 8:00000000 |gr 9:00000000 |gr10:00000000 |gr11:00000000 |
gr12:00000000 |gr13:00000000 |gr14:00000000 |gr15:40011000 |
gr16:00000003 |gr17:00000010 |gr18:00000000 |gr19:00000000 |
gr20:00000000 |gr21:00000000 |gr22:00000000 |gr23:00000000 |
gr24:00000000 |gr25:00000000 |gr26:00000000 |gr27:00000000 |
gr28:00000000 |gr29:00000000 |gr30:00000000 |gr31:00000000 |

PC : 0000072c |MCAUSE: 08000000
gr 0:00000005 |gr 1:000000ea |gr 2:200bfff8 |gr 3:0000400c |
gr 4:aaaab000 |gr 5:ffffffff |gr 6:00000000 |gr 7:00000000 |
gr 8:00000000 |gr 9:00000000 |gr10:00000000 |gr11:00000000 |
gr12:00000000 |gr13:00000000 |gr14:00000000 |gr15:40011000 |
gr16:00000003 |gr17:00000010 |gr18:00000000 |gr19:00000000 |
gr20:00000000 |gr21:00000000 |gr22:00000000 |gr23:00000000 |
gr24:00000000 |gr25:00000000 |gr26:00000000 |gr27:00000000 |
gr28:00000000 |gr29:00000000 |gr30:00000000 |gr31:00000000 |

PC : 00000730 |MCAUSE: 08000000
gr 0:00000005 |gr 1:000000ea |gr 2:200bfff8 |gr 3:0000400c |
gr 4:aaaaafff |gr 5:ffffffff |gr 6:00000000 |gr 7:00000000 |
gr 8:00000000 |gr 9:00000000 |gr10:00000000 |gr11:00000000 |
gr12:00000000 |gr13:00000000 |gr14:00000000 |gr15:40011000 |
gr16:00000003 |gr17:00000010 |gr18:00000000 |gr19:00000000 |
gr20:00000000 |gr21:00000000 |gr22:00000000 |gr23:00000000 |
gr24:00000000 |gr25:00000000 |gr26:00000000 |gr27:00000000 |
gr28:00000000 |gr29:00000000 |gr30:00000000 |gr31:00000000 |

PC : 00000734 |MCAUSE: 08000000
gr 0:00000005 |gr 1:000000ea |gr 2:200bfff8 |gr 3:0000400c |
gr 4:aaaaafff |gr 5:aaaab000 |gr 6:00000000 |gr 7:00000000 |
gr 8:00000000 |gr 9:00000000 |gr10:00000000 |gr11:00000000 |
gr12:00000000 |gr13:00000000 |gr14:00000000 |gr15:40011000 |
gr16:00000003 |gr17:00000010 |gr18:00000000 |gr19:00000000 |
gr20:00000000 |gr21:00000000 |gr22:00000000 |gr23:00000000 |
gr24:00000000 |gr25:00000000 |gr26:00000000 |gr27:00000000 |
gr28:00000000 |gr29:00000000 |gr30:00000000 |gr31:00000000 |

PC : 00000738 |MCAUSE: 08000000
gr 0:00000005 |gr 1:000000ea |gr 2:200bfff8 |gr 3:0000400c |
gr 4:aaaaafff |gr 5:aaaaaaaa |gr 6:00000000 |gr 7:00000000 |
gr 8:00000000 |gr 9:00000000 |gr10:00000000 |gr11:00000000 |
gr12:00000000 |gr13:00000000 |gr14:00000000 |gr15:40011000 |
gr16:00000003 |gr17:00000010 |gr18:00000000 |gr19:00000000 |
gr20:00000000 |gr21:00000000 |gr22:00000000 |gr23:00000000 |
gr24:00000000 |gr25:00000000 |gr26:00000000 |gr27:00000000 |
gr28:00000000 |gr29:00000000 |gr30:00000000 |gr31:00000000 |

PC : 0000073c |MCAUSE: 08000000
gr 0:00000005 |gr 1:000000ea |gr 2:200bfff8 |gr 3:0000400c |
gr 4:aaaaafff |gr 5:aaaaafff |gr 6:00000000 |gr 7:00000000 |
gr 8:00000000 |gr 9:00000000 |gr10:00000000 |gr11:00000000 |
gr12:00000000 |gr13:00000000 |gr14:00000000 |gr15:40011000 |
gr16:00000003 |gr17:00000010 |gr18:00000000 |gr19:00000000 |
gr20:00000000 |gr21:00000000 |gr22:00000000 |gr23:00000000 |
gr24:00000000 |gr25:00000000 |gr26:00000000 |gr27:00000000 |
gr28:00000000 |gr29:00000000 |gr30:00000000 |gr31:00000000 |

PC : 00000740 |MCAUSE: 08000000
gr 0:00000005 |gr 1:000000ea |gr 2:200bfff8 |gr 3:0000400c |
gr 4:aaaaafff |gr 5:aaaaafff |gr 6:00000000 |gr 7:00000000 |
gr 8:00000000 |gr 9:00000000 |gr10:00000000 |gr11:00000000 |
gr12:00000000 |gr13:00000000 |gr14:00000000 |gr15:40011000 |
gr16:00000003 |gr17:00000010 |gr18:00000000 |gr19:00000000 |
gr20:00000000 |gr21:00000000 |gr22:00000000 |gr23:00000000 |
gr24:00000000 |gr25:00000000 |gr26:00000000 |gr27:00000000 |
gr28:00000000 |gr29:00000000 |gr30:00000000 |gr31:00000000 |

PC : 00000748 |MCAUSE: 08000000
gr 0:00000005 |gr 1:000000ea |gr 2:200bfff8 |gr 3:0000400c |
gr 4:aaaab000 |gr 5:aaaaafff |gr 6:00000000 |gr 7:00000000 |
gr 8:00000000 |gr 9:00000000 |gr10:00000000 |gr11:00000000 |
gr12:00000000 |gr13:00000000 |gr14:00000000 |gr15:40011000 |
gr16:00000003 |gr17:00000010 |gr18:00000000 |gr19:00000000 |
gr20:00000000 |gr21:00000000 |gr22:00000000 |gr23:00000000 |
gr24:00000000 |gr25:00000000 |gr26:00000000 |gr27:00000000 |
gr28:00000000 |gr29:00000000 |gr30:00000000 |gr31:00000000 |

PC : 0000074c |MCAUSE: 08000000
gr 0:00000005 |gr 1:000000ea |gr 2:200bfff8 |gr 3:0000400c |
gr 4:aaaaaaaa |gr 5:aaaaafff |gr 6:00000000 |gr 7:00000000 |
gr 8:00000000 |gr 9:00000000 |gr10:00000000 |gr11:00000000 |
gr12:00000000 |gr13:00000000 |gr14:00000000 |gr15:40011000 |
gr16:00000003 |gr17:00000010 |gr18:00000000 |gr19:00000000 |
gr20:00000000 |gr21:00000000 |gr22:00000000 |gr23:00000000 |
gr24:00000000 |gr25:00000000 |gr26:00000000 |gr27:00000000 |
gr28:00000000 |gr29:00000000 |gr30:00000000 |gr31:00000000 |

PC : 00000750 |MCAUSE: 08000000
gr 0:00000005 |gr 1:000000ea |gr 2:200bfff8 |gr 3:0000400c |
gr 4:aaaaaaaa |gr 5:aaaab000 |gr 6:00000000 |gr 7:00000000 |
gr 8:00000000 |gr 9:00000000 |gr10:00000000 |gr11:00000000 |
gr12:00000000 |gr13:00000000 |gr14:00000000 |gr15:40011000 |
gr16:00000003 |gr17:00000010 |gr18:00000000 |gr19:00000000 |
gr20:00000000 |gr21:00000000 |gr22:00000000 |gr23:00000000 |
gr24:00000000 |gr25:00000000 |gr26:00000000 |gr27:00000000 |
gr28:00000000 |gr29:00000000 |gr30:00000000 |gr31:00000000 |

PC : 00000754 |MCAUSE: 08000000
gr 0:00000005 |gr 1:000000ea |gr 2:200bfff8 |gr 3:0000400c |
gr 4:aaaaaaaa |gr 5:aaaaaaaa |gr 6:00000000 |gr 7:00000000 |
gr 8:00000000 |gr 9:00000000 |gr10:00000000 |gr11:00000000 |
gr12:00000000 |gr13:00000000 |gr14:00000000 |gr15:40011000 |
gr16:00000003 |gr17:00000010 |gr18:00000000 |gr19:00000000 |
gr20:00000000 |gr21:00000000 |gr22:00000000 |gr23:00000000 |
gr24:00000000 |gr25:00000000 |gr26:00000000 |gr27:00000000 |
gr28:00000000 |gr29:00000000 |gr30:00000000 |gr31:00000000 |

PC : 00000758 |MCAUSE: 08000000
gr 0:00000005 |gr 1:000000ea |gr 2:200bfff8 |gr 3:0000400c |
gr 4:aaaaaaaa |gr 5:aaaaaaaa |gr 6:00000000 |gr 7:00000000 |
gr 8:00000000 |gr 9:00000000 |gr10:00000000 |gr11:00000000 |
gr12:00000000 |gr13:00000000 |gr14:00000000 |gr15:40011000 |
gr16:00000003 |gr17:00000010 |gr18:00000000 |gr19:00000000 |
gr20:00000000 |gr21:00000000 |gr22:00000000 |gr23:00000000 |
gr24:00000000 |gr25:00000000 |gr26:00000000 |gr27:00000000 |
gr28:00000000 |gr29:00000000 |gr30:00000000 |gr31:00000000 |

PC : 0000075c |MCAUSE: 08000000
gr 0:00000005 |gr 1:000000ea |gr 2:200bfff8 |gr 3:0000400c |
gr 4:aaaaaaaa |gr 5:aaaaaaaa |gr 6:00000000 |gr 7:00000000 |
gr 8:00000000 |gr 9:00000000 |gr10:00000000 |gr11:00000000 |
gr12:00000000 |gr13:00000000 |gr14:00000000 |gr15:40011000 |
gr16:00000003 |gr17:00000010 |gr18:00000000 |gr19:00000000 |
gr20:00000000 |gr21:00000000 |gr22:00000000 |gr23:00000000 |
gr24:00000000 |gr25:00000000 |gr26:00000000 |gr27:00000000 |
gr28:00000000 |gr29:00000000 |gr30:00000000 |gr31:00000000 |

PC : 00000764 |MCAUSE: 08000000
gr 0:00000005 |gr 1:000000ea |gr 2:200bfff8 |gr 3:0000400c |
gr 4:abcdb000 |gr 5:aaaaaaaa |gr 6:00000000 |gr 7:00000000 |
gr 8:00000000 |gr 9:00000000 |gr10:00000000 |gr11:00000000 |
gr12:00000000 |gr13:00000000 |gr14:00000000 |gr15:40011000 |
gr16:00000003 |gr17:00000010 |gr18:00000000 |gr19:00000000 |
gr20:00000000 |gr21:00000000 |gr22:00000000 |gr23:00000000 |
gr24:00000000 |gr25:00000000 |gr26:00000000 |gr27:00000000 |
gr28:00000000 |gr29:00000000 |gr30:00000000 |gr31:00000000 |

PC : 00000768 |MCAUSE: 08000000
gr 0:00000005 |gr 1:000000ea |gr 2:200bfff8 |gr 3:0000400c |
gr 4:abcdabcd |gr 5:aaaaaaaa |gr 6:00000000 |gr 7:00000000 |
gr 8:00000000 |gr 9:00000000 |gr10:00000000 |gr11:00000000 |
gr12:00000000 |gr13:00000000 |gr14:00000000 |gr15:40011000 |
gr16:00000003 |gr17:00000010 |gr18:00000000 |gr19:00000000 |
gr20:00000000 |gr21:00000000 |gr22:00000000 |gr23:00000000 |
gr24:00000000 |gr25:00000000 |gr26:00000000 |gr27:00000000 |
gr28:00000000 |gr29:00000000 |gr30:00000000 |gr31:00000000 |

PC : 0000076c |MCAUSE: 08000000
gr 0:00000005 |gr 1:000000ea |gr 2:200bfff8 |gr 3:0000400c |
gr 4:abcdabcd |gr 5:54325432 |gr 6:00000000 |gr 7:00000000 |
gr 8:00000000 |gr 9:00000000 |gr10:00000000 |gr11:00000000 |
gr12:00000000 |gr13:00000000 |gr14:00000000 |gr15:40011000 |
gr16:00000003 |gr17:00000010 |gr18:00000000 |gr19:00000000 |
gr20:00000000 |gr21:00000000 |gr22:00000000 |gr23:00000000 |
gr24:00000000 |gr25:00000000 |gr26:00000000 |gr27:00000000 |
gr28:00000000 |gr29:00000000 |gr30:00000000 |gr31:00000000 |

PC : 00000770 |MCAUSE: 08000000
gr 0:00000005 |gr 1:000000ea |gr 2:200bfff8 |gr 3:0000400c |
gr 4:abcdabcd |gr 5:54325432 |gr 6:54325432 |gr 7:00000000 |
gr 8:00000000 |gr 9:00000000 |gr10:00000000 |gr11:00000000 |
gr12:00000000 |gr13:00000000 |gr14:00000000 |gr15:40011000 |
gr16:00000003 |gr17:00000010 |gr18:00000000 |gr19:00000000 |
gr20:00000000 |gr21:00000000 |gr22:00000000 |gr23:00000000 |
gr24:00000000 |gr25:00000000 |gr26:00000000 |gr27:00000000 |
gr28:00000000 |gr29:00000000 |gr30:00000000 |gr31:00000000 |

PC : 00000774 |MCAUSE: 08000000
gr 0:00000005 |gr 1:000000ea |gr 2:200bfff8 |gr 3:0000400c |
gr 4:abcdabcd |gr 5:54325432 |gr 6:54325432 |gr 7:00000000 |
gr 8:00000000 |gr 9:00000000 |gr10:00000000 |gr11:00000000 |
gr12:00000000 |gr13:00000000 |gr14:00000000 |gr15:40011000 |
gr16:00000003 |gr17:00000010 |gr18:00000000 |gr19:00000000 |
gr20:00000000 |gr21:00000000 |gr22:00000000 |gr23:00000000 |
gr24:00000000 |gr25:00000000 |gr26:00000000 |gr27:00000000 |
gr28:00000000 |gr29:00000000 |gr30:00000000 |gr31:00000000 |

PC : 0000077c |MCAUSE: 08000000
gr 0:00000005 |gr 1:000000ea |gr 2:200bfff8 |gr 3:0000400c |
gr 4:abce0000 |gr 5:54325432 |gr 6:54325432 |gr 7:00000000 |
gr 8:00000000 |gr 9:00000000 |gr10:00000000 |gr11:00000000 |
gr12:00000000 |gr13:00000000 |gr14:00000000 |gr15:40011000 |
gr16:00000003 |gr17:00000010 |gr18:00000000 |gr19:00000000 |
gr20:00000000 |gr21:00000000 |gr22:00000000 |gr23:00000000 |
gr24:00000000 |gr25:00000000 |gr26:00000000 |gr27:00000000 |
gr28:00000000 |gr29:00000000 |gr30:00000000 |gr31:00000000 |

PC : 00000780 |MCAUSE: 08000000
gr 0:00000005 |gr 1:000000ea |gr 2:200bfff8 |gr 3:0000400c |
gr 4:abcdffff |gr 5:54325432 |gr 6:54325432 |gr 7:00000000 |
gr 8:00000000 |gr 9:00000000 |gr10:00000000 |gr11:00000000 |
gr12:00000000 |gr13:00000000 |gr14:00000000 |gr15:40011000 |
gr16:00000003 |gr17:00000010 |gr18:00000000 |gr19:00000000 |
gr20:00000000 |gr21:00000000 |gr22:00000000 |gr23:00000000 |
gr24:00000000 |gr25:00000000 |gr26:00000000 |gr27:00000000 |
gr28:00000000 |gr29:00000000 |gr30:00000000 |gr31:00000000 |

PC : 00000784 |MCAUSE: 08000000
gr 0:00000005 |gr 1:000000ea |gr 2:200bfff8 |gr 3:0000400c |
gr 4:abcdffff |gr 5:54325432 |gr 6:abce0000 |gr 7:00000000 |
gr 8:00000000 |gr 9:00000000 |gr10:00000000 |gr11:00000000 |
gr12:00000000 |gr13:00000000 |gr14:00000000 |gr15:40011000 |
gr16:00000003 |gr17:00000010 |gr18:00000000 |gr19:00000000 |
gr20:00000000 |gr21:00000000 |gr22:00000000 |gr23:00000000 |
gr24:00000000 |gr25:00000000 |gr26:00000000 |gr27:00000000 |
gr28:00000000 |gr29:00000000 |gr30:00000000 |gr31:00000000 |

PC : 00000788 |MCAUSE: 08000000
gr 0:00000005 |gr 1:000000ea |gr 2:200bfff8 |gr 3:0000400c |
gr 4:abcdffff |gr 5:54325432 |gr 6:abcdfff0 |gr 7:00000000 |
gr 8:00000000 |gr 9:00000000 |gr10:00000000 |gr11:00000000 |
gr12:00000000 |gr13:00000000 |gr14:00000000 |gr15:40011000 |
gr16:00000003 |gr17:00000010 |gr18:00000000 |gr19:00000000 |
gr20:00000000 |gr21:00000000 |gr22:00000000 |gr23:00000000 |
gr24:00000000 |gr25:00000000 |gr26:00000000 |gr27:00000000 |
gr28:00000000 |gr29:00000000 |gr30:00000000 |gr31:00000000 |

PC : 0000078c |MCAUSE: 08000000
gr 0:00000005 |gr 1:000000ea |gr 2:200bfff8 |gr 3:0000400c |
gr 4:abcdffff |gr 5:abcdfff0 |gr 6:abcdfff0 |gr 7:00000000 |
gr 8:00000000 |gr 9:00000000 |gr10:00000000 |gr11:00000000 |
gr12:00000000 |gr13:00000000 |gr14:00000000 |gr15:40011000 |
gr16:00000003 |gr17:00000010 |gr18:00000000 |gr19:00000000 |
gr20:00000000 |gr21:00000000 |gr22:00000000 |gr23:00000000 |
gr24:00000000 |gr25:00000000 |gr26:00000000 |gr27:00000000 |
gr28:00000000 |gr29:00000000 |gr30:00000000 |gr31:00000000 |

PC : 00000790 |MCAUSE: 08000000
gr 0:00000005 |gr 1:000000ea |gr 2:200bfff8 |gr 3:0000400c |
gr 4:abcdffff |gr 5:abcdfff0 |gr 6:abcdfff0 |gr 7:00000000 |
gr 8:00000000 |gr 9:00000000 |gr10:00000000 |gr11:00000000 |
gr12:00000000 |gr13:00000000 |gr14:00000000 |gr15:40011000 |
gr16:00000003 |gr17:00000010 |gr18:00000000 |gr19:00000000 |
gr20:00000000 |gr21:00000000 |gr22:00000000 |gr23:00000000 |
gr24:00000000 |gr25:00000000 |gr26:00000000 |gr27:00000000 |
gr28:00000000 |gr29:00000000 |gr30:00000000 |gr31:00000000 |

PC : 00000798 |MCAUSE: 08000000
gr 0:00000005 |gr 1:000000ea |gr 2:200bfff8 |gr 3:0000400c |
gr 4:abcdb000 |gr 5:abcdfff0 |gr 6:abcdfff0 |gr 7:00000000 |
gr 8:00000000 |gr 9:00000000 |gr10:00000000 |gr11:00000000 |
gr12:00000000 |gr13:00000000 |gr14:00000000 |gr15:40011000 |
gr16:00000003 |gr17:00000010 |gr18:00000000 |gr19:00000000 |
gr20:00000000 |gr21:00000000 |gr22:00000000 |gr23:00000000 |
gr24:00000000 |gr25:00000000 |gr26:00000000 |gr27:00000000 |
gr28:00000000 |gr29:00000000 |gr30:00000000 |gr31:00000000 |

PC : 0000079c |MCAUSE: 08000000
gr 0:00000005 |gr 1:000000ea |gr 2:200bfff8 |gr 3:0000400c |
gr 4:abcdabcd |gr 5:abcdfff0 |gr 6:abcdfff0 |gr 7:00000000 |
gr 8:00000000 |gr 9:00000000 |gr10:00000000 |gr11:00000000 |
gr12:00000000 |gr13:00000000 |gr14:00000000 |gr15:40011000 |
gr16:00000003 |gr17:00000010 |gr18:00000000 |gr19:00000000 |
gr20:00000000 |gr21:00000000 |gr22:00000000 |gr23:00000000 |
gr24:00000000 |gr25:00000000 |gr26:00000000 |gr27:00000000 |
gr28:00000000 |gr29:00000000 |gr30:00000000 |gr31:00000000 |

PC : 000007a0 |MCAUSE: 08000000
gr 0:00000005 |gr 1:000000ea |gr 2:200bfff8 |gr 3:0000400c |
gr 4:abcdabcd |gr 5:abcdfff0 |gr 6:abcdb000 |gr 7:00000000 |
gr 8:00000000 |gr 9:00000000 |gr10:00000000 |gr11:00000000 |
gr12:00000000 |gr13:00000000 |gr14:00000000 |gr15:40011000 |
gr16:00000003 |gr17:00000010 |gr18:00000000 |gr19:00000000 |
gr20:00000000 |gr21:00000000 |gr22:00000000 |gr23:00000000 |
gr24:00000000 |gr25:00000000 |gr26:00000000 |gr27:00000000 |
gr28:00000000 |gr29:00000000 |gr30:00000000 |gr31:00000000 |

PC : 000007a4 |MCAUSE: 08000000
gr 0:00000005 |gr 1:000000ea |gr 2:200bfff8 |gr 3:0000400c |
gr 4:abcdabcd |gr 5:abcdfff0 |gr 6:abcdabcd |gr 7:00000000 |
gr 8:00000000 |gr 9:00000000 |gr10:00000000 |gr11:00000000 |
gr12:00000000 |gr13:00000000 |gr14:00000000 |gr15:40011000 |
gr16:00000003 |gr17:00000010 |gr18:00000000 |gr19:00000000 |
gr20:00000000 |gr21:00000000 |gr22:00000000 |gr23:00000000 |
gr24:00000000 |gr25:00000000 |gr26:00000000 |gr27:00000000 |
gr28:00000000 |gr29:00000000 |gr30:00000000 |gr31:00000000 |

PC : 000007a8 |MCAUSE: 08000000
gr 0:00000005 |gr 1:000000ea |gr 2:200bfff8 |gr 3:0000400c |
gr 4:abcdabcd |gr 5:abcdabcd |gr 6:abcdabcd |gr 7:00000000 |
gr 8:00000000 |gr 9:00000000 |gr10:00000000 |gr11:00000000 |
gr12:00000000 |gr13:00000000 |gr14:00000000 |gr15:40011000 |
gr16:00000003 |gr17:00000010 |gr18:00000000 |gr19:00000000 |
gr20:00000000 |gr21:00000000 |gr22:00000000 |gr23:00000000 |
gr24:00000000 |gr25:00000000 |gr26:00000000 |gr27:00000000 |
gr28:00000000 |gr29:00000000 |gr30:00000000 |gr31:00000000 |

PC : 000007ac |MCAUSE: 08000000
gr 0:00000005 |gr 1:000000ea |gr 2:200bfff8 |gr 3:0000400c |
gr 4:abcdabcd |gr 5:abcdabcd |gr 6:abcdabcd |gr 7:00000000 |
gr 8:00000000 |gr 9:00000000 |gr10:00000000 |gr11:00000000 |
gr12:00000000 |gr13:00000000 |gr14:00000000 |gr15:40011000 |
gr16:00000003 |gr17:00000010 |gr18:00000000 |gr19:00000000 |
gr20:00000000 |gr21:00000000 |gr22:00000000 |gr23:00000000 |
gr24:00000000 |gr25:00000000 |gr26:00000000 |gr27:00000000 |
gr28:00000000 |gr29:00000000 |gr30:00000000 |gr31:00000000 |

PC : 000007b4 |MCAUSE: 08000000
gr 0:00000005 |gr 1:000000ea |gr 2:200bfff8 |gr 3:0000400c |
gr 4:abcd1000 |gr 5:abcdabcd |gr 6:abcdabcd |gr 7:00000000 |
gr 8:00000000 |gr 9:00000000 |gr10:00000000 |gr11:00000000 |
gr12:00000000 |gr13:00000000 |gr14:00000000 |gr15:40011000 |
gr16:00000003 |gr17:00000010 |gr18:00000000 |gr19:00000000 |
gr20:00000000 |gr21:00000000 |gr22:00000000 |gr23:00000000 |
gr24:00000000 |gr25:00000000 |gr26:00000000 |gr27:00000000 |
gr28:00000000 |gr29:00000000 |gr30:00000000 |gr31:00000000 |

PC : 000007b8 |MCAUSE: 08000000
gr 0:00000005 |gr 1:000000ea |gr 2:200bfff8 |gr 3:0000400c |
gr 4:abcd1234 |gr 5:abcdabcd |gr 6:abcdabcd |gr 7:00000000 |
gr 8:00000000 |gr 9:00000000 |gr10:00000000 |gr11:00000000 |
gr12:00000000 |gr13:00000000 |gr14:00000000 |gr15:40011000 |
gr16:00000003 |gr17:00000010 |gr18:00000000 |gr19:00000000 |
gr20:00000000 |gr21:00000000 |gr22:00000000 |gr23:00000000 |
gr24:00000000 |gr25:00000000 |gr26:00000000 |gr27:00000000 |
gr28:00000000 |gr29:00000000 |gr30:00000000 |gr31:00000000 |

PC : 000007bc |MCAUSE: 08000000
gr 0:00000005 |gr 1:000000ea |gr 2:abcd1234 |gr 3:0000400c |
gr 4:abcd1234 |gr 5:abcdabcd |gr 6:abcdabcd |gr 7:00000000 |
gr 8:00000000 |gr 9:00000000 |gr10:00000000 |gr11:00000000 |
gr12:00000000 |gr13:00000000 |gr14:00000000 |gr15:40011000 |
gr16:00000003 |gr17:00000010 |gr18:00000000 |gr19:00000000 |
gr20:00000000 |gr21:00000000 |gr22:00000000 |gr23:00000000 |
gr24:00000000 |gr25:00000000 |gr26:00000000 |gr27:00000000 |
gr28:00000000 |gr29:00000000 |gr30:00000000 |gr31:00000000 |

PC : 000007c0 |MCAUSE: 08000000
gr 0:00000005 |gr 1:000000ea |gr 2:abcd1234 |gr 3:0000400c |
gr 4:abcd1234 |gr 5:abcdabcd |gr 6:abcdabcd |gr 7:00000000 |
gr 8:00000000 |gr 9:00000000 |gr10:00000000 |gr11:00000000 |
gr12:00000000 |gr13:00000000 |gr14:00000000 |gr15:40011000 |
gr16:00000003 |gr17:00000010 |gr18:00000000 |gr19:00000000 |
gr20:00000000 |gr21:00000000 |gr22:00000000 |gr23:00000000 |
gr24:00000000 |gr25:00000000 |gr26:00000000 |gr27:00000000 |
gr28:00000000 |gr29:00000000 |gr30:00000000 |gr31:00000000 |

PC : 000007c8 |MCAUSE: 08000000
gr 0:00000005 |gr 1:000000ea |gr 2:abcd1234 |gr 3:0000400c |
gr 4:abcd1000 |gr 5:abcdabcd |gr 6:abcdabcd |gr 7:00000000 |
gr 8:00000000 |gr 9:00000000 |gr10:00000000 |gr11:00000000 |
gr12:00000000 |gr13:00000000 |gr14:00000000 |gr15:40011000 |
gr16:00000003 |gr17:00000010 |gr18:00000000 |gr19:00000000 |
gr20:00000000 |gr21:00000000 |gr22:00000000 |gr23:00000000 |
gr24:00000000 |gr25:00000000 |gr26:00000000 |gr27:00000000 |
gr28:00000000 |gr29:00000000 |gr30:00000000 |gr31:00000000 |

PC : 000007cc |MCAUSE: 08000000
gr 0:00000005 |gr 1:000000ea |gr 2:abcd1234 |gr 3:0000400c |
gr 4:abcd1234 |gr 5:abcdabcd |gr 6:abcdabcd |gr 7:00000000 |
gr 8:00000000 |gr 9:00000000 |gr10:00000000 |gr11:00000000 |
gr12:00000000 |gr13:00000000 |gr14:00000000 |gr15:40011000 |
gr16:00000003 |gr17:00000010 |gr18:00000000 |gr19:00000000 |
gr20:00000000 |gr21:00000000 |gr22:00000000 |gr23:00000000 |
gr24:00000000 |gr25:00000000 |gr26:00000000 |gr27:00000000 |
gr28:00000000 |gr29:00000000 |gr30:00000000 |gr31:00000000 |

PC : 000007d0 |MCAUSE: 08000000
gr 0:00000005 |gr 1:000000ea |gr 2:00000000 |gr 3:0000400c |
gr 4:abcd1234 |gr 5:abcdabcd |gr 6:abcdabcd |gr 7:00000000 |
gr 8:00000000 |gr 9:00000000 |gr10:00000000 |gr11:00000000 |
gr12:00000000 |gr13:00000000 |gr14:00000000 |gr15:40011000 |
gr16:00000003 |gr17:00000010 |gr18:00000000 |gr19:00000000 |
gr20:00000000 |gr21:00000000 |gr22:00000000 |gr23:00000000 |
gr24:00000000 |gr25:00000000 |gr26:00000000 |gr27:00000000 |
gr28:00000000 |gr29:00000000 |gr30:00000000 |gr31:00000000 |

PC : 000007d4 |MCAUSE: 08000000
gr 0:00000005 |gr 1:000000ea |gr 2:00000000 |gr 3:0000400c |
gr 4:abcd1234 |gr 5:abcdabcd |gr 6:abcdabcd |gr 7:00000000 |
gr 8:00000000 |gr 9:00000000 |gr10:00000000 |gr11:00000000 |
gr12:00000000 |gr13:00000000 |gr14:00000000 |gr15:40011000 |
gr16:00000003 |gr17:00000010 |gr18:00000000 |gr19:00000000 |
gr20:00000000 |gr21:00000000 |gr22:00000000 |gr23:00000000 |
gr24:00000000 |gr25:00000000 |gr26:00000000 |gr27:00000000 |
gr28:00000000 |gr29:00000000 |gr30:00000000 |gr31:00000000 |

PC : 000007dc |MCAUSE: 08000000
gr 0:00000005 |gr 1:000000ea |gr 2:00000000 |gr 3:0000400c |
gr 4:aaaab000 |gr 5:abcdabcd |gr 6:abcdabcd |gr 7:00000000 |
gr 8:00000000 |gr 9:00000000 |gr10:00000000 |gr11:00000000 |
gr12:00000000 |gr13:00000000 |gr14:00000000 |gr15:40011000 |
gr16:00000003 |gr17:00000010 |gr18:00000000 |gr19:00000000 |
gr20:00000000 |gr21:00000000 |gr22:00000000 |gr23:00000000 |
gr24:00000000 |gr25:00000000 |gr26:00000000 |gr27:00000000 |
gr28:00000000 |gr29:00000000 |gr30:00000000 |gr31:00000000 |

PC : 000007e0 |MCAUSE: 08000000
gr 0:00000005 |gr 1:000000ea |gr 2:00000000 |gr 3:0000400c |
gr 4:aaaaaaaa |gr 5:abcdabcd |gr 6:abcdabcd |gr 7:00000000 |
gr 8:00000000 |gr 9:00000000 |gr10:00000000 |gr11:00000000 |
gr12:00000000 |gr13:00000000 |gr14:00000000 |gr15:40011000 |
gr16:00000003 |gr17:00000010 |gr18:00000000 |gr19:00000000 |
gr20:00000000 |gr21:00000000 |gr22:00000000 |gr23:00000000 |
gr24:00000000 |gr25:00000000 |gr26:00000000 |gr27:00000000 |
gr28:00000000 |gr29:00000000 |gr30:00000000 |gr31:00000000 |

PC : 000007e4 |MCAUSE: 08000000
gr 0:00000005 |gr 1:000000ea |gr 2:aaaaaa00 |gr 3:0000400c |
gr 4:aaaaaaaa |gr 5:abcdabcd |gr 6:abcdabcd |gr 7:00000000 |
gr 8:00000000 |gr 9:00000000 |gr10:00000000 |gr11:00000000 |
gr12:00000000 |gr13:00000000 |gr14:00000000 |gr15:40011000 |
gr16:00000003 |gr17:00000010 |gr18:00000000 |gr19:00000000 |
gr20:00000000 |gr21:00000000 |gr22:00000000 |gr23:00000000 |
gr24:00000000 |gr25:00000000 |gr26:00000000 |gr27:00000000 |
gr28:00000000 |gr29:00000000 |gr30:00000000 |gr31:00000000 |

PC : 000007e8 |MCAUSE: 08000000
gr 0:00000005 |gr 1:000000ea |gr 2:aaaaaa00 |gr 3:aaaab000 |
gr 4:aaaaaaaa |gr 5:abcdabcd |gr 6:abcdabcd |gr 7:00000000 |
gr 8:00000000 |gr 9:00000000 |gr10:00000000 |gr11:00000000 |
gr12:00000000 |gr13:00000000 |gr14:00000000 |gr15:40011000 |
gr16:00000003 |gr17:00000010 |gr18:00000000 |gr19:00000000 |
gr20:00000000 |gr21:00000000 |gr22:00000000 |gr23:00000000 |
gr24:00000000 |gr25:00000000 |gr26:00000000 |gr27:00000000 |
gr28:00000000 |gr29:00000000 |gr30:00000000 |gr31:00000000 |

PC : 000007ec |MCAUSE: 08000000
gr 0:00000005 |gr 1:000000ea |gr 2:aaaaaa00 |gr 3:aaaaaa00 |
gr 4:aaaaaaaa |gr 5:abcdabcd |gr 6:abcdabcd |gr 7:00000000 |
gr 8:00000000 |gr 9:00000000 |gr10:00000000 |gr11:00000000 |
gr12:00000000 |gr13:00000000 |gr14:00000000 |gr15:40011000 |
gr16:00000003 |gr17:00000010 |gr18:00000000 |gr19:00000000 |
gr20:00000000 |gr21:00000000 |gr22:00000000 |gr23:00000000 |
gr24:00000000 |gr25:00000000 |gr26:00000000 |gr27:00000000 |
gr28:00000000 |gr29:00000000 |gr30:00000000 |gr31:00000000 |

PC : 000007f0 |MCAUSE: 08000000
gr 0:00000005 |gr 1:000000ea |gr 2:aaaaaa00 |gr 3:aaaaaa00 |
gr 4:aaaaaaaa |gr 5:abcdabcd |gr 6:abcdabcd |gr 7:00000000 |
gr 8:00000000 |gr 9:00000000 |gr10:00000000 |gr11:00000000 |
gr12:00000000 |gr13:00000000 |gr14:00000000 |gr15:40011000 |
gr16:00000003 |gr17:00000010 |gr18:00000000 |gr19:00000000 |
gr20:00000000 |gr21:00000000 |gr22:00000000 |gr23:00000000 |
gr24:00000000 |gr25:00000000 |gr26:00000000 |gr27:00000000 |
gr28:00000000 |gr29:00000000 |gr30:00000000 |gr31:00000000 |

PC : 000007f8 |MCAUSE: 08000000
gr 0:00000005 |gr 1:000000ea |gr 2:abcd1000 |gr 3:aaaaaa00 |
gr 4:aaaaaaaa |gr 5:abcdabcd |gr 6:abcdabcd |gr 7:00000000 |
gr 8:00000000 |gr 9:00000000 |gr10:00000000 |gr11:00000000 |
gr12:00000000 |gr13:00000000 |gr14:00000000 |gr15:40011000 |
gr16:00000003 |gr17:00000010 |gr18:00000000 |gr19:00000000 |
gr20:00000000 |gr21:00000000 |gr22:00000000 |gr23:00000000 |
gr24:00000000 |gr25:00000000 |gr26:00000000 |gr27:00000000 |
gr28:00000000 |gr29:00000000 |gr30:00000000 |gr31:00000000 |

PC : 000007fc |MCAUSE: 08000000
gr 0:00000005 |gr 1:000000ea |gr 2:abcd1234 |gr 3:aaaaaa00 |
gr 4:aaaaaaaa |gr 5:abcdabcd |gr 6:abcdabcd |gr 7:00000000 |
gr 8:00000000 |gr 9:00000000 |gr10:00000000 |gr11:00000000 |
gr12:00000000 |gr13:00000000 |gr14:00000000 |gr15:40011000 |
gr16:00000003 |gr17:00000010 |gr18:00000000 |gr19:00000000 |
gr20:00000000 |gr21:00000000 |gr22:00000000 |gr23:00000000 |
gr24:00000000 |gr25:00000000 |gr26:00000000 |gr27:00000000 |
gr28:00000000 |gr29:00000000 |gr30:00000000 |gr31:00000000 |

PC : 00000800 |MCAUSE: 08000000
gr 0:00000005 |gr 1:000000ea |gr 2:abcd1234 |gr 3:abcd1234 |
gr 4:aaaaaaaa |gr 5:abcdabcd |gr 6:abcdabcd |gr 7:00000000 |
gr 8:00000000 |gr 9:00000000 |gr10:00000000 |gr11:00000000 |
gr12:00000000 |gr13:00000000 |gr14:00000000 |gr15:40011000 |
gr16:00000003 |gr17:00000010 |gr18:00000000 |gr19:00000000 |
gr20:00000000 |gr21:00000000 |gr22:00000000 |gr23:00000000 |
gr24:00000000 |gr25:00000000 |gr26:00000000 |gr27:00000000 |
gr28:00000000 |gr29:00000000 |gr30:00000000 |gr31:00000000 |

PC : 00000804 |MCAUSE: 08000000
gr 0:00000005 |gr 1:000000ea |gr 2:abcd1234 |gr 3:abcd1234 |
gr 4:aaaaaaaa |gr 5:abcdabcd |gr 6:abcdabcd |gr 7:00000000 |
gr 8:00000000 |gr 9:00000000 |gr10:00000000 |gr11:00000000 |
gr12:00000000 |gr13:00000000 |gr14:00000000 |gr15:40011000 |
gr16:00000003 |gr17:00000010 |gr18:00000000 |gr19:00000000 |
gr20:00000000 |gr21:00000000 |gr22:00000000 |gr23:00000000 |
gr24:00000000 |gr25:00000000 |gr26:00000000 |gr27:00000000 |
gr28:00000000 |gr29:00000000 |gr30:00000000 |gr31:00000000 |

PC : 0000080c |MCAUSE: 08000000
gr 0:00000005 |gr 1:000000ea |gr 2:aaaab000 |gr 3:abcd1234 |
gr 4:aaaaaaaa |gr 5:abcdabcd |gr 6:abcdabcd |gr 7:00000000 |
gr 8:00000000 |gr 9:00000000 |gr10:00000000 |gr11:00000000 |
gr12:00000000 |gr13:00000000 |gr14:00000000 |gr15:40011000 |
gr16:00000003 |gr17:00000010 |gr18:00000000 |gr19:00000000 |
gr20:00000000 |gr21:00000000 |gr22:00000000 |gr23:00000000 |
gr24:00000000 |gr25:00000000 |gr26:00000000 |gr27:00000000 |
gr28:00000000 |gr29:00000000 |gr30:00000000 |gr31:00000000 |

PC : 00000810 |MCAUSE: 08000000
gr 0:00000005 |gr 1:000000ea |gr 2:aaaaaaaa |gr 3:abcd1234 |
gr 4:aaaaaaaa |gr 5:abcdabcd |gr 6:abcdabcd |gr 7:00000000 |
gr 8:00000000 |gr 9:00000000 |gr10:00000000 |gr11:00000000 |
gr12:00000000 |gr13:00000000 |gr14:00000000 |gr15:40011000 |
gr16:00000003 |gr17:00000010 |gr18:00000000 |gr19:00000000 |
gr20:00000000 |gr21:00000000 |gr22:00000000 |gr23:00000000 |
gr24:00000000 |gr25:00000000 |gr26:00000000 |gr27:00000000 |
gr28:00000000 |gr29:00000000 |gr30:00000000 |gr31:00000000 |

PC : 00000814 |MCAUSE: 08000000
gr 0:00000005 |gr 1:000000ea |gr 2:aaaaaaaa |gr 3:00000001 |
gr 4:aaaaaaaa |gr 5:abcdabcd |gr 6:abcdabcd |gr 7:00000000 |
gr 8:00000000 |gr 9:00000000 |gr10:00000000 |gr11:00000000 |
gr12:00000000 |gr13:00000000 |gr14:00000000 |gr15:40011000 |
gr16:00000003 |gr17:00000010 |gr18:00000000 |gr19:00000000 |
gr20:00000000 |gr21:00000000 |gr22:00000000 |gr23:00000000 |
gr24:00000000 |gr25:00000000 |gr26:00000000 |gr27:00000000 |
gr28:00000000 |gr29:00000000 |gr30:00000000 |gr31:00000000 |

PC : 00000818 |MCAUSE: 08000000
gr 0:00000005 |gr 1:000000ea |gr 2:aaaaaaaa |gr 3:00000001 |
gr 4:00000001 |gr 5:abcdabcd |gr 6:abcdabcd |gr 7:00000000 |
gr 8:00000000 |gr 9:00000000 |gr10:00000000 |gr11:00000000 |
gr12:00000000 |gr13:00000000 |gr14:00000000 |gr15:40011000 |
gr16:00000003 |gr17:00000010 |gr18:00000000 |gr19:00000000 |
gr20:00000000 |gr21:00000000 |gr22:00000000 |gr23:00000000 |
gr24:00000000 |gr25:00000000 |gr26:00000000 |gr27:00000000 |
gr28:00000000 |gr29:00000000 |gr30:00000000 |gr31:00000000 |

PC : 0000081c |MCAUSE: 08000000
gr 0:00000005 |gr 1:000000ea |gr 2:aaaaaaaa |gr 3:00000001 |
gr 4:00000001 |gr 5:abcdabcd |gr 6:abcdabcd |gr 7:00000000 |
gr 8:00000000 |gr 9:00000000 |gr10:00000000 |gr11:00000000 |
gr12:00000000 |gr13:00000000 |gr14:00000000 |gr15:40011000 |
gr16:00000003 |gr17:00000010 |gr18:00000000 |gr19:00000000 |
gr20:00000000 |gr21:00000000 |gr22:00000000 |gr23:00000000 |
gr24:00000000 |gr25:00000000 |gr26:00000000 |gr27:00000000 |
gr28:00000000 |gr29:00000000 |gr30:00000000 |gr31:00000000 |

PC : 00000824 |MCAUSE: 08000000
gr 0:00000005 |gr 1:000000ea |gr 2:aaaab000 |gr 3:00000001 |
gr 4:00000001 |gr 5:abcdabcd |gr 6:abcdabcd |gr 7:00000000 |
gr 8:00000000 |gr 9:00000000 |gr10:00000000 |gr11:00000000 |
gr12:00000000 |gr13:00000000 |gr14:00000000 |gr15:40011000 |
gr16:00000003 |gr17:00000010 |gr18:00000000 |gr19:00000000 |
gr20:00000000 |gr21:00000000 |gr22:00000000 |gr23:00000000 |
gr24:00000000 |gr25:00000000 |gr26:00000000 |gr27:00000000 |
gr28:00000000 |gr29:00000000 |gr30:00000000 |gr31:00000000 |

PC : 00000828 |MCAUSE: 08000000
gr 0:00000005 |gr 1:000000ea |gr 2:aaaaaaaa |gr 3:00000001 |
gr 4:00000001 |gr 5:abcdabcd |gr 6:abcdabcd |gr 7:00000000 |
gr 8:00000000 |gr 9:00000000 |gr10:00000000 |gr11:00000000 |
gr12:00000000 |gr13:00000000 |gr14:00000000 |gr15:40011000 |
gr16:00000003 |gr17:00000010 |gr18:00000000 |gr19:00000000 |
gr20:00000000 |gr21:00000000 |gr22:00000000 |gr23:00000000 |
gr24:00000000 |gr25:00000000 |gr26:00000000 |gr27:00000000 |
gr28:00000000 |gr29:00000000 |gr30:00000000 |gr31:00000000 |

PC : 0000082c |MCAUSE: 08000000
gr 0:00000005 |gr 1:000000ea |gr 2:55555555 |gr 3:00000001 |
gr 4:00000001 |gr 5:abcdabcd |gr 6:abcdabcd |gr 7:00000000 |
gr 8:00000000 |gr 9:00000000 |gr10:00000000 |gr11:00000000 |
gr12:00000000 |gr13:00000000 |gr14:00000000 |gr15:40011000 |
gr16:00000003 |gr17:00000010 |gr18:00000000 |gr19:00000000 |
gr20:00000000 |gr21:00000000 |gr22:00000000 |gr23:00000000 |
gr24:00000000 |gr25:00000000 |gr26:00000000 |gr27:00000000 |
gr28:00000000 |gr29:00000000 |gr30:00000000 |gr31:00000000 |

PC : 00000830 |MCAUSE: 08000000
gr 0:00000005 |gr 1:000000ea |gr 2:55555555 |gr 3:55555000 |
gr 4:00000001 |gr 5:abcdabcd |gr 6:abcdabcd |gr 7:00000000 |
gr 8:00000000 |gr 9:00000000 |gr10:00000000 |gr11:00000000 |
gr12:00000000 |gr13:00000000 |gr14:00000000 |gr15:40011000 |
gr16:00000003 |gr17:00000010 |gr18:00000000 |gr19:00000000 |
gr20:00000000 |gr21:00000000 |gr22:00000000 |gr23:00000000 |
gr24:00000000 |gr25:00000000 |gr26:00000000 |gr27:00000000 |
gr28:00000000 |gr29:00000000 |gr30:00000000 |gr31:00000000 |

PC : 00000834 |MCAUSE: 08000000
gr 0:00000005 |gr 1:000000ea |gr 2:55555555 |gr 3:55555555 |
gr 4:00000001 |gr 5:abcdabcd |gr 6:abcdabcd |gr 7:00000000 |
gr 8:00000000 |gr 9:00000000 |gr10:00000000 |gr11:00000000 |
gr12:00000000 |gr13:00000000 |gr14:00000000 |gr15:40011000 |
gr16:00000003 |gr17:00000010 |gr18:00000000 |gr19:00000000 |
gr20:00000000 |gr21:00000000 |gr22:00000000 |gr23:00000000 |
gr24:00000000 |gr25:00000000 |gr26:00000000 |gr27:00000000 |
gr28:00000000 |gr29:00000000 |gr30:00000000 |gr31:00000000 |

PC : 00000838 |MCAUSE: 08000000
gr 0:00000005 |gr 1:000000ea |gr 2:55555555 |gr 3:55555555 |
gr 4:00000001 |gr 5:abcdabcd |gr 6:abcdabcd |gr 7:00000000 |
gr 8:00000000 |gr 9:00000000 |gr10:00000000 |gr11:00000000 |
gr12:00000000 |gr13:00000000 |gr14:00000000 |gr15:40011000 |
gr16:00000003 |gr17:00000010 |gr18:00000000 |gr19:00000000 |
gr20:00000000 |gr21:00000000 |gr22:00000000 |gr23:00000000 |
gr24:00000000 |gr25:00000000 |gr26:00000000 |gr27:00000000 |
gr28:00000000 |gr29:00000000 |gr30:00000000 |gr31:00000000 |

PC : 00000840 |MCAUSE: 08000000
gr 0:00000005 |gr 1:000000ea |gr 2:aaaab000 |gr 3:55555555 |
gr 4:00000001 |gr 5:abcdabcd |gr 6:abcdabcd |gr 7:00000000 |
gr 8:00000000 |gr 9:00000000 |gr10:00000000 |gr11:00000000 |
gr12:00000000 |gr13:00000000 |gr14:00000000 |gr15:40011000 |
gr16:00000003 |gr17:00000010 |gr18:00000000 |gr19:00000000 |
gr20:00000000 |gr21:00000000 |gr22:00000000 |gr23:00000000 |
gr24:00000000 |gr25:00000000 |gr26:00000000 |gr27:00000000 |
gr28:00000000 |gr29:00000000 |gr30:00000000 |gr31:00000000 |

PC : 00000844 |MCAUSE: 08000000
gr 0:00000005 |gr 1:000000ea |gr 2:aaaaaaaa |gr 3:55555555 |
gr 4:00000001 |gr 5:abcdabcd |gr 6:abcdabcd |gr 7:00000000 |
gr 8:00000000 |gr 9:00000000 |gr10:00000000 |gr11:00000000 |
gr12:00000000 |gr13:00000000 |gr14:00000000 |gr15:40011000 |
gr16:00000003 |gr17:00000010 |gr18:00000000 |gr19:00000000 |
gr20:00000000 |gr21:00000000 |gr22:00000000 |gr23:00000000 |
gr24:00000000 |gr25:00000000 |gr26:00000000 |gr27:00000000 |
gr28:00000000 |gr29:00000000 |gr30:00000000 |gr31:00000000 |

PC : 00000848 |MCAUSE: 08000000
gr 0:00000005 |gr 1:000000ea |gr 2:ffffffff |gr 3:55555555 |
gr 4:00000001 |gr 5:abcdabcd |gr 6:abcdabcd |gr 7:00000000 |
gr 8:00000000 |gr 9:00000000 |gr10:00000000 |gr11:00000000 |
gr12:00000000 |gr13:00000000 |gr14:00000000 |gr15:40011000 |
gr16:00000003 |gr17:00000010 |gr18:00000000 |gr19:00000000 |
gr20:00000000 |gr21:00000000 |gr22:00000000 |gr23:00000000 |
gr24:00000000 |gr25:00000000 |gr26:00000000 |gr27:00000000 |
gr28:00000000 |gr29:00000000 |gr30:00000000 |gr31:00000000 |

PC : 0000084c |MCAUSE: 08000000
gr 0:00000005 |gr 1:000000ea |gr 2:ffffffff |gr 3:ffffffff |
gr 4:00000001 |gr 5:abcdabcd |gr 6:abcdabcd |gr 7:00000000 |
gr 8:00000000 |gr 9:00000000 |gr10:00000000 |gr11:00000000 |
gr12:00000000 |gr13:00000000 |gr14:00000000 |gr15:40011000 |
gr16:00000003 |gr17:00000010 |gr18:00000000 |gr19:00000000 |
gr20:00000000 |gr21:00000000 |gr22:00000000 |gr23:00000000 |
gr24:00000000 |gr25:00000000 |gr26:00000000 |gr27:00000000 |
gr28:00000000 |gr29:00000000 |gr30:00000000 |gr31:00000000 |

PC : 00000850 |MCAUSE: 08000000
gr 0:00000005 |gr 1:000000ea |gr 2:ffffffff |gr 3:ffffffff |
gr 4:00000001 |gr 5:abcdabcd |gr 6:abcdabcd |gr 7:00000000 |
gr 8:00000000 |gr 9:00000000 |gr10:00000000 |gr11:00000000 |
gr12:00000000 |gr13:00000000 |gr14:00000000 |gr15:40011000 |
gr16:00000003 |gr17:00000010 |gr18:00000000 |gr19:00000000 |
gr20:00000000 |gr21:00000000 |gr22:00000000 |gr23:00000000 |
gr24:00000000 |gr25:00000000 |gr26:00000000 |gr27:00000000 |
gr28:00000000 |gr29:00000000 |gr30:00000000 |gr31:00000000 |

PC : 00000858 |MCAUSE: 08000000
gr 0:00000005 |gr 1:000000ea |gr 2:55555000 |gr 3:ffffffff |
gr 4:00000001 |gr 5:abcdabcd |gr 6:abcdabcd |gr 7:00000000 |
gr 8:00000000 |gr 9:00000000 |gr10:00000000 |gr11:00000000 |
gr12:00000000 |gr13:00000000 |gr14:00000000 |gr15:40011000 |
gr16:00000003 |gr17:00000010 |gr18:00000000 |gr19:00000000 |
gr20:00000000 |gr21:00000000 |gr22:00000000 |gr23:00000000 |
gr24:00000000 |gr25:00000000 |gr26:00000000 |gr27:00000000 |
gr28:00000000 |gr29:00000000 |gr30:00000000 |gr31:00000000 |

PC : 0000085c |MCAUSE: 08000000
gr 0:00000005 |gr 1:000000ea |gr 2:55555555 |gr 3:ffffffff |
gr 4:00000001 |gr 5:abcdabcd |gr 6:abcdabcd |gr 7:00000000 |
gr 8:00000000 |gr 9:00000000 |gr10:00000000 |gr11:00000000 |
gr12:00000000 |gr13:00000000 |gr14:00000000 |gr15:40011000 |
gr16:00000003 |gr17:00000010 |gr18:00000000 |gr19:00000000 |
gr20:00000000 |gr21:00000000 |gr22:00000000 |gr23:00000000 |
gr24:00000000 |gr25:00000000 |gr26:00000000 |gr27:00000000 |
gr28:00000000 |gr29:00000000 |gr30:00000000 |gr31:00000000 |

PC : 00000860 |MCAUSE: 08000000
gr 0:00000005 |gr 1:000000ea |gr 2:00000000 |gr 3:ffffffff |
gr 4:00000001 |gr 5:abcdabcd |gr 6:abcdabcd |gr 7:00000000 |
gr 8:00000000 |gr 9:00000000 |gr10:00000000 |gr11:00000000 |
gr12:00000000 |gr13:00000000 |gr14:00000000 |gr15:40011000 |
gr16:00000003 |gr17:00000010 |gr18:00000000 |gr19:00000000 |
gr20:00000000 |gr21:00000000 |gr22:00000000 |gr23:00000000 |
gr24:00000000 |gr25:00000000 |gr26:00000000 |gr27:00000000 |
gr28:00000000 |gr29:00000000 |gr30:00000000 |gr31:00000000 |

PC : 00000864 |MCAUSE: 08000000
gr 0:00000005 |gr 1:000000ea |gr 2:00000000 |gr 3:ffffffff |
gr 4:00000001 |gr 5:abcdabcd |gr 6:abcdabcd |gr 7:00000000 |
gr 8:00000000 |gr 9:00000000 |gr10:00000000 |gr11:00000000 |
gr12:00000000 |gr13:00000000 |gr14:00000000 |gr15:40011000 |
gr16:00000003 |gr17:00000010 |gr18:00000000 |gr19:00000000 |
gr20:00000000 |gr21:00000000 |gr22:00000000 |gr23:00000000 |
gr24:00000000 |gr25:00000000 |gr26:00000000 |gr27:00000000 |
gr28:00000000 |gr29:00000000 |gr30:00000000 |gr31:00000000 |

PC : 0000086c |MCAUSE: 08000000
gr 0:00000005 |gr 1:000000ea |gr 2:55555000 |gr 3:ffffffff |
gr 4:00000001 |gr 5:abcdabcd |gr 6:abcdabcd |gr 7:00000000 |
gr 8:00000000 |gr 9:00000000 |gr10:00000000 |gr11:00000000 |
gr12:00000000 |gr13:00000000 |gr14:00000000 |gr15:40011000 |
gr16:00000003 |gr17:00000010 |gr18:00000000 |gr19:00000000 |
gr20:00000000 |gr21:00000000 |gr22:00000000 |gr23:00000000 |
gr24:00000000 |gr25:00000000 |gr26:00000000 |gr27:00000000 |
gr28:00000000 |gr29:00000000 |gr30:00000000 |gr31:00000000 |

PC : 00000870 |MCAUSE: 08000000
gr 0:00000005 |gr 1:000000ea |gr 2:55555555 |gr 3:ffffffff |
gr 4:00000001 |gr 5:abcdabcd |gr 6:abcdabcd |gr 7:00000000 |
gr 8:00000000 |gr 9:00000000 |gr10:00000000 |gr11:00000000 |
gr12:00000000 |gr13:00000000 |gr14:00000000 |gr15:40011000 |
gr16:00000003 |gr17:00000010 |gr18:00000000 |gr19:00000000 |
gr20:00000000 |gr21:00000000 |gr22:00000000 |gr23:00000000 |
gr24:00000000 |gr25:00000000 |gr26:00000000 |gr27:00000000 |
gr28:00000000 |gr29:00000000 |gr30:00000000 |gr31:00000000 |

PC : 00000874 |MCAUSE: 08000000
gr 0:00000005 |gr 1:000000ea |gr 2:2aaaaaaa |gr 3:ffffffff |
gr 4:00000001 |gr 5:abcdabcd |gr 6:abcdabcd |gr 7:00000000 |
gr 8:00000000 |gr 9:00000000 |gr10:00000000 |gr11:00000000 |
gr12:00000000 |gr13:00000000 |gr14:00000000 |gr15:40011000 |
gr16:00000003 |gr17:00000010 |gr18:00000000 |gr19:00000000 |
gr20:00000000 |gr21:00000000 |gr22:00000000 |gr23:00000000 |
gr24:00000000 |gr25:00000000 |gr26:00000000 |gr27:00000000 |
gr28:00000000 |gr29:00000000 |gr30:00000000 |gr31:00000000 |

PC : 00000878 |MCAUSE: 08000000
gr 0:00000005 |gr 1:000000ea |gr 2:2aaaaaaa |gr 3:2aaab000 |
gr 4:00000001 |gr 5:abcdabcd |gr 6:abcdabcd |gr 7:00000000 |
gr 8:00000000 |gr 9:00000000 |gr10:00000000 |gr11:00000000 |
gr12:00000000 |gr13:00000000 |gr14:00000000 |gr15:40011000 |
gr16:00000003 |gr17:00000010 |gr18:00000000 |gr19:00000000 |
gr20:00000000 |gr21:00000000 |gr22:00000000 |gr23:00000000 |
gr24:00000000 |gr25:00000000 |gr26:00000000 |gr27:00000000 |
gr28:00000000 |gr29:00000000 |gr30:00000000 |gr31:00000000 |

PC : 0000087c |MCAUSE: 08000000
gr 0:00000005 |gr 1:000000ea |gr 2:2aaaaaaa |gr 3:2aaaaaaa |
gr 4:00000001 |gr 5:abcdabcd |gr 6:abcdabcd |gr 7:00000000 |
gr 8:00000000 |gr 9:00000000 |gr10:00000000 |gr11:00000000 |
gr12:00000000 |gr13:00000000 |gr14:00000000 |gr15:40011000 |
gr16:00000003 |gr17:00000010 |gr18:00000000 |gr19:00000000 |
gr20:00000000 |gr21:00000000 |gr22:00000000 |gr23:00000000 |
gr24:00000000 |gr25:00000000 |gr26:00000000 |gr27:00000000 |
gr28:00000000 |gr29:00000000 |gr30:00000000 |gr31:00000000 |

PC : 00000880 |MCAUSE: 08000000
gr 0:00000005 |gr 1:000000ea |gr 2:2aaaaaaa |gr 3:2aaaaaaa |
gr 4:00000001 |gr 5:abcdabcd |gr 6:abcdabcd |gr 7:00000000 |
gr 8:00000000 |gr 9:00000000 |gr10:00000000 |gr11:00000000 |
gr12:00000000 |gr13:00000000 |gr14:00000000 |gr15:40011000 |
gr16:00000003 |gr17:00000010 |gr18:00000000 |gr19:00000000 |
gr20:00000000 |gr21:00000000 |gr22:00000000 |gr23:00000000 |
gr24:00000000 |gr25:00000000 |gr26:00000000 |gr27:00000000 |
gr28:00000000 |gr29:00000000 |gr30:00000000 |gr31:00000000 |

PC : 00000888 |MCAUSE: 08000000
gr 0:00000005 |gr 1:000000ea |gr 2:abcd1000 |gr 3:2aaaaaaa |
gr 4:00000001 |gr 5:abcdabcd |gr 6:abcdabcd |gr 7:00000000 |
gr 8:00000000 |gr 9:00000000 |gr10:00000000 |gr11:00000000 |
gr12:00000000 |gr13:00000000 |gr14:00000000 |gr15:40011000 |
gr16:00000003 |gr17:00000010 |gr18:00000000 |gr19:00000000 |
gr20:00000000 |gr21:00000000 |gr22:00000000 |gr23:00000000 |
gr24:00000000 |gr25:00000000 |gr26:00000000 |gr27:00000000 |
gr28:00000000 |gr29:00000000 |gr30:00000000 |gr31:00000000 |

PC : 0000088c |MCAUSE: 08000000
gr 0:00000005 |gr 1:000000ea |gr 2:abcd1234 |gr 3:2aaaaaaa |
gr 4:00000001 |gr 5:abcdabcd |gr 6:abcdabcd |gr 7:00000000 |
gr 8:00000000 |gr 9:00000000 |gr10:00000000 |gr11:00000000 |
gr12:00000000 |gr13:00000000 |gr14:00000000 |gr15:40011000 |
gr16:00000003 |gr17:00000010 |gr18:00000000 |gr19:00000000 |
gr20:00000000 |gr21:00000000 |gr22:00000000 |gr23:00000000 |
gr24:00000000 |gr25:00000000 |gr26:00000000 |gr27:00000000 |
gr28:00000000 |gr29:00000000 |gr30:00000000 |gr31:00000000 |

PC : 00000890 |MCAUSE: 08000000
gr 0:00000005 |gr 1:000000ea |gr 2:abcd1234 |gr 3:2aaaaaaa |
gr 4:00000001 |gr 5:abcdabcd |gr 6:abcdabcd |gr 7:00000000 |
gr 8:00000000 |gr 9:00000000 |gr10:00000000 |gr11:00000000 |
gr12:00000000 |gr13:00000000 |gr14:00000000 |gr15:40011000 |
gr16:00000003 |gr17:00000010 |gr18:00000000 |gr19:00000000 |
gr20:00000000 |gr21:00000000 |gr22:00000000 |gr23:00000000 |
gr24:00000000 |gr25:00000000 |gr26:00000000 |gr27:00000000 |
gr28:00000000 |gr29:00000000 |gr30:00000000 |gr31:00000000 |

PC : 00000894 |MCAUSE: 08000000
gr 0:00000005 |gr 1:000000ea |gr 2:abcd1234 |gr 3:abcd1000 |
gr 4:00000001 |gr 5:abcdabcd |gr 6:abcdabcd |gr 7:00000000 |
gr 8:00000000 |gr 9:00000000 |gr10:00000000 |gr11:00000000 |
gr12:00000000 |gr13:00000000 |gr14:00000000 |gr15:40011000 |
gr16:00000003 |gr17:00000010 |gr18:00000000 |gr19:00000000 |
gr20:00000000 |gr21:00000000 |gr22:00000000 |gr23:00000000 |
gr24:00000000 |gr25:00000000 |gr26:00000000 |gr27:00000000 |
gr28:00000000 |gr29:00000000 |gr30:00000000 |gr31:00000000 |

PC : 00000898 |MCAUSE: 08000000
gr 0:00000005 |gr 1:000000ea |gr 2:abcd1234 |gr 3:abcd1234 |
gr 4:00000001 |gr 5:abcdabcd |gr 6:abcdabcd |gr 7:00000000 |
gr 8:00000000 |gr 9:00000000 |gr10:00000000 |gr11:00000000 |
gr12:00000000 |gr13:00000000 |gr14:00000000 |gr15:40011000 |
gr16:00000003 |gr17:00000010 |gr18:00000000 |gr19:00000000 |
gr20:00000000 |gr21:00000000 |gr22:00000000 |gr23:00000000 |
gr24:00000000 |gr25:00000000 |gr26:00000000 |gr27:00000000 |
gr28:00000000 |gr29:00000000 |gr30:00000000 |gr31:00000000 |

PC : 0000089c |MCAUSE: 08000000
gr 0:00000005 |gr 1:000000ea |gr 2:abcd1234 |gr 3:abcd1234 |
gr 4:00000001 |gr 5:abcdabcd |gr 6:abcdabcd |gr 7:00000000 |
gr 8:00000000 |gr 9:00000000 |gr10:00000000 |gr11:00000000 |
gr12:00000000 |gr13:00000000 |gr14:00000000 |gr15:40011000 |
gr16:00000003 |gr17:00000010 |gr18:00000000 |gr19:00000000 |
gr20:00000000 |gr21:00000000 |gr22:00000000 |gr23:00000000 |
gr24:00000000 |gr25:00000000 |gr26:00000000 |gr27:00000000 |
gr28:00000000 |gr29:00000000 |gr30:00000000 |gr31:00000000 |

PC : 000008a4 |MCAUSE: 08000000
gr 0:00000005 |gr 1:000000ea |gr 2:7bcd1000 |gr 3:abcd1234 |
gr 4:00000001 |gr 5:abcdabcd |gr 6:abcdabcd |gr 7:00000000 |
gr 8:00000000 |gr 9:00000000 |gr10:00000000 |gr11:00000000 |
gr12:00000000 |gr13:00000000 |gr14:00000000 |gr15:40011000 |
gr16:00000003 |gr17:00000010 |gr18:00000000 |gr19:00000000 |
gr20:00000000 |gr21:00000000 |gr22:00000000 |gr23:00000000 |
gr24:00000000 |gr25:00000000 |gr26:00000000 |gr27:00000000 |
gr28:00000000 |gr29:00000000 |gr30:00000000 |gr31:00000000 |

PC : 000008a8 |MCAUSE: 08000000
gr 0:00000005 |gr 1:000000ea |gr 2:7bcd1000 |gr 3:7bcd1000 |
gr 4:00000001 |gr 5:abcdabcd |gr 6:abcdabcd |gr 7:00000000 |
gr 8:00000000 |gr 9:00000000 |gr10:00000000 |gr11:00000000 |
gr12:00000000 |gr13:00000000 |gr14:00000000 |gr15:40011000 |
gr16:00000003 |gr17:00000010 |gr18:00000000 |gr19:00000000 |
gr20:00000000 |gr21:00000000 |gr22:00000000 |gr23:00000000 |
gr24:00000000 |gr25:00000000 |gr26:00000000 |gr27:00000000 |
gr28:00000000 |gr29:00000000 |gr30:00000000 |gr31:00000000 |

PC : 000008ac |MCAUSE: 08000000
gr 0:00000005 |gr 1:000000ea |gr 2:7bcd1000 |gr 3:7bcd1000 |
gr 4:00000001 |gr 5:abcdabcd |gr 6:abcdabcd |gr 7:00000000 |
gr 8:00000000 |gr 9:00000000 |gr10:00000000 |gr11:00000000 |
gr12:00000000 |gr13:00000000 |gr14:00000000 |gr15:40011000 |
gr16:00000003 |gr17:00000010 |gr18:00000000 |gr19:00000000 |
gr20:00000000 |gr21:00000000 |gr22:00000000 |gr23:00000000 |
gr24:00000000 |gr25:00000000 |gr26:00000000 |gr27:00000000 |
gr28:00000000 |gr29:00000000 |gr30:00000000 |gr31:00000000 |

PC : 000008b4 |MCAUSE: 08000000
gr 0:00000005 |gr 1:000000ea |gr 2:89abc000 |gr 3:7bcd1000 |
gr 4:00000001 |gr 5:abcdabcd |gr 6:abcdabcd |gr 7:00000000 |
gr 8:00000000 |gr 9:00000000 |gr10:00000000 |gr11:00000000 |
gr12:00000000 |gr13:00000000 |gr14:00000000 |gr15:40011000 |
gr16:00000003 |gr17:00000010 |gr18:00000000 |gr19:00000000 |
gr20:00000000 |gr21:00000000 |gr22:00000000 |gr23:00000000 |
gr24:00000000 |gr25:00000000 |gr26:00000000 |gr27:00000000 |
gr28:00000000 |gr29:00000000 |gr30:00000000 |gr31:00000000 |

PC : 000008b8 |MCAUSE: 08000000
gr 0:00000005 |gr 1:000000ea |gr 2:89abc000 |gr 3:89abc000 |
gr 4:00000001 |gr 5:abcdabcd |gr 6:abcdabcd |gr 7:00000000 |
gr 8:00000000 |gr 9:00000000 |gr10:00000000 |gr11:00000000 |
gr12:00000000 |gr13:00000000 |gr14:00000000 |gr15:40011000 |
gr16:00000003 |gr17:00000010 |gr18:00000000 |gr19:00000000 |
gr20:00000000 |gr21:00000000 |gr22:00000000 |gr23:00000000 |
gr24:00000000 |gr25:00000000 |gr26:00000000 |gr27:00000000 |
gr28:00000000 |gr29:00000000 |gr30:00000000 |gr31:00000000 |

PC : 000008bc |MCAUSE: 08000000
gr 0:00000005 |gr 1:000000ea |gr 2:89abc000 |gr 3:89abc000 |
gr 4:00000001 |gr 5:abcdabcd |gr 6:abcdabcd |gr 7:00000000 |
gr 8:00000000 |gr 9:00000000 |gr10:00000000 |gr11:00000000 |
gr12:00000000 |gr13:00000000 |gr14:00000000 |gr15:40011000 |
gr16:00000003 |gr17:00000010 |gr18:00000000 |gr19:00000000 |
gr20:00000000 |gr21:00000000 |gr22:00000000 |gr23:00000000 |
gr24:00000000 |gr25:00000000 |gr26:00000000 |gr27:00000000 |
gr28:00000000 |gr29:00000000 |gr30:00000000 |gr31:00000000 |

PC : 000008c4 |MCAUSE: 08000000
gr 0:00000005 |gr 1:000000ea |gr 2:000008c4 |gr 3:89abc000 |
gr 4:00000001 |gr 5:abcdabcd |gr 6:abcdabcd |gr 7:00000000 |
gr 8:00000000 |gr 9:00000000 |gr10:00000000 |gr11:00000000 |
gr12:00000000 |gr13:00000000 |gr14:00000000 |gr15:40011000 |
gr16:00000003 |gr17:00000010 |gr18:00000000 |gr19:00000000 |
gr20:00000000 |gr21:00000000 |gr22:00000000 |gr23:00000000 |
gr24:00000000 |gr25:00000000 |gr26:00000000 |gr27:00000000 |
gr28:00000000 |gr29:00000000 |gr30:00000000 |gr31:00000000 |

PC : 000008c8 |MCAUSE: 08000000
gr 0:00000005 |gr 1:000000ea |gr 2:000008c4 |gr 3:0000a000 |
gr 4:00000001 |gr 5:abcdabcd |gr 6:abcdabcd |gr 7:00000000 |
gr 8:00000000 |gr 9:00000000 |gr10:00000000 |gr11:00000000 |
gr12:00000000 |gr13:00000000 |gr14:00000000 |gr15:40011000 |
gr16:00000003 |gr17:00000010 |gr18:00000000 |gr19:00000000 |
gr20:00000000 |gr21:00000000 |gr22:00000000 |gr23:00000000 |
gr24:00000000 |gr25:00000000 |gr26:00000000 |gr27:00000000 |
gr28:00000000 |gr29:00000000 |gr30:00000000 |gr31:00000000 |

PC : 000008cc |MCAUSE: 08000000
gr 0:00000005 |gr 1:000000ea |gr 2:000008c4 |gr 3:0000a00e |
gr 4:00000001 |gr 5:abcdabcd |gr 6:abcdabcd |gr 7:00000000 |
gr 8:00000000 |gr 9:00000000 |gr10:00000000 |gr11:00000000 |
gr12:00000000 |gr13:00000000 |gr14:00000000 |gr15:40011000 |
gr16:00000003 |gr17:00000010 |gr18:00000000 |gr19:00000000 |
gr20:00000000 |gr21:00000000 |gr22:00000000 |gr23:00000000 |
gr24:00000000 |gr25:00000000 |gr26:00000000 |gr27:00000000 |
gr28:00000000 |gr29:00000000 |gr30:00000000 |gr31:00000000 |

PC : 000008d0 |MCAUSE: 08000000
gr 0:00000005 |gr 1:000000ea |gr 2:0000a8d2 |gr 3:0000a00e |
gr 4:00000001 |gr 5:abcdabcd |gr 6:abcdabcd |gr 7:00000000 |
gr 8:00000000 |gr 9:00000000 |gr10:00000000 |gr11:00000000 |
gr12:00000000 |gr13:00000000 |gr14:00000000 |gr15:40011000 |
gr16:00000003 |gr17:00000010 |gr18:00000000 |gr19:00000000 |
gr20:00000000 |gr21:00000000 |gr22:00000000 |gr23:00000000 |
gr24:00000000 |gr25:00000000 |gr26:00000000 |gr27:00000000 |
gr28:00000000 |gr29:00000000 |gr30:00000000 |gr31:00000000 |

PC : 000008d2 |MCAUSE: 08000000
gr 0:00000005 |gr 1:000000ea |gr 2:0000a8d2 |gr 3:0000a00e |
gr 4:0000a8d2 |gr 5:abcdabcd |gr 6:abcdabcd |gr 7:00000000 |
gr 8:00000000 |gr 9:00000000 |gr10:00000000 |gr11:00000000 |
gr12:00000000 |gr13:00000000 |gr14:00000000 |gr15:40011000 |
gr16:00000003 |gr17:00000010 |gr18:00000000 |gr19:00000000 |
gr20:00000000 |gr21:00000000 |gr22:00000000 |gr23:00000000 |
gr24:00000000 |gr25:00000000 |gr26:00000000 |gr27:00000000 |
gr28:00000000 |gr29:00000000 |gr30:00000000 |gr31:00000000 |

PC : 000008d6 |MCAUSE: 08000000
gr 0:00000005 |gr 1:000000ea |gr 2:0000a8d2 |gr 3:0000a00e |
gr 4:0000a8d2 |gr 5:abcdabcd |gr 6:abcdabcd |gr 7:00000000 |
gr 8:00000000 |gr 9:00000000 |gr10:00000000 |gr11:00000000 |
gr12:00000000 |gr13:00000000 |gr14:00000000 |gr15:40011000 |
gr16:00000003 |gr17:00000010 |gr18:00000000 |gr19:00000000 |
gr20:00000000 |gr21:00000000 |gr22:00000000 |gr23:00000000 |
gr24:00000000 |gr25:00000000 |gr26:00000000 |gr27:00000000 |
gr28:00000000 |gr29:00000000 |gr30:00000000 |gr31:00000000 |

PC : 000008de |MCAUSE: 08000000
gr 0:00000005 |gr 1:000000ea |gr 2:000008de |gr 3:0000a00e |
gr 4:0000a8d2 |gr 5:abcdabcd |gr 6:abcdabcd |gr 7:00000000 |
gr 8:00000000 |gr 9:00000000 |gr10:00000000 |gr11:00000000 |
gr12:00000000 |gr13:00000000 |gr14:00000000 |gr15:40011000 |
gr16:00000003 |gr17:00000010 |gr18:00000000 |gr19:00000000 |
gr20:00000000 |gr21:00000000 |gr22:00000000 |gr23:00000000 |
gr24:00000000 |gr25:00000000 |gr26:00000000 |gr27:00000000 |
gr28:00000000 |gr29:00000000 |gr30:00000000 |gr31:00000000 |

PC : 000008e2 |MCAUSE: 08000000
gr 0:00000005 |gr 1:000000ea |gr 2:000008de |gr 3:80000000 |
gr 4:0000a8d2 |gr 5:abcdabcd |gr 6:abcdabcd |gr 7:00000000 |
gr 8:00000000 |gr 9:00000000 |gr10:00000000 |gr11:00000000 |
gr12:00000000 |gr13:00000000 |gr14:00000000 |gr15:40011000 |
gr16:00000003 |gr17:00000010 |gr18:00000000 |gr19:00000000 |
gr20:00000000 |gr21:00000000 |gr22:00000000 |gr23:00000000 |
gr24:00000000 |gr25:00000000 |gr26:00000000 |gr27:00000000 |
gr28:00000000 |gr29:00000000 |gr30:00000000 |gr31:00000000 |

PC : 000008e6 |MCAUSE: 08000000
gr 0:00000005 |gr 1:000000ea |gr 2:000008de |gr 3:80000010 |
gr 4:0000a8d2 |gr 5:abcdabcd |gr 6:abcdabcd |gr 7:00000000 |
gr 8:00000000 |gr 9:00000000 |gr10:00000000 |gr11:00000000 |
gr12:00000000 |gr13:00000000 |gr14:00000000 |gr15:40011000 |
gr16:00000003 |gr17:00000010 |gr18:00000000 |gr19:00000000 |
gr20:00000000 |gr21:00000000 |gr22:00000000 |gr23:00000000 |
gr24:00000000 |gr25:00000000 |gr26:00000000 |gr27:00000000 |
gr28:00000000 |gr29:00000000 |gr30:00000000 |gr31:00000000 |

PC : 000008ea |MCAUSE: 08000000
gr 0:00000005 |gr 1:000000ea |gr 2:800008ee |gr 3:80000010 |
gr 4:0000a8d2 |gr 5:abcdabcd |gr 6:abcdabcd |gr 7:00000000 |
gr 8:00000000 |gr 9:00000000 |gr10:00000000 |gr11:00000000 |
gr12:00000000 |gr13:00000000 |gr14:00000000 |gr15:40011000 |
gr16:00000003 |gr17:00000010 |gr18:00000000 |gr19:00000000 |
gr20:00000000 |gr21:00000000 |gr22:00000000 |gr23:00000000 |
gr24:00000000 |gr25:00000000 |gr26:00000000 |gr27:00000000 |
gr28:00000000 |gr29:00000000 |gr30:00000000 |gr31:00000000 |

PC : 000008ee |MCAUSE: 08000000
gr 0:00000005 |gr 1:000000ea |gr 2:800008ee |gr 3:80000010 |
gr 4:800008ee |gr 5:abcdabcd |gr 6:abcdabcd |gr 7:00000000 |
gr 8:00000000 |gr 9:00000000 |gr10:00000000 |gr11:00000000 |
gr12:00000000 |gr13:00000000 |gr14:00000000 |gr15:40011000 |
gr16:00000003 |gr17:00000010 |gr18:00000000 |gr19:00000000 |
gr20:00000000 |gr21:00000000 |gr22:00000000 |gr23:00000000 |
gr24:00000000 |gr25:00000000 |gr26:00000000 |gr27:00000000 |
gr28:00000000 |gr29:00000000 |gr30:00000000 |gr31:00000000 |

PC : 000008f2 |MCAUSE: 08000000
gr 0:00000005 |gr 1:000000ea |gr 2:800008ee |gr 3:80000010 |
gr 4:800008ee |gr 5:abcdabcd |gr 6:abcdabcd |gr 7:00000000 |
gr 8:00000000 |gr 9:00000000 |gr10:00000000 |gr11:00000000 |
gr12:00000000 |gr13:00000000 |gr14:00000000 |gr15:40011000 |
gr16:00000003 |gr17:00000010 |gr18:00000000 |gr19:00000000 |
gr20:00000000 |gr21:00000000 |gr22:00000000 |gr23:00000000 |
gr24:00000000 |gr25:00000000 |gr26:00000000 |gr27:00000000 |
gr28:00000000 |gr29:00000000 |gr30:00000000 |gr31:00000000 |

PC : 000008fa |MCAUSE: 08000000
gr 0:00000005 |gr 1:000000ea |gr 2:800008ee |gr 3:ffffffff |
gr 4:800008ee |gr 5:abcdabcd |gr 6:abcdabcd |gr 7:00000000 |
gr 8:00000000 |gr 9:00000000 |gr10:00000000 |gr11:00000000 |
gr12:00000000 |gr13:00000000 |gr14:00000000 |gr15:40011000 |
gr16:00000003 |gr17:00000010 |gr18:00000000 |gr19:00000000 |
gr20:00000000 |gr21:00000000 |gr22:00000000 |gr23:00000000 |
gr24:00000000 |gr25:00000000 |gr26:00000000 |gr27:00000000 |
gr28:00000000 |gr29:00000000 |gr30:00000000 |gr31:00000000 |

PC : 000008fe |MCAUSE: 08000000
gr 0:00000005 |gr 1:000000ea |gr 2:800008ee |gr 3:ffffffff |
gr 4:ffffffff |gr 5:abcdabcd |gr 6:abcdabcd |gr 7:00000000 |
gr 8:00000000 |gr 9:00000000 |gr10:00000000 |gr11:00000000 |
gr12:00000000 |gr13:00000000 |gr14:00000000 |gr15:40011000 |
gr16:00000003 |gr17:00000010 |gr18:00000000 |gr19:00000000 |
gr20:00000000 |gr21:00000000 |gr22:00000000 |gr23:00000000 |
gr24:00000000 |gr25:00000000 |gr26:00000000 |gr27:00000000 |
gr28:00000000 |gr29:00000000 |gr30:00000000 |gr31:00000000 |

PC : 00000902 |MCAUSE: 08000000
gr 0:00000005 |gr 1:000000ea |gr 2:800008ee |gr 3:ffffffff |
gr 4:ffffffff |gr 5:fffffffe |gr 6:abcdabcd |gr 7:00000000 |
gr 8:00000000 |gr 9:00000000 |gr10:00000000 |gr11:00000000 |
gr12:00000000 |gr13:00000000 |gr14:00000000 |gr15:40011000 |
gr16:00000003 |gr17:00000010 |gr18:00000000 |gr19:00000000 |
gr20:00000000 |gr21:00000000 |gr22:00000000 |gr23:00000000 |
gr24:00000000 |gr25:00000000 |gr26:00000000 |gr27:00000000 |
gr28:00000000 |gr29:00000000 |gr30:00000000 |gr31:00000000 |

PC : 00000906 |MCAUSE: 08000000
gr 0:00000005 |gr 1:000000ea |gr 2:800008ee |gr 3:ffffffff |
gr 4:ffffffff |gr 5:fffffffe |gr 6:fffffffe |gr 7:00000000 |
gr 8:00000000 |gr 9:00000000 |gr10:00000000 |gr11:00000000 |
gr12:00000000 |gr13:00000000 |gr14:00000000 |gr15:40011000 |
gr16:00000003 |gr17:00000010 |gr18:00000000 |gr19:00000000 |
gr20:00000000 |gr21:00000000 |gr22:00000000 |gr23:00000000 |
gr24:00000000 |gr25:00000000 |gr26:00000000 |gr27:00000000 |
gr28:00000000 |gr29:00000000 |gr30:00000000 |gr31:00000000 |

PC : 0000090a |MCAUSE: 08000000
gr 0:00000005 |gr 1:000000ea |gr 2:800008ee |gr 3:ffffffff |
gr 4:ffffffff |gr 5:fffffffe |gr 6:fffffffe |gr 7:00000000 |
gr 8:00000000 |gr 9:00000000 |gr10:00000000 |gr11:00000000 |
gr12:00000000 |gr13:00000000 |gr14:00000000 |gr15:40011000 |
gr16:00000003 |gr17:00000010 |gr18:00000000 |gr19:00000000 |
gr20:00000000 |gr21:00000000 |gr22:00000000 |gr23:00000000 |
gr24:00000000 |gr25:00000000 |gr26:00000000 |gr27:00000000 |
gr28:00000000 |gr29:00000000 |gr30:00000000 |gr31:00000000 |

PC : 00000912 |MCAUSE: 08000000
gr 0:00000005 |gr 1:000000ea |gr 2:800008ee |gr 3:80000000 |
gr 4:ffffffff |gr 5:fffffffe |gr 6:fffffffe |gr 7:00000000 |
gr 8:00000000 |gr 9:00000000 |gr10:00000000 |gr11:00000000 |
gr12:00000000 |gr13:00000000 |gr14:00000000 |gr15:40011000 |
gr16:00000003 |gr17:00000010 |gr18:00000000 |gr19:00000000 |
gr20:00000000 |gr21:00000000 |gr22:00000000 |gr23:00000000 |
gr24:00000000 |gr25:00000000 |gr26:00000000 |gr27:00000000 |
gr28:00000000 |gr29:00000000 |gr30:00000000 |gr31:00000000 |

PC : 00000916 |MCAUSE: 08000000
gr 0:00000005 |gr 1:000000ea |gr 2:800008ee |gr 3:80000000 |
gr 4:80000000 |gr 5:fffffffe |gr 6:fffffffe |gr 7:00000000 |
gr 8:00000000 |gr 9:00000000 |gr10:00000000 |gr11:00000000 |
gr12:00000000 |gr13:00000000 |gr14:00000000 |gr15:40011000 |
gr16:00000003 |gr17:00000010 |gr18:00000000 |gr19:00000000 |
gr20:00000000 |gr21:00000000 |gr22:00000000 |gr23:00000000 |
gr24:00000000 |gr25:00000000 |gr26:00000000 |gr27:00000000 |
gr28:00000000 |gr29:00000000 |gr30:00000000 |gr31:00000000 |

PC : 0000091a |MCAUSE: 08000000
gr 0:00000005 |gr 1:000000ea |gr 2:800008ee |gr 3:80000000 |
gr 4:80000000 |gr 5:00000000 |gr 6:fffffffe |gr 7:00000000 |
gr 8:00000000 |gr 9:00000000 |gr10:00000000 |gr11:00000000 |
gr12:00000000 |gr13:00000000 |gr14:00000000 |gr15:40011000 |
gr16:00000003 |gr17:00000010 |gr18:00000000 |gr19:00000000 |
gr20:00000000 |gr21:00000000 |gr22:00000000 |gr23:00000000 |
gr24:00000000 |gr25:00000000 |gr26:00000000 |gr27:00000000 |
gr28:00000000 |gr29:00000000 |gr30:00000000 |gr31:00000000 |

PC : 0000091e |MCAUSE: 08000000
gr 0:00000005 |gr 1:000000ea |gr 2:800008ee |gr 3:80000000 |
gr 4:80000000 |gr 5:00000000 |gr 6:00000000 |gr 7:00000000 |
gr 8:00000000 |gr 9:00000000 |gr10:00000000 |gr11:00000000 |
gr12:00000000 |gr13:00000000 |gr14:00000000 |gr15:40011000 |
gr16:00000003 |gr17:00000010 |gr18:00000000 |gr19:00000000 |
gr20:00000000 |gr21:00000000 |gr22:00000000 |gr23:00000000 |
gr24:00000000 |gr25:00000000 |gr26:00000000 |gr27:00000000 |
gr28:00000000 |gr29:00000000 |gr30:00000000 |gr31:00000000 |

PC : 00000922 |MCAUSE: 08000000
gr 0:00000005 |gr 1:000000ea |gr 2:800008ee |gr 3:80000000 |
gr 4:80000000 |gr 5:00000000 |gr 6:00000000 |gr 7:00000000 |
gr 8:00000000 |gr 9:00000000 |gr10:00000000 |gr11:00000000 |
gr12:00000000 |gr13:00000000 |gr14:00000000 |gr15:40011000 |
gr16:00000003 |gr17:00000010 |gr18:00000000 |gr19:00000000 |
gr20:00000000 |gr21:00000000 |gr22:00000000 |gr23:00000000 |
gr24:00000000 |gr25:00000000 |gr26:00000000 |gr27:00000000 |
gr28:00000000 |gr29:00000000 |gr30:00000000 |gr31:00000000 |

PC : 0000092a |MCAUSE: 08000000
gr 0:00000005 |gr 1:000000ea |gr 2:800008ee |gr 3:80000000 |
gr 4:80000000 |gr 5:00000000 |gr 6:00000000 |gr 7:00000000 |
gr 8:00000000 |gr 9:00000000 |gr10:00000000 |gr11:00000000 |
gr12:00000000 |gr13:00000000 |gr14:00000000 |gr15:40011000 |
gr16:00000003 |gr17:00000010 |gr18:00000000 |gr19:00000000 |
gr20:00000000 |gr21:00000000 |gr22:00000000 |gr23:00000000 |
gr24:00000000 |gr25:00000000 |gr26:00000000 |gr27:00000000 |
gr28:00000000 |gr29:00000000 |gr30:00000000 |gr31:00000000 |

PC : 0000092e |MCAUSE: 08000000
gr 0:00000005 |gr 1:000000ea |gr 2:800008ee |gr 3:7fffffff |
gr 4:80000000 |gr 5:00000000 |gr 6:00000000 |gr 7:00000000 |
gr 8:00000000 |gr 9:00000000 |gr10:00000000 |gr11:00000000 |
gr12:00000000 |gr13:00000000 |gr14:00000000 |gr15:40011000 |
gr16:00000003 |gr17:00000010 |gr18:00000000 |gr19:00000000 |
gr20:00000000 |gr21:00000000 |gr22:00000000 |gr23:00000000 |
gr24:00000000 |gr25:00000000 |gr26:00000000 |gr27:00000000 |
gr28:00000000 |gr29:00000000 |gr30:00000000 |gr31:00000000 |

PC : 00000932 |MCAUSE: 08000000
gr 0:00000005 |gr 1:000000ea |gr 2:800008ee |gr 3:7fffffff |
gr 4:80000000 |gr 5:00000000 |gr 6:00000000 |gr 7:00000000 |
gr 8:00000000 |gr 9:00000000 |gr10:00000000 |gr11:00000000 |
gr12:00000000 |gr13:00000000 |gr14:00000000 |gr15:40011000 |
gr16:00000003 |gr17:00000010 |gr18:00000000 |gr19:00000000 |
gr20:00000000 |gr21:00000000 |gr22:00000000 |gr23:00000000 |
gr24:00000000 |gr25:00000000 |gr26:00000000 |gr27:00000000 |
gr28:00000000 |gr29:00000000 |gr30:00000000 |gr31:00000000 |

PC : 00000936 |MCAUSE: 08000000
gr 0:00000005 |gr 1:000000ea |gr 2:800008ee |gr 3:7fffffff |
gr 4:7fffffff |gr 5:00000000 |gr 6:00000000 |gr 7:00000000 |
gr 8:00000000 |gr 9:00000000 |gr10:00000000 |gr11:00000000 |
gr12:00000000 |gr13:00000000 |gr14:00000000 |gr15:40011000 |
gr16:00000003 |gr17:00000010 |gr18:00000000 |gr19:00000000 |
gr20:00000000 |gr21:00000000 |gr22:00000000 |gr23:00000000 |
gr24:00000000 |gr25:00000000 |gr26:00000000 |gr27:00000000 |
gr28:00000000 |gr29:00000000 |gr30:00000000 |gr31:00000000 |

PC : 0000093a |MCAUSE: 08000000
gr 0:00000005 |gr 1:000000ea |gr 2:800008ee |gr 3:7fffffff |
gr 4:7fffffff |gr 5:fffffffe |gr 6:00000000 |gr 7:00000000 |
gr 8:00000000 |gr 9:00000000 |gr10:00000000 |gr11:00000000 |
gr12:00000000 |gr13:00000000 |gr14:00000000 |gr15:40011000 |
gr16:00000003 |gr17:00000010 |gr18:00000000 |gr19:00000000 |
gr20:00000000 |gr21:00000000 |gr22:00000000 |gr23:00000000 |
gr24:00000000 |gr25:00000000 |gr26:00000000 |gr27:00000000 |
gr28:00000000 |gr29:00000000 |gr30:00000000 |gr31:00000000 |

PC : 0000093e |MCAUSE: 08000000
gr 0:00000005 |gr 1:000000ea |gr 2:800008ee |gr 3:7fffffff |
gr 4:7fffffff |gr 5:fffffffe |gr 6:fffffffe |gr 7:00000000 |
gr 8:00000000 |gr 9:00000000 |gr10:00000000 |gr11:00000000 |
gr12:00000000 |gr13:00000000 |gr14:00000000 |gr15:40011000 |
gr16:00000003 |gr17:00000010 |gr18:00000000 |gr19:00000000 |
gr20:00000000 |gr21:00000000 |gr22:00000000 |gr23:00000000 |
gr24:00000000 |gr25:00000000 |gr26:00000000 |gr27:00000000 |
gr28:00000000 |gr29:00000000 |gr30:00000000 |gr31:00000000 |

PC : 00000942 |MCAUSE: 08000000
gr 0:00000005 |gr 1:000000ea |gr 2:800008ee |gr 3:7fffffff |
gr 4:7fffffff |gr 5:fffffffe |gr 6:fffffffe |gr 7:00000000 |
gr 8:00000000 |gr 9:00000000 |gr10:00000000 |gr11:00000000 |
gr12:00000000 |gr13:00000000 |gr14:00000000 |gr15:40011000 |
gr16:00000003 |gr17:00000010 |gr18:00000000 |gr19:00000000 |
gr20:00000000 |gr21:00000000 |gr22:00000000 |gr23:00000000 |
gr24:00000000 |gr25:00000000 |gr26:00000000 |gr27:00000000 |
gr28:00000000 |gr29:00000000 |gr30:00000000 |gr31:00000000 |

PC : 0000094a |MCAUSE: 08000000
gr 0:00000005 |gr 1:000000ea |gr 2:800008ee |gr 3:80000000 |
gr 4:7fffffff |gr 5:fffffffe |gr 6:fffffffe |gr 7:00000000 |
gr 8:00000000 |gr 9:00000000 |gr10:00000000 |gr11:00000000 |
gr12:00000000 |gr13:00000000 |gr14:00000000 |gr15:40011000 |
gr16:00000003 |gr17:00000010 |gr18:00000000 |gr19:00000000 |
gr20:00000000 |gr21:00000000 |gr22:00000000 |gr23:00000000 |
gr24:00000000 |gr25:00000000 |gr26:00000000 |gr27:00000000 |
gr28:00000000 |gr29:00000000 |gr30:00000000 |gr31:00000000 |

PC : 0000094e |MCAUSE: 08000000
gr 0:00000005 |gr 1:000000ea |gr 2:800008ee |gr 3:80000000 |
gr 4:80000000 |gr 5:fffffffe |gr 6:fffffffe |gr 7:00000000 |
gr 8:00000000 |gr 9:00000000 |gr10:00000000 |gr11:00000000 |
gr12:00000000 |gr13:00000000 |gr14:00000000 |gr15:40011000 |
gr16:00000003 |gr17:00000010 |gr18:00000000 |gr19:00000000 |
gr20:00000000 |gr21:00000000 |gr22:00000000 |gr23:00000000 |
gr24:00000000 |gr25:00000000 |gr26:00000000 |gr27:00000000 |
gr28:00000000 |gr29:00000000 |gr30:00000000 |gr31:00000000 |

PC : 00000952 |MCAUSE: 08000000
gr 0:00000005 |gr 1:000000ea |gr 2:800008ee |gr 3:80000000 |
gr 4:7fffffff |gr 5:fffffffe |gr 6:fffffffe |gr 7:00000000 |
gr 8:00000000 |gr 9:00000000 |gr10:00000000 |gr11:00000000 |
gr12:00000000 |gr13:00000000 |gr14:00000000 |gr15:40011000 |
gr16:00000003 |gr17:00000010 |gr18:00000000 |gr19:00000000 |
gr20:00000000 |gr21:00000000 |gr22:00000000 |gr23:00000000 |
gr24:00000000 |gr25:00000000 |gr26:00000000 |gr27:00000000 |
gr28:00000000 |gr29:00000000 |gr30:00000000 |gr31:00000000 |

PC : 00000956 |MCAUSE: 08000000
gr 0:00000005 |gr 1:000000ea |gr 2:800008ee |gr 3:80000000 |
gr 4:7fffffff |gr 5:00000001 |gr 6:fffffffe |gr 7:00000000 |
gr 8:00000000 |gr 9:00000000 |gr10:00000000 |gr11:00000000 |
gr12:00000000 |gr13:00000000 |gr14:00000000 |gr15:40011000 |
gr16:00000003 |gr17:00000010 |gr18:00000000 |gr19:00000000 |
gr20:00000000 |gr21:00000000 |gr22:00000000 |gr23:00000000 |
gr24:00000000 |gr25:00000000 |gr26:00000000 |gr27:00000000 |
gr28:00000000 |gr29:00000000 |gr30:00000000 |gr31:00000000 |

PC : 0000095a |MCAUSE: 08000000
gr 0:00000005 |gr 1:000000ea |gr 2:800008ee |gr 3:80000000 |
gr 4:7fffffff |gr 5:00000001 |gr 6:00000001 |gr 7:00000000 |
gr 8:00000000 |gr 9:00000000 |gr10:00000000 |gr11:00000000 |
gr12:00000000 |gr13:00000000 |gr14:00000000 |gr15:40011000 |
gr16:00000003 |gr17:00000010 |gr18:00000000 |gr19:00000000 |
gr20:00000000 |gr21:00000000 |gr22:00000000 |gr23:00000000 |
gr24:00000000 |gr25:00000000 |gr26:00000000 |gr27:00000000 |
gr28:00000000 |gr29:00000000 |gr30:00000000 |gr31:00000000 |

PC : 0000095e |MCAUSE: 08000000
gr 0:00000005 |gr 1:000000ea |gr 2:800008ee |gr 3:80000000 |
gr 4:7fffffff |gr 5:00000001 |gr 6:00000001 |gr 7:00000000 |
gr 8:00000000 |gr 9:00000000 |gr10:00000000 |gr11:00000000 |
gr12:00000000 |gr13:00000000 |gr14:00000000 |gr15:40011000 |
gr16:00000003 |gr17:00000010 |gr18:00000000 |gr19:00000000 |
gr20:00000000 |gr21:00000000 |gr22:00000000 |gr23:00000000 |
gr24:00000000 |gr25:00000000 |gr26:00000000 |gr27:00000000 |
gr28:00000000 |gr29:00000000 |gr30:00000000 |gr31:00000000 |

PC : 00000966 |MCAUSE: 08000000
gr 0:00000005 |gr 1:000000ea |gr 2:800008ee |gr 3:80000000 |
gr 4:7fffffff |gr 5:00000001 |gr 6:00000001 |gr 7:00000000 |
gr 8:00000000 |gr 9:00000000 |gr10:00000000 |gr11:00000000 |
gr12:00000000 |gr13:00000000 |gr14:00000000 |gr15:40011000 |
gr16:00000003 |gr17:00000010 |gr18:00000000 |gr19:00000000 |
gr20:00000000 |gr21:00000000 |gr22:00000000 |gr23:00000000 |
gr24:00000000 |gr25:00000000 |gr26:00000000 |gr27:00000000 |
gr28:00000000 |gr29:00000000 |gr30:00000000 |gr31:00000000 |

PC : 0000096a |MCAUSE: 08000000
gr 0:00000005 |gr 1:000000ea |gr 2:800008ee |gr 3:7fffffff |
gr 4:7fffffff |gr 5:00000001 |gr 6:00000001 |gr 7:00000000 |
gr 8:00000000 |gr 9:00000000 |gr10:00000000 |gr11:00000000 |
gr12:00000000 |gr13:00000000 |gr14:00000000 |gr15:40011000 |
gr16:00000003 |gr17:00000010 |gr18:00000000 |gr19:00000000 |
gr20:00000000 |gr21:00000000 |gr22:00000000 |gr23:00000000 |
gr24:00000000 |gr25:00000000 |gr26:00000000 |gr27:00000000 |
gr28:00000000 |gr29:00000000 |gr30:00000000 |gr31:00000000 |

PC : 0000096e |MCAUSE: 08000000
gr 0:00000005 |gr 1:000000ea |gr 2:800008ee |gr 3:7fffffff |
gr 4:80000000 |gr 5:00000001 |gr 6:00000001 |gr 7:00000000 |
gr 8:00000000 |gr 9:00000000 |gr10:00000000 |gr11:00000000 |
gr12:00000000 |gr13:00000000 |gr14:00000000 |gr15:40011000 |
gr16:00000003 |gr17:00000010 |gr18:00000000 |gr19:00000000 |
gr20:00000000 |gr21:00000000 |gr22:00000000 |gr23:00000000 |
gr24:00000000 |gr25:00000000 |gr26:00000000 |gr27:00000000 |
gr28:00000000 |gr29:00000000 |gr30:00000000 |gr31:00000000 |

PC : 00000972 |MCAUSE: 08000000
gr 0:00000005 |gr 1:000000ea |gr 2:800008ee |gr 3:7fffffff |
gr 4:80000000 |gr 5:ffffffff |gr 6:00000001 |gr 7:00000000 |
gr 8:00000000 |gr 9:00000000 |gr10:00000000 |gr11:00000000 |
gr12:00000000 |gr13:00000000 |gr14:00000000 |gr15:40011000 |
gr16:00000003 |gr17:00000010 |gr18:00000000 |gr19:00000000 |
gr20:00000000 |gr21:00000000 |gr22:00000000 |gr23:00000000 |
gr24:00000000 |gr25:00000000 |gr26:00000000 |gr27:00000000 |
gr28:00000000 |gr29:00000000 |gr30:00000000 |gr31:00000000 |

PC : 00000976 |MCAUSE: 08000000
gr 0:00000005 |gr 1:000000ea |gr 2:800008ee |gr 3:7fffffff |
gr 4:80000000 |gr 5:ffffffff |gr 6:ffffffff |gr 7:00000000 |
gr 8:00000000 |gr 9:00000000 |gr10:00000000 |gr11:00000000 |
gr12:00000000 |gr13:00000000 |gr14:00000000 |gr15:40011000 |
gr16:00000003 |gr17:00000010 |gr18:00000000 |gr19:00000000 |
gr20:00000000 |gr21:00000000 |gr22:00000000 |gr23:00000000 |
gr24:00000000 |gr25:00000000 |gr26:00000000 |gr27:00000000 |
gr28:00000000 |gr29:00000000 |gr30:00000000 |gr31:00000000 |

PC : 0000097a |MCAUSE: 08000000
gr 0:00000005 |gr 1:000000ea |gr 2:800008ee |gr 3:7fffffff |
gr 4:80000000 |gr 5:ffffffff |gr 6:ffffffff |gr 7:00000000 |
gr 8:00000000 |gr 9:00000000 |gr10:00000000 |gr11:00000000 |
gr12:00000000 |gr13:00000000 |gr14:00000000 |gr15:40011000 |
gr16:00000003 |gr17:00000010 |gr18:00000000 |gr19:00000000 |
gr20:00000000 |gr21:00000000 |gr22:00000000 |gr23:00000000 |
gr24:00000000 |gr25:00000000 |gr26:00000000 |gr27:00000000 |
gr28:00000000 |gr29:00000000 |gr30:00000000 |gr31:00000000 |

PC : 00000982 |MCAUSE: 08000000
gr 0:00000005 |gr 1:000000ea |gr 2:800008ee |gr 3:0000000f |
gr 4:80000000 |gr 5:ffffffff |gr 6:ffffffff |gr 7:00000000 |
gr 8:00000000 |gr 9:00000000 |gr10:00000000 |gr11:00000000 |
gr12:00000000 |gr13:00000000 |gr14:00000000 |gr15:40011000 |
gr16:00000003 |gr17:00000010 |gr18:00000000 |gr19:00000000 |
gr20:00000000 |gr21:00000000 |gr22:00000000 |gr23:00000000 |
gr24:00000000 |gr25:00000000 |gr26:00000000 |gr27:00000000 |
gr28:00000000 |gr29:00000000 |gr30:00000000 |gr31:00000000 |

PC : 00000986 |MCAUSE: 08000000
gr 0:00000005 |gr 1:000000ea |gr 2:800008ee |gr 3:0000000f |
gr 4:00000002 |gr 5:ffffffff |gr 6:ffffffff |gr 7:00000000 |
gr 8:00000000 |gr 9:00000000 |gr10:00000000 |gr11:00000000 |
gr12:00000000 |gr13:00000000 |gr14:00000000 |gr15:40011000 |
gr16:00000003 |gr17:00000010 |gr18:00000000 |gr19:00000000 |
gr20:00000000 |gr21:00000000 |gr22:00000000 |gr23:00000000 |
gr24:00000000 |gr25:00000000 |gr26:00000000 |gr27:00000000 |
gr28:00000000 |gr29:00000000 |gr30:00000000 |gr31:00000000 |

PC : 0000098a |MCAUSE: 08000000
gr 0:00000005 |gr 1:000000ea |gr 2:800008ee |gr 3:0000000f |
gr 4:00000002 |gr 5:0000000d |gr 6:ffffffff |gr 7:00000000 |
gr 8:00000000 |gr 9:00000000 |gr10:00000000 |gr11:00000000 |
gr12:00000000 |gr13:00000000 |gr14:00000000 |gr15:40011000 |
gr16:00000003 |gr17:00000010 |gr18:00000000 |gr19:00000000 |
gr20:00000000 |gr21:00000000 |gr22:00000000 |gr23:00000000 |
gr24:00000000 |gr25:00000000 |gr26:00000000 |gr27:00000000 |
gr28:00000000 |gr29:00000000 |gr30:00000000 |gr31:00000000 |

PC : 0000098e |MCAUSE: 08000000
gr 0:00000005 |gr 1:000000ea |gr 2:800008ee |gr 3:0000000f |
gr 4:00000002 |gr 5:0000000d |gr 6:0000000d |gr 7:00000000 |
gr 8:00000000 |gr 9:00000000 |gr10:00000000 |gr11:00000000 |
gr12:00000000 |gr13:00000000 |gr14:00000000 |gr15:40011000 |
gr16:00000003 |gr17:00000010 |gr18:00000000 |gr19:00000000 |
gr20:00000000 |gr21:00000000 |gr22:00000000 |gr23:00000000 |
gr24:00000000 |gr25:00000000 |gr26:00000000 |gr27:00000000 |
gr28:00000000 |gr29:00000000 |gr30:00000000 |gr31:00000000 |

PC : 00000992 |MCAUSE: 08000000
gr 0:00000005 |gr 1:000000ea |gr 2:800008ee |gr 3:0000000f |
gr 4:00000002 |gr 5:0000000d |gr 6:0000000d |gr 7:00000000 |
gr 8:00000000 |gr 9:00000000 |gr10:00000000 |gr11:00000000 |
gr12:00000000 |gr13:00000000 |gr14:00000000 |gr15:40011000 |
gr16:00000003 |gr17:00000010 |gr18:00000000 |gr19:00000000 |
gr20:00000000 |gr21:00000000 |gr22:00000000 |gr23:00000000 |
gr24:00000000 |gr25:00000000 |gr26:00000000 |gr27:00000000 |
gr28:00000000 |gr29:00000000 |gr30:00000000 |gr31:00000000 |

PC : 0000099a |MCAUSE: 08000000
gr 0:00000005 |gr 1:000000ea |gr 2:800008ee |gr 3:00000001 |
gr 4:00000002 |gr 5:0000000d |gr 6:0000000d |gr 7:00000000 |
gr 8:00000000 |gr 9:00000000 |gr10:00000000 |gr11:00000000 |
gr12:00000000 |gr13:00000000 |gr14:00000000 |gr15:40011000 |
gr16:00000003 |gr17:00000010 |gr18:00000000 |gr19:00000000 |
gr20:00000000 |gr21:00000000 |gr22:00000000 |gr23:00000000 |
gr24:00000000 |gr25:00000000 |gr26:00000000 |gr27:00000000 |
gr28:00000000 |gr29:00000000 |gr30:00000000 |gr31:00000000 |

PC : 0000099e |MCAUSE: 08000000
gr 0:00000005 |gr 1:000000ea |gr 2:800008ee |gr 3:00000001 |
gr 4:00000000 |gr 5:0000000d |gr 6:0000000d |gr 7:00000000 |
gr 8:00000000 |gr 9:00000000 |gr10:00000000 |gr11:00000000 |
gr12:00000000 |gr13:00000000 |gr14:00000000 |gr15:40011000 |
gr16:00000003 |gr17:00000010 |gr18:00000000 |gr19:00000000 |
gr20:00000000 |gr21:00000000 |gr22:00000000 |gr23:00000000 |
gr24:00000000 |gr25:00000000 |gr26:00000000 |gr27:00000000 |
gr28:00000000 |gr29:00000000 |gr30:00000000 |gr31:00000000 |

PC : 000009a2 |MCAUSE: 08000000
gr 0:00000005 |gr 1:000000ea |gr 2:800008ee |gr 3:00000001 |
gr 4:00000000 |gr 5:80000000 |gr 6:0000000d |gr 7:00000000 |
gr 8:00000000 |gr 9:00000000 |gr10:00000000 |gr11:00000000 |
gr12:00000000 |gr13:00000000 |gr14:00000000 |gr15:40011000 |
gr16:00000003 |gr17:00000010 |gr18:00000000 |gr19:00000000 |
gr20:00000000 |gr21:00000000 |gr22:00000000 |gr23:00000000 |
gr24:00000000 |gr25:00000000 |gr26:00000000 |gr27:00000000 |
gr28:00000000 |gr29:00000000 |gr30:00000000 |gr31:00000000 |

PC : 000009a6 |MCAUSE: 08000000
gr 0:00000005 |gr 1:000000ea |gr 2:800008ee |gr 3:00000001 |
gr 4:00000000 |gr 5:80000000 |gr 6:ffffffff |gr 7:00000000 |
gr 8:00000000 |gr 9:00000000 |gr10:00000000 |gr11:00000000 |
gr12:00000000 |gr13:00000000 |gr14:00000000 |gr15:40011000 |
gr16:00000003 |gr17:00000010 |gr18:00000000 |gr19:00000000 |
gr20:00000000 |gr21:00000000 |gr22:00000000 |gr23:00000000 |
gr24:00000000 |gr25:00000000 |gr26:00000000 |gr27:00000000 |
gr28:00000000 |gr29:00000000 |gr30:00000000 |gr31:00000000 |

PC : 000009aa |MCAUSE: 08000000
gr 0:00000005 |gr 1:000000ea |gr 2:800008ee |gr 3:00000001 |
gr 4:00000000 |gr 5:80000000 |gr 6:ffffffff |gr 7:00000000 |
gr 8:fffffffe |gr 9:00000000 |gr10:00000000 |gr11:00000000 |
gr12:00000000 |gr13:00000000 |gr14:00000000 |gr15:40011000 |
gr16:00000003 |gr17:00000010 |gr18:00000000 |gr19:00000000 |
gr20:00000000 |gr21:00000000 |gr22:00000000 |gr23:00000000 |
gr24:00000000 |gr25:00000000 |gr26:00000000 |gr27:00000000 |
gr28:00000000 |gr29:00000000 |gr30:00000000 |gr31:00000000 |

PC : 000009ae |MCAUSE: 08000000
gr 0:00000005 |gr 1:000000ea |gr 2:800008ee |gr 3:00000001 |
gr 4:00000000 |gr 5:80000000 |gr 6:ffffffff |gr 7:00000000 |
gr 8:fffffffe |gr 9:00000000 |gr10:00000000 |gr11:00000000 |
gr12:00000000 |gr13:00000000 |gr14:00000000 |gr15:40011000 |
gr16:00000003 |gr17:00000010 |gr18:00000000 |gr19:00000000 |
gr20:00000000 |gr21:00000000 |gr22:00000000 |gr23:00000000 |
gr24:00000000 |gr25:00000000 |gr26:00000000 |gr27:00000000 |
gr28:00000000 |gr29:00000000 |gr30:00000000 |gr31:00000000 |

PC : 000009b2 |MCAUSE: 08000000
gr 0:00000005 |gr 1:000000ea |gr 2:800008ee |gr 3:00000001 |
gr 4:00000000 |gr 5:80000000 |gr 6:ffffffff |gr 7:00000000 |
gr 8:fffffffe |gr 9:00000000 |gr10:00000000 |gr11:00000000 |
gr12:00000000 |gr13:00000000 |gr14:00000000 |gr15:40011000 |
gr16:00000003 |gr17:00000010 |gr18:00000000 |gr19:00000000 |
gr20:00000000 |gr21:00000000 |gr22:00000000 |gr23:00000000 |
gr24:00000000 |gr25:00000000 |gr26:00000000 |gr27:00000000 |
gr28:00000000 |gr29:00000000 |gr30:00000000 |gr31:00000000 |

PC : 000009ba |MCAUSE: 08000000
gr 0:00000005 |gr 1:000000ea |gr 2:800008ee |gr 3:00000001 |
gr 4:00000000 |gr 5:80000000 |gr 6:ffffffff |gr 7:00000000 |
gr 8:fffffffe |gr 9:00000000 |gr10:00000000 |gr11:00000000 |
gr12:00000000 |gr13:00000000 |gr14:00000000 |gr15:40011000 |
gr16:00000003 |gr17:00000010 |gr18:00000000 |gr19:00000000 |
gr20:00000000 |gr21:00000000 |gr22:00000000 |gr23:00000000 |
gr24:00000000 |gr25:00000000 |gr26:00000000 |gr27:00000000 |
gr28:00000000 |gr29:00000000 |gr30:00000000 |gr31:00000000 |

PC : 000009be |MCAUSE: 08000000
gr 0:00000005 |gr 1:000000ea |gr 2:800008ee |gr 3:00000001 |
gr 4:00000000 |gr 5:80000000 |gr 6:ffffffff |gr 7:00000000 |
gr 8:fffffffe |gr 9:00000000 |gr10:00000000 |gr11:00000000 |
gr12:00000000 |gr13:00000000 |gr14:00000000 |gr15:40011000 |
gr16:00000003 |gr17:00000010 |gr18:00000000 |gr19:00000000 |
gr20:00000000 |gr21:00000000 |gr22:00000000 |gr23:00000000 |
gr24:00000000 |gr25:00000000 |gr26:00000000 |gr27:00000000 |
gr28:00000000 |gr29:00000000 |gr30:00000000 |gr31:00000000 |

PC : 000009c6 |MCAUSE: 08000000
gr 0:00000005 |gr 1:000000ea |gr 2:800008ee |gr 3:00000001 |
gr 4:00000000 |gr 5:80000000 |gr 6:ffffffff |gr 7:00000001 |
gr 8:fffffffe |gr 9:00000000 |gr10:00000000 |gr11:00000000 |
gr12:00000000 |gr13:00000000 |gr14:00000000 |gr15:40011000 |
gr16:00000003 |gr17:00000010 |gr18:00000000 |gr19:00000000 |
gr20:00000000 |gr21:00000000 |gr22:00000000 |gr23:00000000 |
gr24:00000000 |gr25:00000000 |gr26:00000000 |gr27:00000000 |
gr28:00000000 |gr29:00000000 |gr30:00000000 |gr31:00000000 |

PC : 000009ca |MCAUSE: 08000000
gr 0:00000005 |gr 1:000000ea |gr 2:800008ee |gr 3:00000001 |
gr 4:00000000 |gr 5:80000000 |gr 6:ffffffff |gr 7:00000001 |
gr 8:fffffffe |gr 9:00000000 |gr10:00000000 |gr11:00000000 |
gr12:00000000 |gr13:00000000 |gr14:00000000 |gr15:40011000 |
gr16:00000003 |gr17:00000010 |gr18:00000000 |gr19:00000000 |
gr20:00000000 |gr21:00000000 |gr22:00000000 |gr23:00000000 |
gr24:00000000 |gr25:00000000 |gr26:00000000 |gr27:00000000 |
gr28:00000000 |gr29:00000000 |gr30:00000000 |gr31:00000000 |

PC : 000009d2 |MCAUSE: 08000000
gr 0:00000005 |gr 1:000000ea |gr 2:800008ee |gr 3:00000001 |
gr 4:00000000 |gr 5:80000000 |gr 6:ffffffff |gr 7:00000001 |
gr 8:fffffffe |gr 9:00000000 |gr10:00000000 |gr11:00000000 |
gr12:00000000 |gr13:00000000 |gr14:00000000 |gr15:40011000 |
gr16:00000003 |gr17:00000010 |gr18:00000000 |gr19:00000000 |
gr20:00000000 |gr21:00000000 |gr22:00000000 |gr23:00000000 |
gr24:00000000 |gr25:00000000 |gr26:00000000 |gr27:00000000 |
gr28:00000000 |gr29:00000000 |gr30:00000000 |gr31:00000000 |

PC : 000009d6 |MCAUSE: 08000000
gr 0:00000005 |gr 1:000000ea |gr 2:800008ee |gr 3:00000001 |
gr 4:00000000 |gr 5:80000000 |gr 6:ffffffff |gr 7:00000001 |
gr 8:fffffffe |gr 9:00000000 |gr10:00000000 |gr11:00000000 |
gr12:00000000 |gr13:00000000 |gr14:00000000 |gr15:40011000 |
gr16:00000003 |gr17:00000010 |gr18:00000000 |gr19:00000000 |
gr20:00000000 |gr21:00000000 |gr22:00000000 |gr23:00000000 |
gr24:00000000 |gr25:00000000 |gr26:00000000 |gr27:00000000 |
gr28:00000000 |gr29:00000000 |gr30:00000000 |gr31:00000000 |

PC : 000009de |MCAUSE: 08000000
gr 0:00000005 |gr 1:000000ea |gr 2:800008ee |gr 3:00000001 |
gr 4:00000000 |gr 5:80000000 |gr 6:ffffffff |gr 7:00000000 |
gr 8:fffffffe |gr 9:00000000 |gr10:00000000 |gr11:00000000 |
gr12:00000000 |gr13:00000000 |gr14:00000000 |gr15:40011000 |
gr16:00000003 |gr17:00000010 |gr18:00000000 |gr19:00000000 |
gr20:00000000 |gr21:00000000 |gr22:00000000 |gr23:00000000 |
gr24:00000000 |gr25:00000000 |gr26:00000000 |gr27:00000000 |
gr28:00000000 |gr29:00000000 |gr30:00000000 |gr31:00000000 |

PC : 000009e2 |MCAUSE: 08000000
gr 0:00000005 |gr 1:000000ea |gr 2:800008ee |gr 3:00000001 |
gr 4:00000000 |gr 5:80000000 |gr 6:ffffffff |gr 7:00000000 |
gr 8:fffffffe |gr 9:00000000 |gr10:00000000 |gr11:00000000 |
gr12:00000000 |gr13:00000000 |gr14:00000000 |gr15:40011000 |
gr16:00000003 |gr17:00000010 |gr18:00000000 |gr19:00000000 |
gr20:00000000 |gr21:00000000 |gr22:00000000 |gr23:00000000 |
gr24:00000000 |gr25:00000000 |gr26:00000000 |gr27:00000000 |
gr28:00000000 |gr29:00000000 |gr30:00000000 |gr31:00000000 |

PC : 000009ea |MCAUSE: 08000000
gr 0:00000005 |gr 1:000000ea |gr 2:800008ee |gr 3:00000001 |
gr 4:00000000 |gr 5:80000000 |gr 6:ffffffff |gr 7:00000000 |
gr 8:fffffffe |gr 9:00000000 |gr10:00000000 |gr11:00000000 |
gr12:00000000 |gr13:00000000 |gr14:00000000 |gr15:40011000 |
gr16:00000003 |gr17:00000010 |gr18:00000000 |gr19:00000000 |
gr20:00000000 |gr21:00000000 |gr22:00000000 |gr23:00000000 |
gr24:00000000 |gr25:00000000 |gr26:00000000 |gr27:00000000 |
gr28:00000000 |gr29:00000000 |gr30:00000000 |gr31:00000000 |

PC : 000009ee |MCAUSE: 08000000
gr 0:00000005 |gr 1:000000ea |gr 2:800008ee |gr 3:00000001 |
gr 4:00000000 |gr 5:80000000 |gr 6:ffffffff |gr 7:00000000 |
gr 8:fffffffe |gr 9:00000000 |gr10:00000000 |gr11:00000000 |
gr12:00000000 |gr13:00000000 |gr14:00000000 |gr15:40011000 |
gr16:00000003 |gr17:00000010 |gr18:00000000 |gr19:00000000 |
gr20:00000000 |gr21:00000000 |gr22:00000000 |gr23:00000000 |
gr24:00000000 |gr25:00000000 |gr26:00000000 |gr27:00000000 |
gr28:00000000 |gr29:00000000 |gr30:00000000 |gr31:00000000 |

PC : 000009f2 |MCAUSE: 08000000
gr 0:00000005 |gr 1:000000ea |gr 2:800008ee |gr 3:00000001 |
gr 4:00000000 |gr 5:80000000 |gr 6:ffffffff |gr 7:00000000 |
gr 8:fffffffe |gr 9:00000000 |gr10:00000000 |gr11:00000000 |
gr12:00000000 |gr13:00000000 |gr14:00000000 |gr15:40011000 |
gr16:00000003 |gr17:00000010 |gr18:00000000 |gr19:00000000 |
gr20:00000000 |gr21:00000000 |gr22:00000000 |gr23:00000000 |
gr24:00000000 |gr25:00000000 |gr26:00000000 |gr27:00000000 |
gr28:00000000 |gr29:00000000 |gr30:00000000 |gr31:00000000 |

PC : 000009f6 |MCAUSE: 08000000
gr 0:00000005 |gr 1:000000ea |gr 2:800008ee |gr 3:00000001 |
gr 4:00000000 |gr 5:80000000 |gr 6:ffffffff |gr 7:00000000 |
gr 8:fffffffe |gr 9:00000000 |gr10:00000000 |gr11:00000000 |
gr12:00000000 |gr13:00000000 |gr14:00000000 |gr15:40011000 |
gr16:00000003 |gr17:00000010 |gr18:00000000 |gr19:00000000 |
gr20:00000000 |gr21:00000000 |gr22:00000000 |gr23:00000000 |
gr24:00000000 |gr25:00000000 |gr26:00000000 |gr27:00000000 |
gr28:00000000 |gr29:00000000 |gr30:00000000 |gr31:00000000 |

PC : 000009fa |MCAUSE: 08000000
gr 0:00000005 |gr 1:000000ea |gr 2:800008ee |gr 3:00000001 |
gr 4:00000000 |gr 5:80000000 |gr 6:ffffffff |gr 7:00000000 |
gr 8:fffffffe |gr 9:00000000 |gr10:00000000 |gr11:00000000 |
gr12:00000000 |gr13:00000000 |gr14:00000000 |gr15:40011000 |
gr16:00000003 |gr17:00000010 |gr18:00000000 |gr19:00000000 |
gr20:00000000 |gr21:00000000 |gr22:00000000 |gr23:00000000 |
gr24:00000000 |gr25:00000000 |gr26:00000000 |gr27:00000000 |
gr28:00000000 |gr29:00000000 |gr30:00000000 |gr31:00000000 |

PC : 000009fe |MCAUSE: 08000000
gr 0:00000005 |gr 1:000000ea |gr 2:800008ee |gr 3:00000001 |
gr 4:00000000 |gr 5:80000000 |gr 6:ffffffff |gr 7:00000000 |
gr 8:fffffffe |gr 9:00000000 |gr10:00000000 |gr11:00000000 |
gr12:00000000 |gr13:00000000 |gr14:00000000 |gr15:40011000 |
gr16:00000003 |gr17:00000010 |gr18:00000000 |gr19:00000000 |
gr20:00000000 |gr21:00000000 |gr22:00000000 |gr23:00000000 |
gr24:00000000 |gr25:00000000 |gr26:00000000 |gr27:00000000 |
gr28:00000000 |gr29:00000000 |gr30:00000000 |gr31:00000000 |

PC : 00000a06 |MCAUSE: 08000000
gr 0:00000005 |gr 1:000000ea |gr 2:800008ee |gr 3:00000001 |
gr 4:00000000 |gr 5:80000000 |gr 6:ffffffff |gr 7:00000000 |
gr 8:fffffffe |gr 9:00000000 |gr10:00000000 |gr11:00000000 |
gr12:00000000 |gr13:00000000 |gr14:00000000 |gr15:40011000 |
gr16:00000003 |gr17:00000010 |gr18:00000000 |gr19:00000000 |
gr20:00000000 |gr21:00000000 |gr22:00000000 |gr23:00000000 |
gr24:00000000 |gr25:00000000 |gr26:00000000 |gr27:00000000 |
gr28:00000000 |gr29:00000000 |gr30:00000000 |gr31:00000000 |

PC : 00000a0a |MCAUSE: 08000000
gr 0:00000005 |gr 1:000000ea |gr 2:800008ee |gr 3:00000001 |
gr 4:00000000 |gr 5:80000000 |gr 6:ffffffff |gr 7:00000000 |
gr 8:fffffffe |gr 9:00000000 |gr10:00000000 |gr11:00000000 |
gr12:00000000 |gr13:00000000 |gr14:00000000 |gr15:40011000 |
gr16:00000003 |gr17:00000010 |gr18:00000000 |gr19:00000000 |
gr20:00000000 |gr21:00000000 |gr22:00000000 |gr23:00000000 |
gr24:00000000 |gr25:00000000 |gr26:00000000 |gr27:00000000 |
gr28:00000000 |gr29:00000000 |gr30:00000000 |gr31:00000000 |

PC : 00000a12 |MCAUSE: 08000000
gr 0:00000005 |gr 1:000000ea |gr 2:800008ee |gr 3:00000001 |
gr 4:00000000 |gr 5:80000000 |gr 6:ffffffff |gr 7:00000001 |
gr 8:fffffffe |gr 9:00000000 |gr10:00000000 |gr11:00000000 |
gr12:00000000 |gr13:00000000 |gr14:00000000 |gr15:40011000 |
gr16:00000003 |gr17:00000010 |gr18:00000000 |gr19:00000000 |
gr20:00000000 |gr21:00000000 |gr22:00000000 |gr23:00000000 |
gr24:00000000 |gr25:00000000 |gr26:00000000 |gr27:00000000 |
gr28:00000000 |gr29:00000000 |gr30:00000000 |gr31:00000000 |

PC : 00000a16 |MCAUSE: 08000000
gr 0:00000005 |gr 1:000000ea |gr 2:800008ee |gr 3:00000001 |
gr 4:00000000 |gr 5:80000000 |gr 6:ffffffff |gr 7:00000001 |
gr 8:fffffffe |gr 9:00000000 |gr10:00000000 |gr11:00000000 |
gr12:00000000 |gr13:00000000 |gr14:00000000 |gr15:40011000 |
gr16:00000003 |gr17:00000010 |gr18:00000000 |gr19:00000000 |
gr20:00000000 |gr21:00000000 |gr22:00000000 |gr23:00000000 |
gr24:00000000 |gr25:00000000 |gr26:00000000 |gr27:00000000 |
gr28:00000000 |gr29:00000000 |gr30:00000000 |gr31:00000000 |

PC : 00000a1e |MCAUSE: 08000000
gr 0:00000005 |gr 1:000000ea |gr 2:800008ee |gr 3:00000001 |
gr 4:00000000 |gr 5:80000000 |gr 6:ffffffff |gr 7:00000000 |
gr 8:fffffffe |gr 9:00000000 |gr10:00000000 |gr11:00000000 |
gr12:00000000 |gr13:00000000 |gr14:00000000 |gr15:40011000 |
gr16:00000003 |gr17:00000010 |gr18:00000000 |gr19:00000000 |
gr20:00000000 |gr21:00000000 |gr22:00000000 |gr23:00000000 |
gr24:00000000 |gr25:00000000 |gr26:00000000 |gr27:00000000 |
gr28:00000000 |gr29:00000000 |gr30:00000000 |gr31:00000000 |

PC : 00000a22 |MCAUSE: 08000000
gr 0:00000005 |gr 1:000000ea |gr 2:800008ee |gr 3:00000001 |
gr 4:00000000 |gr 5:80000000 |gr 6:ffffffff |gr 7:00000000 |
gr 8:fffffffe |gr 9:00000000 |gr10:00000000 |gr11:00000000 |
gr12:00000000 |gr13:00000000 |gr14:00000000 |gr15:40011000 |
gr16:00000003 |gr17:00000010 |gr18:00000000 |gr19:00000000 |
gr20:00000000 |gr21:00000000 |gr22:00000000 |gr23:00000000 |
gr24:00000000 |gr25:00000000 |gr26:00000000 |gr27:00000000 |
gr28:00000000 |gr29:00000000 |gr30:00000000 |gr31:00000000 |

PC : 00000a2a |MCAUSE: 08000000
gr 0:00000005 |gr 1:000000ea |gr 2:800008ee |gr 3:00000000 |
gr 4:00000000 |gr 5:80000000 |gr 6:ffffffff |gr 7:00000000 |
gr 8:fffffffe |gr 9:00000000 |gr10:00000000 |gr11:00000000 |
gr12:00000000 |gr13:00000000 |gr14:00000000 |gr15:40011000 |
gr16:00000003 |gr17:00000010 |gr18:00000000 |gr19:00000000 |
gr20:00000000 |gr21:00000000 |gr22:00000000 |gr23:00000000 |
gr24:00000000 |gr25:00000000 |gr26:00000000 |gr27:00000000 |
gr28:00000000 |gr29:00000000 |gr30:00000000 |gr31:00000000 |

PC : 00000a2e |MCAUSE: 08000000
gr 0:00000005 |gr 1:000000ea |gr 2:800008ee |gr 3:00000000 |
gr 4:ffffffff |gr 5:80000000 |gr 6:ffffffff |gr 7:00000000 |
gr 8:fffffffe |gr 9:00000000 |gr10:00000000 |gr11:00000000 |
gr12:00000000 |gr13:00000000 |gr14:00000000 |gr15:40011000 |
gr16:00000003 |gr17:00000010 |gr18:00000000 |gr19:00000000 |
gr20:00000000 |gr21:00000000 |gr22:00000000 |gr23:00000000 |
gr24:00000000 |gr25:00000000 |gr26:00000000 |gr27:00000000 |
gr28:00000000 |gr29:00000000 |gr30:00000000 |gr31:00000000 |

PC : 00000a32 |MCAUSE: 08000000
gr 0:00000005 |gr 1:000000ea |gr 2:800008ee |gr 3:00000000 |
gr 4:ffffffff |gr 5:abcdb000 |gr 6:ffffffff |gr 7:00000000 |
gr 8:fffffffe |gr 9:00000000 |gr10:00000000 |gr11:00000000 |
gr12:00000000 |gr13:00000000 |gr14:00000000 |gr15:40011000 |
gr16:00000003 |gr17:00000010 |gr18:00000000 |gr19:00000000 |
gr20:00000000 |gr21:00000000 |gr22:00000000 |gr23:00000000 |
gr24:00000000 |gr25:00000000 |gr26:00000000 |gr27:00000000 |
gr28:00000000 |gr29:00000000 |gr30:00000000 |gr31:00000000 |

PC : 00000a36 |MCAUSE: 08000000
gr 0:00000005 |gr 1:000000ea |gr 2:800008ee |gr 3:00000000 |
gr 4:ffffffff |gr 5:abcdabcd |gr 6:ffffffff |gr 7:00000000 |
gr 8:fffffffe |gr 9:00000000 |gr10:00000000 |gr11:00000000 |
gr12:00000000 |gr13:00000000 |gr14:00000000 |gr15:40011000 |
gr16:00000003 |gr17:00000010 |gr18:00000000 |gr19:00000000 |
gr20:00000000 |gr21:00000000 |gr22:00000000 |gr23:00000000 |
gr24:00000000 |gr25:00000000 |gr26:00000000 |gr27:00000000 |
gr28:00000000 |gr29:00000000 |gr30:00000000 |gr31:00000000 |

PC : 00000a3a |MCAUSE: 08000000
gr 0:00000005 |gr 1:000000ea |gr 2:800008ee |gr 3:00000000 |
gr 4:ffffffff |gr 5:abcdabcd |gr 6:abcdabcd |gr 7:00000000 |
gr 8:fffffffe |gr 9:00000000 |gr10:00000000 |gr11:00000000 |
gr12:00000000 |gr13:00000000 |gr14:00000000 |gr15:40011000 |
gr16:00000003 |gr17:00000010 |gr18:00000000 |gr19:00000000 |
gr20:00000000 |gr21:00000000 |gr22:00000000 |gr23:00000000 |
gr24:00000000 |gr25:00000000 |gr26:00000000 |gr27:00000000 |
gr28:00000000 |gr29:00000000 |gr30:00000000 |gr31:00000000 |

PC : 00000a3e |MCAUSE: 08000000
gr 0:00000005 |gr 1:000000ea |gr 2:800008ee |gr 3:00000000 |
gr 4:ffffffff |gr 5:abcdabcd |gr 6:abcdabcd |gr 7:00000000 |
gr 8:fffffffe |gr 9:00000000 |gr10:00000000 |gr11:00000000 |
gr12:00000000 |gr13:00000000 |gr14:00000000 |gr15:40011000 |
gr16:00000003 |gr17:00000010 |gr18:00000000 |gr19:00000000 |
gr20:00000000 |gr21:00000000 |gr22:00000000 |gr23:00000000 |
gr24:00000000 |gr25:00000000 |gr26:00000000 |gr27:00000000 |
gr28:00000000 |gr29:00000000 |gr30:00000000 |gr31:00000000 |

PC : 00000a46 |MCAUSE: 08000000
gr 0:00000005 |gr 1:000000ea |gr 2:800008ee |gr 3:00000000 |
gr 4:ffffffff |gr 5:abcdb000 |gr 6:abcdabcd |gr 7:00000000 |
gr 8:fffffffe |gr 9:00000000 |gr10:00000000 |gr11:00000000 |
gr12:00000000 |gr13:00000000 |gr14:00000000 |gr15:40011000 |
gr16:00000003 |gr17:00000010 |gr18:00000000 |gr19:00000000 |
gr20:00000000 |gr21:00000000 |gr22:00000000 |gr23:00000000 |
gr24:00000000 |gr25:00000000 |gr26:00000000 |gr27:00000000 |
gr28:00000000 |gr29:00000000 |gr30:00000000 |gr31:00000000 |

PC : 00000a4a |MCAUSE: 08000000
gr 0:00000005 |gr 1:000000ea |gr 2:800008ee |gr 3:00000000 |
gr 4:ffffffff |gr 5:abcdabcd |gr 6:abcdabcd |gr 7:00000000 |
gr 8:fffffffe |gr 9:00000000 |gr10:00000000 |gr11:00000000 |
gr12:00000000 |gr13:00000000 |gr14:00000000 |gr15:40011000 |
gr16:00000003 |gr17:00000010 |gr18:00000000 |gr19:00000000 |
gr20:00000000 |gr21:00000000 |gr22:00000000 |gr23:00000000 |
gr24:00000000 |gr25:00000000 |gr26:00000000 |gr27:00000000 |
gr28:00000000 |gr29:00000000 |gr30:00000000 |gr31:00000000 |

PC : 00000a4e |MCAUSE: 08000000
gr 0:00000005 |gr 1:000000ea |gr 2:800008ee |gr 3:00000000 |
gr 4:ffffffff |gr 5:abcdabcd |gr 6:00000000 |gr 7:00000000 |
gr 8:fffffffe |gr 9:00000000 |gr10:00000000 |gr11:00000000 |
gr12:00000000 |gr13:00000000 |gr14:00000000 |gr15:40011000 |
gr16:00000003 |gr17:00000010 |gr18:00000000 |gr19:00000000 |
gr20:00000000 |gr21:00000000 |gr22:00000000 |gr23:00000000 |
gr24:00000000 |gr25:00000000 |gr26:00000000 |gr27:00000000 |
gr28:00000000 |gr29:00000000 |gr30:00000000 |gr31:00000000 |

PC : 00000a52 |MCAUSE: 08000000
gr 0:00000005 |gr 1:000000ea |gr 2:800008ee |gr 3:00000000 |
gr 4:ffffffff |gr 5:abcdabcd |gr 6:00000000 |gr 7:00000000 |
gr 8:fffffffe |gr 9:00000000 |gr10:00000000 |gr11:00000000 |
gr12:00000000 |gr13:00000000 |gr14:00000000 |gr15:40011000 |
gr16:00000003 |gr17:00000010 |gr18:00000000 |gr19:00000000 |
gr20:00000000 |gr21:00000000 |gr22:00000000 |gr23:00000000 |
gr24:00000000 |gr25:00000000 |gr26:00000000 |gr27:00000000 |
gr28:00000000 |gr29:00000000 |gr30:00000000 |gr31:00000000 |

PC : 00000a5a |MCAUSE: 08000000
gr 0:00000005 |gr 1:000000ea |gr 2:800008ee |gr 3:00000000 |
gr 4:ffffffff |gr 5:abcdabcd |gr 6:00000000 |gr 7:00000000 |
gr 8:fffffffe |gr 9:00000000 |gr10:00000000 |gr11:00000000 |
gr12:00000000 |gr13:00000000 |gr14:00000000 |gr15:40011000 |
gr16:00000003 |gr17:00000010 |gr18:00000000 |gr19:00000000 |
gr20:00000000 |gr21:00000000 |gr22:00000000 |gr23:00000000 |
gr24:00000000 |gr25:00000000 |gr26:00000000 |gr27:00000000 |
gr28:00000000 |gr29:00000000 |gr30:00000000 |gr31:00000000 |

PC : 00000a5e |MCAUSE: 08000000
gr 0:00000005 |gr 1:000000ea |gr 2:800008ee |gr 3:00000000 |
gr 4:ffffffff |gr 5:abcdabcd |gr 6:00000000 |gr 7:00000000 |
gr 8:fffffffe |gr 9:00000000 |gr10:00000000 |gr11:00000000 |
gr12:00000000 |gr13:00000000 |gr14:00000000 |gr15:40011000 |
gr16:00000003 |gr17:00000010 |gr18:00000000 |gr19:00000000 |
gr20:00000000 |gr21:00000000 |gr22:00000000 |gr23:00000000 |
gr24:00000000 |gr25:00000000 |gr26:00000000 |gr27:00000000 |
gr28:00000000 |gr29:00000000 |gr30:00000000 |gr31:00000000 |

PC : 00000a62 |MCAUSE: 08000000
gr 0:00000005 |gr 1:000000ea |gr 2:800008ee |gr 3:00000000 |
gr 4:ffffffff |gr 5:abcdb000 |gr 6:00000000 |gr 7:00000000 |
gr 8:fffffffe |gr 9:00000000 |gr10:00000000 |gr11:00000000 |
gr12:00000000 |gr13:00000000 |gr14:00000000 |gr15:40011000 |
gr16:00000003 |gr17:00000010 |gr18:00000000 |gr19:00000000 |
gr20:00000000 |gr21:00000000 |gr22:00000000 |gr23:00000000 |
gr24:00000000 |gr25:00000000 |gr26:00000000 |gr27:00000000 |
gr28:00000000 |gr29:00000000 |gr30:00000000 |gr31:00000000 |

PC : 00000a66 |MCAUSE: 08000000
gr 0:00000005 |gr 1:000000ea |gr 2:800008ee |gr 3:00000000 |
gr 4:ffffffff |gr 5:abcdabcd |gr 6:00000000 |gr 7:00000000 |
gr 8:fffffffe |gr 9:00000000 |gr10:00000000 |gr11:00000000 |
gr12:00000000 |gr13:00000000 |gr14:00000000 |gr15:40011000 |
gr16:00000003 |gr17:00000010 |gr18:00000000 |gr19:00000000 |
gr20:00000000 |gr21:00000000 |gr22:00000000 |gr23:00000000 |
gr24:00000000 |gr25:00000000 |gr26:00000000 |gr27:00000000 |
gr28:00000000 |gr29:00000000 |gr30:00000000 |gr31:00000000 |

PC : 00000a6a |MCAUSE: 08000000
gr 0:00000005 |gr 1:000000ea |gr 2:800008ee |gr 3:00000000 |
gr 4:ffffffff |gr 5:abcdabcd |gr 6:ffffffff |gr 7:00000000 |
gr 8:fffffffe |gr 9:00000000 |gr10:00000000 |gr11:00000000 |
gr12:00000000 |gr13:00000000 |gr14:00000000 |gr15:40011000 |
gr16:00000003 |gr17:00000010 |gr18:00000000 |gr19:00000000 |
gr20:00000000 |gr21:00000000 |gr22:00000000 |gr23:00000000 |
gr24:00000000 |gr25:00000000 |gr26:00000000 |gr27:00000000 |
gr28:00000000 |gr29:00000000 |gr30:00000000 |gr31:00000000 |

PC : 00000a6e |MCAUSE: 08000000
gr 0:00000005 |gr 1:000000ea |gr 2:800008ee |gr 3:00000000 |
gr 4:ffffffff |gr 5:abcdabcd |gr 6:ffffffff |gr 7:00000000 |
gr 8:fffffffe |gr 9:00000000 |gr10:00000000 |gr11:00000000 |
gr12:00000000 |gr13:00000000 |gr14:00000000 |gr15:40011000 |
gr16:00000003 |gr17:00000010 |gr18:00000000 |gr19:00000000 |
gr20:00000000 |gr21:00000000 |gr22:00000000 |gr23:00000000 |
gr24:00000000 |gr25:00000000 |gr26:00000000 |gr27:00000000 |
gr28:00000000 |gr29:00000000 |gr30:00000000 |gr31:00000000 |

PC : 00000a76 |MCAUSE: 08000000
gr 0:00000005 |gr 1:000000ea |gr 2:800008ee |gr 3:00000000 |
gr 4:ffffffff |gr 5:abcdb000 |gr 6:ffffffff |gr 7:00000000 |
gr 8:fffffffe |gr 9:00000000 |gr10:00000000 |gr11:00000000 |
gr12:00000000 |gr13:00000000 |gr14:00000000 |gr15:40011000 |
gr16:00000003 |gr17:00000010 |gr18:00000000 |gr19:00000000 |
gr20:00000000 |gr21:00000000 |gr22:00000000 |gr23:00000000 |
gr24:00000000 |gr25:00000000 |gr26:00000000 |gr27:00000000 |
gr28:00000000 |gr29:00000000 |gr30:00000000 |gr31:00000000 |

PC : 00000a7a |MCAUSE: 08000000
gr 0:00000005 |gr 1:000000ea |gr 2:800008ee |gr 3:00000000 |
gr 4:ffffffff |gr 5:abcdabcd |gr 6:ffffffff |gr 7:00000000 |
gr 8:fffffffe |gr 9:00000000 |gr10:00000000 |gr11:00000000 |
gr12:00000000 |gr13:00000000 |gr14:00000000 |gr15:40011000 |
gr16:00000003 |gr17:00000010 |gr18:00000000 |gr19:00000000 |
gr20:00000000 |gr21:00000000 |gr22:00000000 |gr23:00000000 |
gr24:00000000 |gr25:00000000 |gr26:00000000 |gr27:00000000 |
gr28:00000000 |gr29:00000000 |gr30:00000000 |gr31:00000000 |

PC : 00000a7e |MCAUSE: 08000000
gr 0:00000005 |gr 1:000000ea |gr 2:800008ee |gr 3:00000000 |
gr 4:ffffffff |gr 5:abcdabcd |gr 6:abcdabcd |gr 7:00000000 |
gr 8:fffffffe |gr 9:00000000 |gr10:00000000 |gr11:00000000 |
gr12:00000000 |gr13:00000000 |gr14:00000000 |gr15:40011000 |
gr16:00000003 |gr17:00000010 |gr18:00000000 |gr19:00000000 |
gr20:00000000 |gr21:00000000 |gr22:00000000 |gr23:00000000 |
gr24:00000000 |gr25:00000000 |gr26:00000000 |gr27:00000000 |
gr28:00000000 |gr29:00000000 |gr30:00000000 |gr31:00000000 |

PC : 00000a82 |MCAUSE: 08000000
gr 0:00000005 |gr 1:000000ea |gr 2:800008ee |gr 3:00000000 |
gr 4:ffffffff |gr 5:abcdabcd |gr 6:abcdabcd |gr 7:00000000 |
gr 8:fffffffe |gr 9:00000000 |gr10:00000000 |gr11:00000000 |
gr12:00000000 |gr13:00000000 |gr14:00000000 |gr15:40011000 |
gr16:00000003 |gr17:00000010 |gr18:00000000 |gr19:00000000 |
gr20:00000000 |gr21:00000000 |gr22:00000000 |gr23:00000000 |
gr24:00000000 |gr25:00000000 |gr26:00000000 |gr27:00000000 |
gr28:00000000 |gr29:00000000 |gr30:00000000 |gr31:00000000 |

PC : 00000a8a |MCAUSE: 08000000
gr 0:00000005 |gr 1:000000ea |gr 2:800008ee |gr 3:00000000 |
gr 4:ffffffff |gr 5:abcdabcd |gr 6:abcdabcd |gr 7:00000000 |
gr 8:fffffffe |gr 9:00000000 |gr10:00000000 |gr11:00000000 |
gr12:00000000 |gr13:00000000 |gr14:00000000 |gr15:40011000 |
gr16:00000003 |gr17:00000010 |gr18:00000000 |gr19:00000000 |
gr20:00000000 |gr21:00000000 |gr22:00000000 |gr23:00000000 |
gr24:00000000 |gr25:00000000 |gr26:00000000 |gr27:00000000 |
gr28:00000000 |gr29:00000000 |gr30:00000000 |gr31:00000000 |

PC : 00000a8e |MCAUSE: 08000000
gr 0:00000005 |gr 1:000000ea |gr 2:800008ee |gr 3:00000000 |
gr 4:ffffffff |gr 5:abcdabcd |gr 6:abcdabcd |gr 7:00000000 |
gr 8:fffffffe |gr 9:00000000 |gr10:00000000 |gr11:00000000 |
gr12:00000000 |gr13:00000000 |gr14:00000000 |gr15:40011000 |
gr16:00000003 |gr17:00000010 |gr18:00000000 |gr19:00000000 |
gr20:00000000 |gr21:00000000 |gr22:00000000 |gr23:00000000 |
gr24:00000000 |gr25:00000000 |gr26:00000000 |gr27:00000000 |
gr28:00000000 |gr29:00000000 |gr30:00000000 |gr31:00000000 |

PC : 00000a92 |MCAUSE: 08000000
gr 0:00000005 |gr 1:000000ea |gr 2:800008ee |gr 3:00000000 |
gr 4:ffffffff |gr 5:abcdb000 |gr 6:abcdabcd |gr 7:00000000 |
gr 8:fffffffe |gr 9:00000000 |gr10:00000000 |gr11:00000000 |
gr12:00000000 |gr13:00000000 |gr14:00000000 |gr15:40011000 |
gr16:00000003 |gr17:00000010 |gr18:00000000 |gr19:00000000 |
gr20:00000000 |gr21:00000000 |gr22:00000000 |gr23:00000000 |
gr24:00000000 |gr25:00000000 |gr26:00000000 |gr27:00000000 |
gr28:00000000 |gr29:00000000 |gr30:00000000 |gr31:00000000 |

PC : 00000a96 |MCAUSE: 08000000
gr 0:00000005 |gr 1:000000ea |gr 2:800008ee |gr 3:00000000 |
gr 4:ffffffff |gr 5:abcdabcd |gr 6:abcdabcd |gr 7:00000000 |
gr 8:fffffffe |gr 9:00000000 |gr10:00000000 |gr11:00000000 |
gr12:00000000 |gr13:00000000 |gr14:00000000 |gr15:40011000 |
gr16:00000003 |gr17:00000010 |gr18:00000000 |gr19:00000000 |
gr20:00000000 |gr21:00000000 |gr22:00000000 |gr23:00000000 |
gr24:00000000 |gr25:00000000 |gr26:00000000 |gr27:00000000 |
gr28:00000000 |gr29:00000000 |gr30:00000000 |gr31:00000000 |

PC : 00000a9a |MCAUSE: 08000000
gr 0:00000005 |gr 1:000000ea |gr 2:800008ee |gr 3:00000000 |
gr 4:ffffffff |gr 5:abcdabcd |gr 6:54325432 |gr 7:00000000 |
gr 8:fffffffe |gr 9:00000000 |gr10:00000000 |gr11:00000000 |
gr12:00000000 |gr13:00000000 |gr14:00000000 |gr15:40011000 |
gr16:00000003 |gr17:00000010 |gr18:00000000 |gr19:00000000 |
gr20:00000000 |gr21:00000000 |gr22:00000000 |gr23:00000000 |
gr24:00000000 |gr25:00000000 |gr26:00000000 |gr27:00000000 |
gr28:00000000 |gr29:00000000 |gr30:00000000 |gr31:00000000 |

PC : 00000a9e |MCAUSE: 08000000
gr 0:00000005 |gr 1:000000ea |gr 2:800008ee |gr 3:00000000 |
gr 4:ffffffff |gr 5:54325432 |gr 6:54325432 |gr 7:00000000 |
gr 8:fffffffe |gr 9:00000000 |gr10:00000000 |gr11:00000000 |
gr12:00000000 |gr13:00000000 |gr14:00000000 |gr15:40011000 |
gr16:00000003 |gr17:00000010 |gr18:00000000 |gr19:00000000 |
gr20:00000000 |gr21:00000000 |gr22:00000000 |gr23:00000000 |
gr24:00000000 |gr25:00000000 |gr26:00000000 |gr27:00000000 |
gr28:00000000 |gr29:00000000 |gr30:00000000 |gr31:00000000 |

PC : 00000aa2 |MCAUSE: 08000000
gr 0:00000005 |gr 1:000000ea |gr 2:800008ee |gr 3:00000000 |
gr 4:ffffffff |gr 5:54325432 |gr 6:54325432 |gr 7:00000000 |
gr 8:fffffffe |gr 9:00000000 |gr10:00000000 |gr11:00000000 |
gr12:00000000 |gr13:00000000 |gr14:00000000 |gr15:40011000 |
gr16:00000003 |gr17:00000010 |gr18:00000000 |gr19:00000000 |
gr20:00000000 |gr21:00000000 |gr22:00000000 |gr23:00000000 |
gr24:00000000 |gr25:00000000 |gr26:00000000 |gr27:00000000 |
gr28:00000000 |gr29:00000000 |gr30:00000000 |gr31:00000000 |

PC : 00000aaa |MCAUSE: 08000000
gr 0:00000005 |gr 1:000000ea |gr 2:800008ee |gr 3:00000000 |
gr 4:ffffffff |gr 5:abcdb000 |gr 6:54325432 |gr 7:00000000 |
gr 8:fffffffe |gr 9:00000000 |gr10:00000000 |gr11:00000000 |
gr12:00000000 |gr13:00000000 |gr14:00000000 |gr15:40011000 |
gr16:00000003 |gr17:00000010 |gr18:00000000 |gr19:00000000 |
gr20:00000000 |gr21:00000000 |gr22:00000000 |gr23:00000000 |
gr24:00000000 |gr25:00000000 |gr26:00000000 |gr27:00000000 |
gr28:00000000 |gr29:00000000 |gr30:00000000 |gr31:00000000 |

PC : 00000aae |MCAUSE: 08000000
gr 0:00000005 |gr 1:000000ea |gr 2:800008ee |gr 3:00000000 |
gr 4:ffffffff |gr 5:abcdabcd |gr 6:54325432 |gr 7:00000000 |
gr 8:fffffffe |gr 9:00000000 |gr10:00000000 |gr11:00000000 |
gr12:00000000 |gr13:00000000 |gr14:00000000 |gr15:40011000 |
gr16:00000003 |gr17:00000010 |gr18:00000000 |gr19:00000000 |
gr20:00000000 |gr21:00000000 |gr22:00000000 |gr23:00000000 |
gr24:00000000 |gr25:00000000 |gr26:00000000 |gr27:00000000 |
gr28:00000000 |gr29:00000000 |gr30:00000000 |gr31:00000000 |

PC : 00000ab2 |MCAUSE: 08000000
gr 0:00000005 |gr 1:000000ea |gr 2:800008ee |gr 3:00000000 |
gr 4:ffffffff |gr 5:abcdabcd |gr 6:abcdabcd |gr 7:00000000 |
gr 8:fffffffe |gr 9:00000000 |gr10:00000000 |gr11:00000000 |
gr12:00000000 |gr13:00000000 |gr14:00000000 |gr15:40011000 |
gr16:00000003 |gr17:00000010 |gr18:00000000 |gr19:00000000 |
gr20:00000000 |gr21:00000000 |gr22:00000000 |gr23:00000000 |
gr24:00000000 |gr25:00000000 |gr26:00000000 |gr27:00000000 |
gr28:00000000 |gr29:00000000 |gr30:00000000 |gr31:00000000 |

PC : 00000ab6 |MCAUSE: 08000000
gr 0:00000005 |gr 1:000000ea |gr 2:800008ee |gr 3:00000000 |
gr 4:ffffffff |gr 5:abcdabcd |gr 6:abcdabcd |gr 7:00000000 |
gr 8:fffffffe |gr 9:00000000 |gr10:00000000 |gr11:00000000 |
gr12:00000000 |gr13:00000000 |gr14:00000000 |gr15:40011000 |
gr16:00000003 |gr17:00000010 |gr18:00000000 |gr19:00000000 |
gr20:00000000 |gr21:00000000 |gr22:00000000 |gr23:00000000 |
gr24:00000000 |gr25:00000000 |gr26:00000000 |gr27:00000000 |
gr28:00000000 |gr29:00000000 |gr30:00000000 |gr31:00000000 |

PC : 00000abe |MCAUSE: 08000000
gr 0:00000005 |gr 1:000000ea |gr 2:800008ee |gr 3:00000000 |
gr 4:abcd1000 |gr 5:abcdabcd |gr 6:abcdabcd |gr 7:00000000 |
gr 8:fffffffe |gr 9:00000000 |gr10:00000000 |gr11:00000000 |
gr12:00000000 |gr13:00000000 |gr14:00000000 |gr15:40011000 |
gr16:00000003 |gr17:00000010 |gr18:00000000 |gr19:00000000 |
gr20:00000000 |gr21:00000000 |gr22:00000000 |gr23:00000000 |
gr24:00000000 |gr25:00000000 |gr26:00000000 |gr27:00000000 |
gr28:00000000 |gr29:00000000 |gr30:00000000 |gr31:00000000 |

PC : 00000ac2 |MCAUSE: 08000000
gr 0:00000005 |gr 1:000000ea |gr 2:800008ee |gr 3:00000000 |
gr 4:abcd1234 |gr 5:abcdabcd |gr 6:abcdabcd |gr 7:00000000 |
gr 8:fffffffe |gr 9:00000000 |gr10:00000000 |gr11:00000000 |
gr12:00000000 |gr13:00000000 |gr14:00000000 |gr15:40011000 |
gr16:00000003 |gr17:00000010 |gr18:00000000 |gr19:00000000 |
gr20:00000000 |gr21:00000000 |gr22:00000000 |gr23:00000000 |
gr24:00000000 |gr25:00000000 |gr26:00000000 |gr27:00000000 |
gr28:00000000 |gr29:00000000 |gr30:00000000 |gr31:00000000 |

PC : 00000ac6 |MCAUSE: 08000000
gr 0:00000005 |gr 1:000000ea |gr 2:abcd1234 |gr 3:00000000 |
gr 4:abcd1234 |gr 5:abcdabcd |gr 6:abcdabcd |gr 7:00000000 |
gr 8:fffffffe |gr 9:00000000 |gr10:00000000 |gr11:00000000 |
gr12:00000000 |gr13:00000000 |gr14:00000000 |gr15:40011000 |
gr16:00000003 |gr17:00000010 |gr18:00000000 |gr19:00000000 |
gr20:00000000 |gr21:00000000 |gr22:00000000 |gr23:00000000 |
gr24:00000000 |gr25:00000000 |gr26:00000000 |gr27:00000000 |
gr28:00000000 |gr29:00000000 |gr30:00000000 |gr31:00000000 |

PC : 00000aca |MCAUSE: 08000000
gr 0:00000005 |gr 1:000000ea |gr 2:abcd1234 |gr 3:00000000 |
gr 4:abcd1234 |gr 5:abcdabcd |gr 6:abcdabcd |gr 7:00000000 |
gr 8:fffffffe |gr 9:00000000 |gr10:00000000 |gr11:00000000 |
gr12:00000000 |gr13:00000000 |gr14:00000000 |gr15:40011000 |
gr16:00000003 |gr17:00000010 |gr18:00000000 |gr19:00000000 |
gr20:00000000 |gr21:00000000 |gr22:00000000 |gr23:00000000 |
gr24:00000000 |gr25:00000000 |gr26:00000000 |gr27:00000000 |
gr28:00000000 |gr29:00000000 |gr30:00000000 |gr31:00000000 |

PC : 00000ad2 |MCAUSE: 08000000
gr 0:00000005 |gr 1:000000ea |gr 2:abcd1234 |gr 3:00000000 |
gr 4:abcd1000 |gr 5:abcdabcd |gr 6:abcdabcd |gr 7:00000000 |
gr 8:fffffffe |gr 9:00000000 |gr10:00000000 |gr11:00000000 |
gr12:00000000 |gr13:00000000 |gr14:00000000 |gr15:40011000 |
gr16:00000003 |gr17:00000010 |gr18:00000000 |gr19:00000000 |
gr20:00000000 |gr21:00000000 |gr22:00000000 |gr23:00000000 |
gr24:00000000 |gr25:00000000 |gr26:00000000 |gr27:00000000 |
gr28:00000000 |gr29:00000000 |gr30:00000000 |gr31:00000000 |

PC : 00000ad6 |MCAUSE: 08000000
gr 0:00000005 |gr 1:000000ea |gr 2:abcd1234 |gr 3:00000000 |
gr 4:abcd1234 |gr 5:abcdabcd |gr 6:abcdabcd |gr 7:00000000 |
gr 8:fffffffe |gr 9:00000000 |gr10:00000000 |gr11:00000000 |
gr12:00000000 |gr13:00000000 |gr14:00000000 |gr15:40011000 |
gr16:00000003 |gr17:00000010 |gr18:00000000 |gr19:00000000 |
gr20:00000000 |gr21:00000000 |gr22:00000000 |gr23:00000000 |
gr24:00000000 |gr25:00000000 |gr26:00000000 |gr27:00000000 |
gr28:00000000 |gr29:00000000 |gr30:00000000 |gr31:00000000 |

PC : 00000ada |MCAUSE: 08000000
gr 0:00000005 |gr 1:000000ea |gr 2:abcd1234 |gr 3:00000000 |
gr 4:abcd1234 |gr 5:0000001f |gr 6:abcdabcd |gr 7:00000000 |
gr 8:fffffffe |gr 9:00000000 |gr10:00000000 |gr11:00000000 |
gr12:00000000 |gr13:00000000 |gr14:00000000 |gr15:40011000 |
gr16:00000003 |gr17:00000010 |gr18:00000000 |gr19:00000000 |
gr20:00000000 |gr21:00000000 |gr22:00000000 |gr23:00000000 |
gr24:00000000 |gr25:00000000 |gr26:00000000 |gr27:00000000 |
gr28:00000000 |gr29:00000000 |gr30:00000000 |gr31:00000000 |

PC : 00000ade |MCAUSE: 08000000
gr 0:00000005 |gr 1:000000ea |gr 2:00000000 |gr 3:00000000 |
gr 4:abcd1234 |gr 5:0000001f |gr 6:abcdabcd |gr 7:00000000 |
gr 8:fffffffe |gr 9:00000000 |gr10:00000000 |gr11:00000000 |
gr12:00000000 |gr13:00000000 |gr14:00000000 |gr15:40011000 |
gr16:00000003 |gr17:00000010 |gr18:00000000 |gr19:00000000 |
gr20:00000000 |gr21:00000000 |gr22:00000000 |gr23:00000000 |
gr24:00000000 |gr25:00000000 |gr26:00000000 |gr27:00000000 |
gr28:00000000 |gr29:00000000 |gr30:00000000 |gr31:00000000 |

PC : 00000ae2 |MCAUSE: 08000000
gr 0:00000005 |gr 1:000000ea |gr 2:00000000 |gr 3:00000000 |
gr 4:abcd1234 |gr 5:0000001f |gr 6:abcdabcd |gr 7:00000000 |
gr 8:fffffffe |gr 9:00000000 |gr10:00000000 |gr11:00000000 |
gr12:00000000 |gr13:00000000 |gr14:00000000 |gr15:40011000 |
gr16:00000003 |gr17:00000010 |gr18:00000000 |gr19:00000000 |
gr20:00000000 |gr21:00000000 |gr22:00000000 |gr23:00000000 |
gr24:00000000 |gr25:00000000 |gr26:00000000 |gr27:00000000 |
gr28:00000000 |gr29:00000000 |gr30:00000000 |gr31:00000000 |

PC : 00000ae6 |MCAUSE: 08000000
gr 0:00000005 |gr 1:000000ea |gr 2:00000000 |gr 3:00000000 |
gr 4:abcd1234 |gr 5:0000001f |gr 6:abcdabcd |gr 7:00000000 |
gr 8:fffffffe |gr 9:00000000 |gr10:00000000 |gr11:00000000 |
gr12:00000000 |gr13:00000000 |gr14:00000000 |gr15:40011000 |
gr16:00000003 |gr17:00000010 |gr18:00000000 |gr19:00000000 |
gr20:00000000 |gr21:00000000 |gr22:00000000 |gr23:00000000 |
gr24:00000000 |gr25:00000000 |gr26:00000000 |gr27:00000000 |
gr28:00000000 |gr29:00000000 |gr30:00000000 |gr31:00000000 |

PC : 00000aee |MCAUSE: 08000000
gr 0:00000005 |gr 1:000000ea |gr 2:00000000 |gr 3:00000000 |
gr 4:aaaab000 |gr 5:0000001f |gr 6:abcdabcd |gr 7:00000000 |
gr 8:fffffffe |gr 9:00000000 |gr10:00000000 |gr11:00000000 |
gr12:00000000 |gr13:00000000 |gr14:00000000 |gr15:40011000 |
gr16:00000003 |gr17:00000010 |gr18:00000000 |gr19:00000000 |
gr20:00000000 |gr21:00000000 |gr22:00000000 |gr23:00000000 |
gr24:00000000 |gr25:00000000 |gr26:00000000 |gr27:00000000 |
gr28:00000000 |gr29:00000000 |gr30:00000000 |gr31:00000000 |

PC : 00000af2 |MCAUSE: 08000000
gr 0:00000005 |gr 1:000000ea |gr 2:00000000 |gr 3:00000000 |
gr 4:aaaaaaaa |gr 5:0000001f |gr 6:abcdabcd |gr 7:00000000 |
gr 8:fffffffe |gr 9:00000000 |gr10:00000000 |gr11:00000000 |
gr12:00000000 |gr13:00000000 |gr14:00000000 |gr15:40011000 |
gr16:00000003 |gr17:00000010 |gr18:00000000 |gr19:00000000 |
gr20:00000000 |gr21:00000000 |gr22:00000000 |gr23:00000000 |
gr24:00000000 |gr25:00000000 |gr26:00000000 |gr27:00000000 |
gr28:00000000 |gr29:00000000 |gr30:00000000 |gr31:00000000 |

PC : 00000af6 |MCAUSE: 08000000
gr 0:00000005 |gr 1:000000ea |gr 2:00000000 |gr 3:00000000 |
gr 4:aaaaaaaa |gr 5:00000008 |gr 6:abcdabcd |gr 7:00000000 |
gr 8:fffffffe |gr 9:00000000 |gr10:00000000 |gr11:00000000 |
gr12:00000000 |gr13:00000000 |gr14:00000000 |gr15:40011000 |
gr16:00000003 |gr17:00000010 |gr18:00000000 |gr19:00000000 |
gr20:00000000 |gr21:00000000 |gr22:00000000 |gr23:00000000 |
gr24:00000000 |gr25:00000000 |gr26:00000000 |gr27:00000000 |
gr28:00000000 |gr29:00000000 |gr30:00000000 |gr31:00000000 |

PC : 00000afa |MCAUSE: 08000000
gr 0:00000005 |gr 1:000000ea |gr 2:aaaaaa00 |gr 3:00000000 |
gr 4:aaaaaaaa |gr 5:00000008 |gr 6:abcdabcd |gr 7:00000000 |
gr 8:fffffffe |gr 9:00000000 |gr10:00000000 |gr11:00000000 |
gr12:00000000 |gr13:00000000 |gr14:00000000 |gr15:40011000 |
gr16:00000003 |gr17:00000010 |gr18:00000000 |gr19:00000000 |
gr20:00000000 |gr21:00000000 |gr22:00000000 |gr23:00000000 |
gr24:00000000 |gr25:00000000 |gr26:00000000 |gr27:00000000 |
gr28:00000000 |gr29:00000000 |gr30:00000000 |gr31:00000000 |

PC : 00000afe |MCAUSE: 08000000
gr 0:00000005 |gr 1:000000ea |gr 2:aaaaaa00 |gr 3:aaaab000 |
gr 4:aaaaaaaa |gr 5:00000008 |gr 6:abcdabcd |gr 7:00000000 |
gr 8:fffffffe |gr 9:00000000 |gr10:00000000 |gr11:00000000 |
gr12:00000000 |gr13:00000000 |gr14:00000000 |gr15:40011000 |
gr16:00000003 |gr17:00000010 |gr18:00000000 |gr19:00000000 |
gr20:00000000 |gr21:00000000 |gr22:00000000 |gr23:00000000 |
gr24:00000000 |gr25:00000000 |gr26:00000000 |gr27:00000000 |
gr28:00000000 |gr29:00000000 |gr30:00000000 |gr31:00000000 |

PC : 00000b02 |MCAUSE: 08000000
gr 0:00000005 |gr 1:000000ea |gr 2:aaaaaa00 |gr 3:aaaaaa00 |
gr 4:aaaaaaaa |gr 5:00000008 |gr 6:abcdabcd |gr 7:00000000 |
gr 8:fffffffe |gr 9:00000000 |gr10:00000000 |gr11:00000000 |
gr12:00000000 |gr13:00000000 |gr14:00000000 |gr15:40011000 |
gr16:00000003 |gr17:00000010 |gr18:00000000 |gr19:00000000 |
gr20:00000000 |gr21:00000000 |gr22:00000000 |gr23:00000000 |
gr24:00000000 |gr25:00000000 |gr26:00000000 |gr27:00000000 |
gr28:00000000 |gr29:00000000 |gr30:00000000 |gr31:00000000 |

PC : 00000b06 |MCAUSE: 08000000
gr 0:00000005 |gr 1:000000ea |gr 2:aaaaaa00 |gr 3:aaaaaa00 |
gr 4:aaaaaaaa |gr 5:00000008 |gr 6:abcdabcd |gr 7:00000000 |
gr 8:fffffffe |gr 9:00000000 |gr10:00000000 |gr11:00000000 |
gr12:00000000 |gr13:00000000 |gr14:00000000 |gr15:40011000 |
gr16:00000003 |gr17:00000010 |gr18:00000000 |gr19:00000000 |
gr20:00000000 |gr21:00000000 |gr22:00000000 |gr23:00000000 |
gr24:00000000 |gr25:00000000 |gr26:00000000 |gr27:00000000 |
gr28:00000000 |gr29:00000000 |gr30:00000000 |gr31:00000000 |

PC : 00000b0e |MCAUSE: 08000000
gr 0:00000005 |gr 1:000000ea |gr 2:aaaaaa00 |gr 3:aaaaaa00 |
gr 4:aaaab000 |gr 5:00000008 |gr 6:abcdabcd |gr 7:00000000 |
gr 8:fffffffe |gr 9:00000000 |gr10:00000000 |gr11:00000000 |
gr12:00000000 |gr13:00000000 |gr14:00000000 |gr15:40011000 |
gr16:00000003 |gr17:00000010 |gr18:00000000 |gr19:00000000 |
gr20:00000000 |gr21:00000000 |gr22:00000000 |gr23:00000000 |
gr24:00000000 |gr25:00000000 |gr26:00000000 |gr27:00000000 |
gr28:00000000 |gr29:00000000 |gr30:00000000 |gr31:00000000 |

PC : 00000b12 |MCAUSE: 08000000
gr 0:00000005 |gr 1:000000ea |gr 2:aaaaaa00 |gr 3:aaaaaa00 |
gr 4:aaaaaaaa |gr 5:00000008 |gr 6:abcdabcd |gr 7:00000000 |
gr 8:fffffffe |gr 9:00000000 |gr10:00000000 |gr11:00000000 |
gr12:00000000 |gr13:00000000 |gr14:00000000 |gr15:40011000 |
gr16:00000003 |gr17:00000010 |gr18:00000000 |gr19:00000000 |
gr20:00000000 |gr21:00000000 |gr22:00000000 |gr23:00000000 |
gr24:00000000 |gr25:00000000 |gr26:00000000 |gr27:00000000 |
gr28:00000000 |gr29:00000000 |gr30:00000000 |gr31:00000000 |

PC : 00000b16 |MCAUSE: 08000000
gr 0:00000005 |gr 1:000000ea |gr 2:aaaaaa00 |gr 3:aaaaaa00 |
gr 4:aaaaaaaa |gr 5:00000001 |gr 6:abcdabcd |gr 7:00000000 |
gr 8:fffffffe |gr 9:00000000 |gr10:00000000 |gr11:00000000 |
gr12:00000000 |gr13:00000000 |gr14:00000000 |gr15:40011000 |
gr16:00000003 |gr17:00000010 |gr18:00000000 |gr19:00000000 |
gr20:00000000 |gr21:00000000 |gr22:00000000 |gr23:00000000 |
gr24:00000000 |gr25:00000000 |gr26:00000000 |gr27:00000000 |
gr28:00000000 |gr29:00000000 |gr30:00000000 |gr31:00000000 |

PC : 00000b1a |MCAUSE: 08000000
gr 0:00000005 |gr 1:000000ea |gr 2:55555554 |gr 3:aaaaaa00 |
gr 4:aaaaaaaa |gr 5:00000001 |gr 6:abcdabcd |gr 7:00000000 |
gr 8:fffffffe |gr 9:00000000 |gr10:00000000 |gr11:00000000 |
gr12:00000000 |gr13:00000000 |gr14:00000000 |gr15:40011000 |
gr16:00000003 |gr17:00000010 |gr18:00000000 |gr19:00000000 |
gr20:00000000 |gr21:00000000 |gr22:00000000 |gr23:00000000 |
gr24:00000000 |gr25:00000000 |gr26:00000000 |gr27:00000000 |
gr28:00000000 |gr29:00000000 |gr30:00000000 |gr31:00000000 |

PC : 00000b1e |MCAUSE: 08000000
gr 0:00000005 |gr 1:000000ea |gr 2:55555554 |gr 3:55555000 |
gr 4:aaaaaaaa |gr 5:00000001 |gr 6:abcdabcd |gr 7:00000000 |
gr 8:fffffffe |gr 9:00000000 |gr10:00000000 |gr11:00000000 |
gr12:00000000 |gr13:00000000 |gr14:00000000 |gr15:40011000 |
gr16:00000003 |gr17:00000010 |gr18:00000000 |gr19:00000000 |
gr20:00000000 |gr21:00000000 |gr22:00000000 |gr23:00000000 |
gr24:00000000 |gr25:00000000 |gr26:00000000 |gr27:00000000 |
gr28:00000000 |gr29:00000000 |gr30:00000000 |gr31:00000000 |

PC : 00000b22 |MCAUSE: 08000000
gr 0:00000005 |gr 1:000000ea |gr 2:55555554 |gr 3:55555554 |
gr 4:aaaaaaaa |gr 5:00000001 |gr 6:abcdabcd |gr 7:00000000 |
gr 8:fffffffe |gr 9:00000000 |gr10:00000000 |gr11:00000000 |
gr12:00000000 |gr13:00000000 |gr14:00000000 |gr15:40011000 |
gr16:00000003 |gr17:00000010 |gr18:00000000 |gr19:00000000 |
gr20:00000000 |gr21:00000000 |gr22:00000000 |gr23:00000000 |
gr24:00000000 |gr25:00000000 |gr26:00000000 |gr27:00000000 |
gr28:00000000 |gr29:00000000 |gr30:00000000 |gr31:00000000 |

PC : 00000b26 |MCAUSE: 08000000
gr 0:00000005 |gr 1:000000ea |gr 2:55555554 |gr 3:55555554 |
gr 4:aaaaaaaa |gr 5:00000001 |gr 6:abcdabcd |gr 7:00000000 |
gr 8:fffffffe |gr 9:00000000 |gr10:00000000 |gr11:00000000 |
gr12:00000000 |gr13:00000000 |gr14:00000000 |gr15:40011000 |
gr16:00000003 |gr17:00000010 |gr18:00000000 |gr19:00000000 |
gr20:00000000 |gr21:00000000 |gr22:00000000 |gr23:00000000 |
gr24:00000000 |gr25:00000000 |gr26:00000000 |gr27:00000000 |
gr28:00000000 |gr29:00000000 |gr30:00000000 |gr31:00000000 |

PC : 00000b2e |MCAUSE: 08000000
gr 0:00000005 |gr 1:000000ea |gr 2:abcd1000 |gr 3:55555554 |
gr 4:aaaaaaaa |gr 5:00000001 |gr 6:abcdabcd |gr 7:00000000 |
gr 8:fffffffe |gr 9:00000000 |gr10:00000000 |gr11:00000000 |
gr12:00000000 |gr13:00000000 |gr14:00000000 |gr15:40011000 |
gr16:00000003 |gr17:00000010 |gr18:00000000 |gr19:00000000 |
gr20:00000000 |gr21:00000000 |gr22:00000000 |gr23:00000000 |
gr24:00000000 |gr25:00000000 |gr26:00000000 |gr27:00000000 |
gr28:00000000 |gr29:00000000 |gr30:00000000 |gr31:00000000 |

PC : 00000b32 |MCAUSE: 08000000
gr 0:00000005 |gr 1:000000ea |gr 2:abcd1234 |gr 3:55555554 |
gr 4:aaaaaaaa |gr 5:00000001 |gr 6:abcdabcd |gr 7:00000000 |
gr 8:fffffffe |gr 9:00000000 |gr10:00000000 |gr11:00000000 |
gr12:00000000 |gr13:00000000 |gr14:00000000 |gr15:40011000 |
gr16:00000003 |gr17:00000010 |gr18:00000000 |gr19:00000000 |
gr20:00000000 |gr21:00000000 |gr22:00000000 |gr23:00000000 |
gr24:00000000 |gr25:00000000 |gr26:00000000 |gr27:00000000 |
gr28:00000000 |gr29:00000000 |gr30:00000000 |gr31:00000000 |

PC : 00000b36 |MCAUSE: 08000000
gr 0:00000005 |gr 1:000000ea |gr 2:abcd1234 |gr 3:abcd1234 |
gr 4:aaaaaaaa |gr 5:00000001 |gr 6:abcdabcd |gr 7:00000000 |
gr 8:fffffffe |gr 9:00000000 |gr10:00000000 |gr11:00000000 |
gr12:00000000 |gr13:00000000 |gr14:00000000 |gr15:40011000 |
gr16:00000003 |gr17:00000010 |gr18:00000000 |gr19:00000000 |
gr20:00000000 |gr21:00000000 |gr22:00000000 |gr23:00000000 |
gr24:00000000 |gr25:00000000 |gr26:00000000 |gr27:00000000 |
gr28:00000000 |gr29:00000000 |gr30:00000000 |gr31:00000000 |

PC : 00000b3a |MCAUSE: 08000000
gr 0:00000005 |gr 1:000000ea |gr 2:abcd1234 |gr 3:abcd1234 |
gr 4:aaaaaaaa |gr 5:00000001 |gr 6:abcdabcd |gr 7:00000000 |
gr 8:fffffffe |gr 9:00000000 |gr10:00000000 |gr11:00000000 |
gr12:00000000 |gr13:00000000 |gr14:00000000 |gr15:40011000 |
gr16:00000003 |gr17:00000010 |gr18:00000000 |gr19:00000000 |
gr20:00000000 |gr21:00000000 |gr22:00000000 |gr23:00000000 |
gr24:00000000 |gr25:00000000 |gr26:00000000 |gr27:00000000 |
gr28:00000000 |gr29:00000000 |gr30:00000000 |gr31:00000000 |

PC : 00000b42 |MCAUSE: 08000000
gr 0:00000005 |gr 1:000000ea |gr 2:aaaab000 |gr 3:abcd1234 |
gr 4:aaaaaaaa |gr 5:00000001 |gr 6:abcdabcd |gr 7:00000000 |
gr 8:fffffffe |gr 9:00000000 |gr10:00000000 |gr11:00000000 |
gr12:00000000 |gr13:00000000 |gr14:00000000 |gr15:40011000 |
gr16:00000003 |gr17:00000010 |gr18:00000000 |gr19:00000000 |
gr20:00000000 |gr21:00000000 |gr22:00000000 |gr23:00000000 |
gr24:00000000 |gr25:00000000 |gr26:00000000 |gr27:00000000 |
gr28:00000000 |gr29:00000000 |gr30:00000000 |gr31:00000000 |

PC : 00000b46 |MCAUSE: 08000000
gr 0:00000005 |gr 1:000000ea |gr 2:aaaaaaaa |gr 3:abcd1234 |
gr 4:aaaaaaaa |gr 5:00000001 |gr 6:abcdabcd |gr 7:00000000 |
gr 8:fffffffe |gr 9:00000000 |gr10:00000000 |gr11:00000000 |
gr12:00000000 |gr13:00000000 |gr14:00000000 |gr15:40011000 |
gr16:00000003 |gr17:00000010 |gr18:00000000 |gr19:00000000 |
gr20:00000000 |gr21:00000000 |gr22:00000000 |gr23:00000000 |
gr24:00000000 |gr25:00000000 |gr26:00000000 |gr27:00000000 |
gr28:00000000 |gr29:00000000 |gr30:00000000 |gr31:00000000 |

PC : 00000b4a |MCAUSE: 08000000
gr 0:00000005 |gr 1:000000ea |gr 2:aaaaaaaa |gr 3:abcd1234 |
gr 4:aaaaaaaa |gr 5:0000001f |gr 6:abcdabcd |gr 7:00000000 |
gr 8:fffffffe |gr 9:00000000 |gr10:00000000 |gr11:00000000 |
gr12:00000000 |gr13:00000000 |gr14:00000000 |gr15:40011000 |
gr16:00000003 |gr17:00000010 |gr18:00000000 |gr19:00000000 |
gr20:00000000 |gr21:00000000 |gr22:00000000 |gr23:00000000 |
gr24:00000000 |gr25:00000000 |gr26:00000000 |gr27:00000000 |
gr28:00000000 |gr29:00000000 |gr30:00000000 |gr31:00000000 |

PC : 00000b4e |MCAUSE: 08000000
gr 0:00000005 |gr 1:000000ea |gr 2:aaaaaaaa |gr 3:00000001 |
gr 4:aaaaaaaa |gr 5:0000001f |gr 6:abcdabcd |gr 7:00000000 |
gr 8:fffffffe |gr 9:00000000 |gr10:00000000 |gr11:00000000 |
gr12:00000000 |gr13:00000000 |gr14:00000000 |gr15:40011000 |
gr16:00000003 |gr17:00000010 |gr18:00000000 |gr19:00000000 |
gr20:00000000 |gr21:00000000 |gr22:00000000 |gr23:00000000 |
gr24:00000000 |gr25:00000000 |gr26:00000000 |gr27:00000000 |
gr28:00000000 |gr29:00000000 |gr30:00000000 |gr31:00000000 |

PC : 00000b52 |MCAUSE: 08000000
gr 0:00000005 |gr 1:000000ea |gr 2:aaaaaaaa |gr 3:00000001 |
gr 4:00000001 |gr 5:0000001f |gr 6:abcdabcd |gr 7:00000000 |
gr 8:fffffffe |gr 9:00000000 |gr10:00000000 |gr11:00000000 |
gr12:00000000 |gr13:00000000 |gr14:00000000 |gr15:40011000 |
gr16:00000003 |gr17:00000010 |gr18:00000000 |gr19:00000000 |
gr20:00000000 |gr21:00000000 |gr22:00000000 |gr23:00000000 |
gr24:00000000 |gr25:00000000 |gr26:00000000 |gr27:00000000 |
gr28:00000000 |gr29:00000000 |gr30:00000000 |gr31:00000000 |

PC : 00000b56 |MCAUSE: 08000000
gr 0:00000005 |gr 1:000000ea |gr 2:aaaaaaaa |gr 3:00000001 |
gr 4:00000001 |gr 5:0000001f |gr 6:abcdabcd |gr 7:00000000 |
gr 8:fffffffe |gr 9:00000000 |gr10:00000000 |gr11:00000000 |
gr12:00000000 |gr13:00000000 |gr14:00000000 |gr15:40011000 |
gr16:00000003 |gr17:00000010 |gr18:00000000 |gr19:00000000 |
gr20:00000000 |gr21:00000000 |gr22:00000000 |gr23:00000000 |
gr24:00000000 |gr25:00000000 |gr26:00000000 |gr27:00000000 |
gr28:00000000 |gr29:00000000 |gr30:00000000 |gr31:00000000 |

PC : 00000b5e |MCAUSE: 08000000
gr 0:00000005 |gr 1:000000ea |gr 2:aaaab000 |gr 3:00000001 |
gr 4:00000001 |gr 5:0000001f |gr 6:abcdabcd |gr 7:00000000 |
gr 8:fffffffe |gr 9:00000000 |gr10:00000000 |gr11:00000000 |
gr12:00000000 |gr13:00000000 |gr14:00000000 |gr15:40011000 |
gr16:00000003 |gr17:00000010 |gr18:00000000 |gr19:00000000 |
gr20:00000000 |gr21:00000000 |gr22:00000000 |gr23:00000000 |
gr24:00000000 |gr25:00000000 |gr26:00000000 |gr27:00000000 |
gr28:00000000 |gr29:00000000 |gr30:00000000 |gr31:00000000 |

PC : 00000b62 |MCAUSE: 08000000
gr 0:00000005 |gr 1:000000ea |gr 2:aaaaaaaa |gr 3:00000001 |
gr 4:00000001 |gr 5:0000001f |gr 6:abcdabcd |gr 7:00000000 |
gr 8:fffffffe |gr 9:00000000 |gr10:00000000 |gr11:00000000 |
gr12:00000000 |gr13:00000000 |gr14:00000000 |gr15:40011000 |
gr16:00000003 |gr17:00000010 |gr18:00000000 |gr19:00000000 |
gr20:00000000 |gr21:00000000 |gr22:00000000 |gr23:00000000 |
gr24:00000000 |gr25:00000000 |gr26:00000000 |gr27:00000000 |
gr28:00000000 |gr29:00000000 |gr30:00000000 |gr31:00000000 |

PC : 00000b66 |MCAUSE: 08000000
gr 0:00000005 |gr 1:000000ea |gr 2:aaaaaaaa |gr 3:00000001 |
gr 4:00000001 |gr 5:00000001 |gr 6:abcdabcd |gr 7:00000000 |
gr 8:fffffffe |gr 9:00000000 |gr10:00000000 |gr11:00000000 |
gr12:00000000 |gr13:00000000 |gr14:00000000 |gr15:40011000 |
gr16:00000003 |gr17:00000010 |gr18:00000000 |gr19:00000000 |
gr20:00000000 |gr21:00000000 |gr22:00000000 |gr23:00000000 |
gr24:00000000 |gr25:00000000 |gr26:00000000 |gr27:00000000 |
gr28:00000000 |gr29:00000000 |gr30:00000000 |gr31:00000000 |

PC : 00000b6a |MCAUSE: 08000000
gr 0:00000005 |gr 1:000000ea |gr 2:55555555 |gr 3:00000001 |
gr 4:00000001 |gr 5:00000001 |gr 6:abcdabcd |gr 7:00000000 |
gr 8:fffffffe |gr 9:00000000 |gr10:00000000 |gr11:00000000 |
gr12:00000000 |gr13:00000000 |gr14:00000000 |gr15:40011000 |
gr16:00000003 |gr17:00000010 |gr18:00000000 |gr19:00000000 |
gr20:00000000 |gr21:00000000 |gr22:00000000 |gr23:00000000 |
gr24:00000000 |gr25:00000000 |gr26:00000000 |gr27:00000000 |
gr28:00000000 |gr29:00000000 |gr30:00000000 |gr31:00000000 |

PC : 00000b6e |MCAUSE: 08000000
gr 0:00000005 |gr 1:000000ea |gr 2:55555555 |gr 3:55555000 |
gr 4:00000001 |gr 5:00000001 |gr 6:abcdabcd |gr 7:00000000 |
gr 8:fffffffe |gr 9:00000000 |gr10:00000000 |gr11:00000000 |
gr12:00000000 |gr13:00000000 |gr14:00000000 |gr15:40011000 |
gr16:00000003 |gr17:00000010 |gr18:00000000 |gr19:00000000 |
gr20:00000000 |gr21:00000000 |gr22:00000000 |gr23:00000000 |
gr24:00000000 |gr25:00000000 |gr26:00000000 |gr27:00000000 |
gr28:00000000 |gr29:00000000 |gr30:00000000 |gr31:00000000 |

PC : 00000b72 |MCAUSE: 08000000
gr 0:00000005 |gr 1:000000ea |gr 2:55555555 |gr 3:55555555 |
gr 4:00000001 |gr 5:00000001 |gr 6:abcdabcd |gr 7:00000000 |
gr 8:fffffffe |gr 9:00000000 |gr10:00000000 |gr11:00000000 |
gr12:00000000 |gr13:00000000 |gr14:00000000 |gr15:40011000 |
gr16:00000003 |gr17:00000010 |gr18:00000000 |gr19:00000000 |
gr20:00000000 |gr21:00000000 |gr22:00000000 |gr23:00000000 |
gr24:00000000 |gr25:00000000 |gr26:00000000 |gr27:00000000 |
gr28:00000000 |gr29:00000000 |gr30:00000000 |gr31:00000000 |

PC : 00000b76 |MCAUSE: 08000000
gr 0:00000005 |gr 1:000000ea |gr 2:55555555 |gr 3:55555555 |
gr 4:00000001 |gr 5:00000001 |gr 6:abcdabcd |gr 7:00000000 |
gr 8:fffffffe |gr 9:00000000 |gr10:00000000 |gr11:00000000 |
gr12:00000000 |gr13:00000000 |gr14:00000000 |gr15:40011000 |
gr16:00000003 |gr17:00000010 |gr18:00000000 |gr19:00000000 |
gr20:00000000 |gr21:00000000 |gr22:00000000 |gr23:00000000 |
gr24:00000000 |gr25:00000000 |gr26:00000000 |gr27:00000000 |
gr28:00000000 |gr29:00000000 |gr30:00000000 |gr31:00000000 |

PC : 00000b7e |MCAUSE: 08000000
gr 0:00000005 |gr 1:000000ea |gr 2:aaaab000 |gr 3:55555555 |
gr 4:00000001 |gr 5:00000001 |gr 6:abcdabcd |gr 7:00000000 |
gr 8:fffffffe |gr 9:00000000 |gr10:00000000 |gr11:00000000 |
gr12:00000000 |gr13:00000000 |gr14:00000000 |gr15:40011000 |
gr16:00000003 |gr17:00000010 |gr18:00000000 |gr19:00000000 |
gr20:00000000 |gr21:00000000 |gr22:00000000 |gr23:00000000 |
gr24:00000000 |gr25:00000000 |gr26:00000000 |gr27:00000000 |
gr28:00000000 |gr29:00000000 |gr30:00000000 |gr31:00000000 |

PC : 00000b82 |MCAUSE: 08000000
gr 0:00000005 |gr 1:000000ea |gr 2:aaaaaaaa |gr 3:55555555 |
gr 4:00000001 |gr 5:00000001 |gr 6:abcdabcd |gr 7:00000000 |
gr 8:fffffffe |gr 9:00000000 |gr10:00000000 |gr11:00000000 |
gr12:00000000 |gr13:00000000 |gr14:00000000 |gr15:40011000 |
gr16:00000003 |gr17:00000010 |gr18:00000000 |gr19:00000000 |
gr20:00000000 |gr21:00000000 |gr22:00000000 |gr23:00000000 |
gr24:00000000 |gr25:00000000 |gr26:00000000 |gr27:00000000 |
gr28:00000000 |gr29:00000000 |gr30:00000000 |gr31:00000000 |

PC : 00000b86 |MCAUSE: 08000000
gr 0:00000005 |gr 1:000000ea |gr 2:aaaaaaaa |gr 3:55555555 |
gr 4:00000001 |gr 5:0000001f |gr 6:abcdabcd |gr 7:00000000 |
gr 8:fffffffe |gr 9:00000000 |gr10:00000000 |gr11:00000000 |
gr12:00000000 |gr13:00000000 |gr14:00000000 |gr15:40011000 |
gr16:00000003 |gr17:00000010 |gr18:00000000 |gr19:00000000 |
gr20:00000000 |gr21:00000000 |gr22:00000000 |gr23:00000000 |
gr24:00000000 |gr25:00000000 |gr26:00000000 |gr27:00000000 |
gr28:00000000 |gr29:00000000 |gr30:00000000 |gr31:00000000 |

PC : 00000b8a |MCAUSE: 08000000
gr 0:00000005 |gr 1:000000ea |gr 2:ffffffff |gr 3:55555555 |
gr 4:00000001 |gr 5:0000001f |gr 6:abcdabcd |gr 7:00000000 |
gr 8:fffffffe |gr 9:00000000 |gr10:00000000 |gr11:00000000 |
gr12:00000000 |gr13:00000000 |gr14:00000000 |gr15:40011000 |
gr16:00000003 |gr17:00000010 |gr18:00000000 |gr19:00000000 |
gr20:00000000 |gr21:00000000 |gr22:00000000 |gr23:00000000 |
gr24:00000000 |gr25:00000000 |gr26:00000000 |gr27:00000000 |
gr28:00000000 |gr29:00000000 |gr30:00000000 |gr31:00000000 |

PC : 00000b8e |MCAUSE: 08000000
gr 0:00000005 |gr 1:000000ea |gr 2:ffffffff |gr 3:ffffffff |
gr 4:00000001 |gr 5:0000001f |gr 6:abcdabcd |gr 7:00000000 |
gr 8:fffffffe |gr 9:00000000 |gr10:00000000 |gr11:00000000 |
gr12:00000000 |gr13:00000000 |gr14:00000000 |gr15:40011000 |
gr16:00000003 |gr17:00000010 |gr18:00000000 |gr19:00000000 |
gr20:00000000 |gr21:00000000 |gr22:00000000 |gr23:00000000 |
gr24:00000000 |gr25:00000000 |gr26:00000000 |gr27:00000000 |
gr28:00000000 |gr29:00000000 |gr30:00000000 |gr31:00000000 |

PC : 00000b92 |MCAUSE: 08000000
gr 0:00000005 |gr 1:000000ea |gr 2:ffffffff |gr 3:ffffffff |
gr 4:00000001 |gr 5:0000001f |gr 6:abcdabcd |gr 7:00000000 |
gr 8:fffffffe |gr 9:00000000 |gr10:00000000 |gr11:00000000 |
gr12:00000000 |gr13:00000000 |gr14:00000000 |gr15:40011000 |
gr16:00000003 |gr17:00000010 |gr18:00000000 |gr19:00000000 |
gr20:00000000 |gr21:00000000 |gr22:00000000 |gr23:00000000 |
gr24:00000000 |gr25:00000000 |gr26:00000000 |gr27:00000000 |
gr28:00000000 |gr29:00000000 |gr30:00000000 |gr31:00000000 |

PC : 00000b9a |MCAUSE: 08000000
gr 0:00000005 |gr 1:000000ea |gr 2:55555000 |gr 3:ffffffff |
gr 4:00000001 |gr 5:0000001f |gr 6:abcdabcd |gr 7:00000000 |
gr 8:fffffffe |gr 9:00000000 |gr10:00000000 |gr11:00000000 |
gr12:00000000 |gr13:00000000 |gr14:00000000 |gr15:40011000 |
gr16:00000003 |gr17:00000010 |gr18:00000000 |gr19:00000000 |
gr20:00000000 |gr21:00000000 |gr22:00000000 |gr23:00000000 |
gr24:00000000 |gr25:00000000 |gr26:00000000 |gr27:00000000 |
gr28:00000000 |gr29:00000000 |gr30:00000000 |gr31:00000000 |

PC : 00000b9e |MCAUSE: 08000000
gr 0:00000005 |gr 1:000000ea |gr 2:55555555 |gr 3:ffffffff |
gr 4:00000001 |gr 5:0000001f |gr 6:abcdabcd |gr 7:00000000 |
gr 8:fffffffe |gr 9:00000000 |gr10:00000000 |gr11:00000000 |
gr12:00000000 |gr13:00000000 |gr14:00000000 |gr15:40011000 |
gr16:00000003 |gr17:00000010 |gr18:00000000 |gr19:00000000 |
gr20:00000000 |gr21:00000000 |gr22:00000000 |gr23:00000000 |
gr24:00000000 |gr25:00000000 |gr26:00000000 |gr27:00000000 |
gr28:00000000 |gr29:00000000 |gr30:00000000 |gr31:00000000 |

PC : 00000ba2 |MCAUSE: 08000000
gr 0:00000005 |gr 1:000000ea |gr 2:55555555 |gr 3:ffffffff |
gr 4:00000001 |gr 5:0000001f |gr 6:abcdabcd |gr 7:00000000 |
gr 8:fffffffe |gr 9:00000000 |gr10:00000000 |gr11:00000000 |
gr12:00000000 |gr13:00000000 |gr14:00000000 |gr15:40011000 |
gr16:00000003 |gr17:00000010 |gr18:00000000 |gr19:00000000 |
gr20:00000000 |gr21:00000000 |gr22:00000000 |gr23:00000000 |
gr24:00000000 |gr25:00000000 |gr26:00000000 |gr27:00000000 |
gr28:00000000 |gr29:00000000 |gr30:00000000 |gr31:00000000 |

PC : 00000ba6 |MCAUSE: 08000000
gr 0:00000005 |gr 1:000000ea |gr 2:00000000 |gr 3:ffffffff |
gr 4:00000001 |gr 5:0000001f |gr 6:abcdabcd |gr 7:00000000 |
gr 8:fffffffe |gr 9:00000000 |gr10:00000000 |gr11:00000000 |
gr12:00000000 |gr13:00000000 |gr14:00000000 |gr15:40011000 |
gr16:00000003 |gr17:00000010 |gr18:00000000 |gr19:00000000 |
gr20:00000000 |gr21:00000000 |gr22:00000000 |gr23:00000000 |
gr24:00000000 |gr25:00000000 |gr26:00000000 |gr27:00000000 |
gr28:00000000 |gr29:00000000 |gr30:00000000 |gr31:00000000 |

PC : 00000baa |MCAUSE: 08000000
gr 0:00000005 |gr 1:000000ea |gr 2:00000000 |gr 3:00000000 |
gr 4:00000001 |gr 5:0000001f |gr 6:abcdabcd |gr 7:00000000 |
gr 8:fffffffe |gr 9:00000000 |gr10:00000000 |gr11:00000000 |
gr12:00000000 |gr13:00000000 |gr14:00000000 |gr15:40011000 |
gr16:00000003 |gr17:00000010 |gr18:00000000 |gr19:00000000 |
gr20:00000000 |gr21:00000000 |gr22:00000000 |gr23:00000000 |
gr24:00000000 |gr25:00000000 |gr26:00000000 |gr27:00000000 |
gr28:00000000 |gr29:00000000 |gr30:00000000 |gr31:00000000 |

PC : 00000bae |MCAUSE: 08000000
gr 0:00000005 |gr 1:000000ea |gr 2:00000000 |gr 3:00000000 |
gr 4:00000001 |gr 5:0000001f |gr 6:abcdabcd |gr 7:00000000 |
gr 8:fffffffe |gr 9:00000000 |gr10:00000000 |gr11:00000000 |
gr12:00000000 |gr13:00000000 |gr14:00000000 |gr15:40011000 |
gr16:00000003 |gr17:00000010 |gr18:00000000 |gr19:00000000 |
gr20:00000000 |gr21:00000000 |gr22:00000000 |gr23:00000000 |
gr24:00000000 |gr25:00000000 |gr26:00000000 |gr27:00000000 |
gr28:00000000 |gr29:00000000 |gr30:00000000 |gr31:00000000 |

PC : 00000bb6 |MCAUSE: 08000000
gr 0:00000005 |gr 1:000000ea |gr 2:55555000 |gr 3:00000000 |
gr 4:00000001 |gr 5:0000001f |gr 6:abcdabcd |gr 7:00000000 |
gr 8:fffffffe |gr 9:00000000 |gr10:00000000 |gr11:00000000 |
gr12:00000000 |gr13:00000000 |gr14:00000000 |gr15:40011000 |
gr16:00000003 |gr17:00000010 |gr18:00000000 |gr19:00000000 |
gr20:00000000 |gr21:00000000 |gr22:00000000 |gr23:00000000 |
gr24:00000000 |gr25:00000000 |gr26:00000000 |gr27:00000000 |
gr28:00000000 |gr29:00000000 |gr30:00000000 |gr31:00000000 |

PC : 00000bba |MCAUSE: 08000000
gr 0:00000005 |gr 1:000000ea |gr 2:55555555 |gr 3:00000000 |
gr 4:00000001 |gr 5:0000001f |gr 6:abcdabcd |gr 7:00000000 |
gr 8:fffffffe |gr 9:00000000 |gr10:00000000 |gr11:00000000 |
gr12:00000000 |gr13:00000000 |gr14:00000000 |gr15:40011000 |
gr16:00000003 |gr17:00000010 |gr18:00000000 |gr19:00000000 |
gr20:00000000 |gr21:00000000 |gr22:00000000 |gr23:00000000 |
gr24:00000000 |gr25:00000000 |gr26:00000000 |gr27:00000000 |
gr28:00000000 |gr29:00000000 |gr30:00000000 |gr31:00000000 |

PC : 00000bbe |MCAUSE: 08000000
gr 0:00000005 |gr 1:000000ea |gr 2:55555555 |gr 3:00000000 |
gr 4:00000001 |gr 5:00000001 |gr 6:abcdabcd |gr 7:00000000 |
gr 8:fffffffe |gr 9:00000000 |gr10:00000000 |gr11:00000000 |
gr12:00000000 |gr13:00000000 |gr14:00000000 |gr15:40011000 |
gr16:00000003 |gr17:00000010 |gr18:00000000 |gr19:00000000 |
gr20:00000000 |gr21:00000000 |gr22:00000000 |gr23:00000000 |
gr24:00000000 |gr25:00000000 |gr26:00000000 |gr27:00000000 |
gr28:00000000 |gr29:00000000 |gr30:00000000 |gr31:00000000 |

PC : 00000bc2 |MCAUSE: 08000000
gr 0:00000005 |gr 1:000000ea |gr 2:2aaaaaaa |gr 3:00000000 |
gr 4:00000001 |gr 5:00000001 |gr 6:abcdabcd |gr 7:00000000 |
gr 8:fffffffe |gr 9:00000000 |gr10:00000000 |gr11:00000000 |
gr12:00000000 |gr13:00000000 |gr14:00000000 |gr15:40011000 |
gr16:00000003 |gr17:00000010 |gr18:00000000 |gr19:00000000 |
gr20:00000000 |gr21:00000000 |gr22:00000000 |gr23:00000000 |
gr24:00000000 |gr25:00000000 |gr26:00000000 |gr27:00000000 |
gr28:00000000 |gr29:00000000 |gr30:00000000 |gr31:00000000 |

PC : 00000bc6 |MCAUSE: 08000000
gr 0:00000005 |gr 1:000000ea |gr 2:2aaaaaaa |gr 3:2aaab000 |
gr 4:00000001 |gr 5:00000001 |gr 6:abcdabcd |gr 7:00000000 |
gr 8:fffffffe |gr 9:00000000 |gr10:00000000 |gr11:00000000 |
gr12:00000000 |gr13:00000000 |gr14:00000000 |gr15:40011000 |
gr16:00000003 |gr17:00000010 |gr18:00000000 |gr19:00000000 |
gr20:00000000 |gr21:00000000 |gr22:00000000 |gr23:00000000 |
gr24:00000000 |gr25:00000000 |gr26:00000000 |gr27:00000000 |
gr28:00000000 |gr29:00000000 |gr30:00000000 |gr31:00000000 |

PC : 00000bca |MCAUSE: 08000000
gr 0:00000005 |gr 1:000000ea |gr 2:2aaaaaaa |gr 3:2aaaaaaa |
gr 4:00000001 |gr 5:00000001 |gr 6:abcdabcd |gr 7:00000000 |
gr 8:fffffffe |gr 9:00000000 |gr10:00000000 |gr11:00000000 |
gr12:00000000 |gr13:00000000 |gr14:00000000 |gr15:40011000 |
gr16:00000003 |gr17:00000010 |gr18:00000000 |gr19:00000000 |
gr20:00000000 |gr21:00000000 |gr22:00000000 |gr23:00000000 |
gr24:00000000 |gr25:00000000 |gr26:00000000 |gr27:00000000 |
gr28:00000000 |gr29:00000000 |gr30:00000000 |gr31:00000000 |

PC : 00000bce |MCAUSE: 08000000
gr 0:00000005 |gr 1:000000ea |gr 2:2aaaaaaa |gr 3:2aaaaaaa |
gr 4:00000001 |gr 5:00000001 |gr 6:abcdabcd |gr 7:00000000 |
gr 8:fffffffe |gr 9:00000000 |gr10:00000000 |gr11:00000000 |
gr12:00000000 |gr13:00000000 |gr14:00000000 |gr15:40011000 |
gr16:00000003 |gr17:00000010 |gr18:00000000 |gr19:00000000 |
gr20:00000000 |gr21:00000000 |gr22:00000000 |gr23:00000000 |
gr24:00000000 |gr25:00000000 |gr26:00000000 |gr27:00000000 |
gr28:00000000 |gr29:00000000 |gr30:00000000 |gr31:00000000 |

PC : 00000bd6 |MCAUSE: 08000000
gr 0:00000005 |gr 1:000000ea |gr 2:abcd1000 |gr 3:2aaaaaaa |
gr 4:00000001 |gr 5:00000001 |gr 6:abcdabcd |gr 7:00000000 |
gr 8:fffffffe |gr 9:00000000 |gr10:00000000 |gr11:00000000 |
gr12:00000000 |gr13:00000000 |gr14:00000000 |gr15:40011000 |
gr16:00000003 |gr17:00000010 |gr18:00000000 |gr19:00000000 |
gr20:00000000 |gr21:00000000 |gr22:00000000 |gr23:00000000 |
gr24:00000000 |gr25:00000000 |gr26:00000000 |gr27:00000000 |
gr28:00000000 |gr29:00000000 |gr30:00000000 |gr31:00000000 |

PC : 00000bda |MCAUSE: 08000000
gr 0:00000005 |gr 1:000000ea |gr 2:abcd1234 |gr 3:2aaaaaaa |
gr 4:00000001 |gr 5:00000001 |gr 6:abcdabcd |gr 7:00000000 |
gr 8:fffffffe |gr 9:00000000 |gr10:00000000 |gr11:00000000 |
gr12:00000000 |gr13:00000000 |gr14:00000000 |gr15:40011000 |
gr16:00000003 |gr17:00000010 |gr18:00000000 |gr19:00000000 |
gr20:00000000 |gr21:00000000 |gr22:00000000 |gr23:00000000 |
gr24:00000000 |gr25:00000000 |gr26:00000000 |gr27:00000000 |
gr28:00000000 |gr29:00000000 |gr30:00000000 |gr31:00000000 |

PC : 00000bde |MCAUSE: 08000000
gr 0:00000005 |gr 1:000000ea |gr 2:abcd1234 |gr 3:2aaaaaaa |
gr 4:00000001 |gr 5:00000001 |gr 6:abcdabcd |gr 7:00000000 |
gr 8:fffffffe |gr 9:00000000 |gr10:00000000 |gr11:00000000 |
gr12:00000000 |gr13:00000000 |gr14:00000000 |gr15:40011000 |
gr16:00000003 |gr17:00000010 |gr18:00000000 |gr19:00000000 |
gr20:00000000 |gr21:00000000 |gr22:00000000 |gr23:00000000 |
gr24:00000000 |gr25:00000000 |gr26:00000000 |gr27:00000000 |
gr28:00000000 |gr29:00000000 |gr30:00000000 |gr31:00000000 |

PC : 00000be2 |MCAUSE: 08000000
gr 0:00000005 |gr 1:000000ea |gr 2:abcd1234 |gr 3:abcd1000 |
gr 4:00000001 |gr 5:00000001 |gr 6:abcdabcd |gr 7:00000000 |
gr 8:fffffffe |gr 9:00000000 |gr10:00000000 |gr11:00000000 |
gr12:00000000 |gr13:00000000 |gr14:00000000 |gr15:40011000 |
gr16:00000003 |gr17:00000010 |gr18:00000000 |gr19:00000000 |
gr20:00000000 |gr21:00000000 |gr22:00000000 |gr23:00000000 |
gr24:00000000 |gr25:00000000 |gr26:00000000 |gr27:00000000 |
gr28:00000000 |gr29:00000000 |gr30:00000000 |gr31:00000000 |

PC : 00000be6 |MCAUSE: 08000000
gr 0:00000005 |gr 1:000000ea |gr 2:abcd1234 |gr 3:abcd1234 |
gr 4:00000001 |gr 5:00000001 |gr 6:abcdabcd |gr 7:00000000 |
gr 8:fffffffe |gr 9:00000000 |gr10:00000000 |gr11:00000000 |
gr12:00000000 |gr13:00000000 |gr14:00000000 |gr15:40011000 |
gr16:00000003 |gr17:00000010 |gr18:00000000 |gr19:00000000 |
gr20:00000000 |gr21:00000000 |gr22:00000000 |gr23:00000000 |
gr24:00000000 |gr25:00000000 |gr26:00000000 |gr27:00000000 |
gr28:00000000 |gr29:00000000 |gr30:00000000 |gr31:00000000 |

PC : 00000bea |MCAUSE: 08000000
gr 0:00000005 |gr 1:000000ea |gr 2:abcd1234 |gr 3:abcd1234 |
gr 4:00000001 |gr 5:00000001 |gr 6:abcdabcd |gr 7:00000000 |
gr 8:fffffffe |gr 9:00000000 |gr10:00000000 |gr11:00000000 |
gr12:00000000 |gr13:00000000 |gr14:00000000 |gr15:40011000 |
gr16:00000003 |gr17:00000010 |gr18:00000000 |gr19:00000000 |
gr20:00000000 |gr21:00000000 |gr22:00000000 |gr23:00000000 |
gr24:00000000 |gr25:00000000 |gr26:00000000 |gr27:00000000 |
gr28:00000000 |gr29:00000000 |gr30:00000000 |gr31:00000000 |

PC : 00000bf2 |MCAUSE: 08000000
gr 0:00000005 |gr 1:000000ea |gr 2:abcd1234 |gr 3:80000000 |
gr 4:00000001 |gr 5:00000001 |gr 6:abcdabcd |gr 7:00000000 |
gr 8:fffffffe |gr 9:00000000 |gr10:00000000 |gr11:00000000 |
gr12:00000000 |gr13:00000000 |gr14:00000000 |gr15:40011000 |
gr16:00000003 |gr17:00000010 |gr18:00000000 |gr19:00000000 |
gr20:00000000 |gr21:00000000 |gr22:00000000 |gr23:00000000 |
gr24:00000000 |gr25:00000000 |gr26:00000000 |gr27:00000000 |
gr28:00000000 |gr29:00000000 |gr30:00000000 |gr31:00000000 |

PC : 00000bf6 |MCAUSE: 08000000
gr 0:00000005 |gr 1:000000ea |gr 2:abcd1234 |gr 3:80000000 |
gr 4:80000000 |gr 5:00000001 |gr 6:abcdabcd |gr 7:00000000 |
gr 8:fffffffe |gr 9:00000000 |gr10:00000000 |gr11:00000000 |
gr12:00000000 |gr13:00000000 |gr14:00000000 |gr15:40011000 |
gr16:00000003 |gr17:00000010 |gr18:00000000 |gr19:00000000 |
gr20:00000000 |gr21:00000000 |gr22:00000000 |gr23:00000000 |
gr24:00000000 |gr25:00000000 |gr26:00000000 |gr27:00000000 |
gr28:00000000 |gr29:00000000 |gr30:00000000 |gr31:00000000 |

PC : 00000bfa |MCAUSE: 08000000
gr 0:00000005 |gr 1:000000ea |gr 2:abcd1234 |gr 3:80000000 |
gr 4:7fffffff |gr 5:00000001 |gr 6:abcdabcd |gr 7:00000000 |
gr 8:fffffffe |gr 9:00000000 |gr10:00000000 |gr11:00000000 |
gr12:00000000 |gr13:00000000 |gr14:00000000 |gr15:40011000 |
gr16:00000003 |gr17:00000010 |gr18:00000000 |gr19:00000000 |
gr20:00000000 |gr21:00000000 |gr22:00000000 |gr23:00000000 |
gr24:00000000 |gr25:00000000 |gr26:00000000 |gr27:00000000 |
gr28:00000000 |gr29:00000000 |gr30:00000000 |gr31:00000000 |

PC : 00000bfe |MCAUSE: 08000000
gr 0:00000005 |gr 1:000000ea |gr 2:abcd1234 |gr 3:80000000 |
gr 4:7fffffff |gr 5:00000001 |gr 6:abcdabcd |gr 7:00000000 |
gr 8:fffffffe |gr 9:00000000 |gr10:000ac000 |gr11:00000000 |
gr12:00000000 |gr13:00000000 |gr14:00000000 |gr15:40011000 |
gr16:00000003 |gr17:00000010 |gr18:00000000 |gr19:00000000 |
gr20:00000000 |gr21:00000000 |gr22:00000000 |gr23:00000000 |
gr24:00000000 |gr25:00000000 |gr26:00000000 |gr27:00000000 |
gr28:00000000 |gr29:00000000 |gr30:00000000 |gr31:00000000 |

PC : 00000c02 |MCAUSE: 08000000
gr 0:00000005 |gr 1:000000ea |gr 2:abcd1234 |gr 3:80000000 |
gr 4:7fffffff |gr 5:00000001 |gr 6:abcdabcd |gr 7:00000000 |
gr 8:fffffffe |gr 9:00000000 |gr10:000abcde |gr11:00000000 |
gr12:00000000 |gr13:00000000 |gr14:00000000 |gr15:40011000 |
gr16:00000003 |gr17:00000010 |gr18:00000000 |gr19:00000000 |
gr20:00000000 |gr21:00000000 |gr22:00000000 |gr23:00000000 |
gr24:00000000 |gr25:00000000 |gr26:00000000 |gr27:00000000 |
gr28:00000000 |gr29:00000000 |gr30:00000000 |gr31:00000000 |

PC : 00000c06 |MCAUSE: 08000000
gr 0:00000005 |gr 1:000000ea |gr 2:abcd1234 |gr 3:80000000 |
gr 4:7fffffff |gr 5:00000000 |gr 6:abcdabcd |gr 7:00000000 |
gr 8:fffffffe |gr 9:00000000 |gr10:000abcde |gr11:00000000 |
gr12:00000000 |gr13:00000000 |gr14:00000000 |gr15:40011000 |
gr16:00000003 |gr17:00000010 |gr18:00000000 |gr19:00000000 |
gr20:00000000 |gr21:00000000 |gr22:00000000 |gr23:00000000 |
gr24:00000000 |gr25:00000000 |gr26:00000000 |gr27:00000000 |
gr28:00000000 |gr29:00000000 |gr30:00000000 |gr31:00000000 |

PC : 00000c0a |MCAUSE: 08000000
gr 0:00000005 |gr 1:000000ea |gr 2:abcd1234 |gr 3:80000000 |
gr 4:7fffffff |gr 5:00000000 |gr 6:abcdabcd |gr 7:00000000 |
gr 8:fffffffe |gr 9:00000000 |gr10:000abcde |gr11:00000000 |
gr12:00000000 |gr13:00000000 |gr14:00000000 |gr15:40011000 |
gr16:00000003 |gr17:00000010 |gr18:00000000 |gr19:00000000 |
gr20:00000000 |gr21:00000000 |gr22:00000000 |gr23:00000000 |
gr24:00000000 |gr25:00000000 |gr26:00000000 |gr27:00000000 |
gr28:00000000 |gr29:00000000 |gr30:00000000 |gr31:00000000 |

PC : 00000c12 |MCAUSE: 08000000
gr 0:00000005 |gr 1:000000ea |gr 2:abcd1234 |gr 3:80000000 |
gr 4:7fffffff |gr 5:00000000 |gr 6:abcdabcd |gr 7:00000000 |
gr 8:fffffffe |gr 9:00000000 |gr10:000abcde |gr11:00000000 |
gr12:00000000 |gr13:00000000 |gr14:00000000 |gr15:40011000 |
gr16:00000003 |gr17:00000010 |gr18:00000000 |gr19:00000000 |
gr20:00000000 |gr21:00000000 |gr22:00000000 |gr23:00000000 |
gr24:00000000 |gr25:00000000 |gr26:00000000 |gr27:00000000 |
gr28:00000000 |gr29:00000000 |gr30:00000000 |gr31:00000000 |

PC : 00000c16 |MCAUSE: 08000000
gr 0:00000005 |gr 1:000000ea |gr 2:abcd1234 |gr 3:80000000 |
gr 4:7fffffff |gr 5:00000000 |gr 6:abcdabcd |gr 7:00000000 |
gr 8:fffffffe |gr 9:00000000 |gr10:000abcde |gr11:00000000 |
gr12:00000000 |gr13:00000000 |gr14:00000000 |gr15:40011000 |
gr16:00000003 |gr17:00000010 |gr18:00000000 |gr19:00000000 |
gr20:00000000 |gr21:00000000 |gr22:00000000 |gr23:00000000 |
gr24:00000000 |gr25:00000000 |gr26:00000000 |gr27:00000000 |
gr28:00000000 |gr29:00000000 |gr30:00000000 |gr31:00000000 |

PC : 00000c1e |MCAUSE: 08000000
gr 0:00000005 |gr 1:000000ea |gr 2:abcd1234 |gr 3:80000000 |
gr 4:7fffffff |gr 5:00000000 |gr 6:abcdabcd |gr 7:00000000 |
gr 8:fffffffe |gr 9:00000000 |gr10:000abcde |gr11:00000000 |
gr12:00000000 |gr13:00000000 |gr14:00000000 |gr15:40011000 |
gr16:00000003 |gr17:00000010 |gr18:00000000 |gr19:00000000 |
gr20:00000000 |gr21:00000000 |gr22:00000000 |gr23:00000000 |
gr24:00000000 |gr25:00000000 |gr26:00000000 |gr27:00000000 |
gr28:00000000 |gr29:00000000 |gr30:00000000 |gr31:00000000 |

PC : 00000c22 |MCAUSE: 08000000
gr 0:00000005 |gr 1:000000ea |gr 2:abcd1234 |gr 3:80000000 |
gr 4:7fffffff |gr 5:00000000 |gr 6:abcdabcd |gr 7:00000000 |
gr 8:fffffffe |gr 9:00000000 |gr10:000abcde |gr11:00000000 |
gr12:00000000 |gr13:00000000 |gr14:00000000 |gr15:40011000 |
gr16:00000003 |gr17:00000010 |gr18:00000000 |gr19:00000000 |
gr20:00000000 |gr21:00000000 |gr22:00000000 |gr23:00000000 |
gr24:00000000 |gr25:00000000 |gr26:00000000 |gr27:00000000 |
gr28:00000000 |gr29:00000000 |gr30:00000000 |gr31:00000000 |

PC : 00000c2a |MCAUSE: 08000000
gr 0:00000005 |gr 1:000000ea |gr 2:abcd1234 |gr 3:80000000 |
gr 4:7fffffff |gr 5:00000001 |gr 6:abcdabcd |gr 7:00000000 |
gr 8:fffffffe |gr 9:00000000 |gr10:000abcde |gr11:00000000 |
gr12:00000000 |gr13:00000000 |gr14:00000000 |gr15:40011000 |
gr16:00000003 |gr17:00000010 |gr18:00000000 |gr19:00000000 |
gr20:00000000 |gr21:00000000 |gr22:00000000 |gr23:00000000 |
gr24:00000000 |gr25:00000000 |gr26:00000000 |gr27:00000000 |
gr28:00000000 |gr29:00000000 |gr30:00000000 |gr31:00000000 |

PC : 00000c2e |MCAUSE: 08000000
gr 0:00000005 |gr 1:000000ea |gr 2:abcd1234 |gr 3:80000000 |
gr 4:7fffffff |gr 5:00000001 |gr 6:00000001 |gr 7:00000000 |
gr 8:fffffffe |gr 9:00000000 |gr10:000abcde |gr11:00000000 |
gr12:00000000 |gr13:00000000 |gr14:00000000 |gr15:40011000 |
gr16:00000003 |gr17:00000010 |gr18:00000000 |gr19:00000000 |
gr20:00000000 |gr21:00000000 |gr22:00000000 |gr23:00000000 |
gr24:00000000 |gr25:00000000 |gr26:00000000 |gr27:00000000 |
gr28:00000000 |gr29:00000000 |gr30:00000000 |gr31:00000000 |

PC : 00000c32 |MCAUSE: 08000000
gr 0:00000005 |gr 1:000000ea |gr 2:abcd1234 |gr 3:80000000 |
gr 4:7fffffff |gr 5:00000001 |gr 6:00000001 |gr 7:00000000 |
gr 8:fffffffe |gr 9:00000000 |gr10:000abcde |gr11:00000000 |
gr12:00000000 |gr13:00000000 |gr14:00000000 |gr15:40011000 |
gr16:00000003 |gr17:00000010 |gr18:00000000 |gr19:00000000 |
gr20:00000000 |gr21:00000000 |gr22:00000000 |gr23:00000000 |
gr24:00000000 |gr25:00000000 |gr26:00000000 |gr27:00000000 |
gr28:00000000 |gr29:00000000 |gr30:00000000 |gr31:00000000 |

PC : 00000c3a |MCAUSE: 08000000
gr 0:00000005 |gr 1:000000ea |gr 2:abcd1234 |gr 3:80000000 |
gr 4:7fffffff |gr 5:00000000 |gr 6:00000001 |gr 7:00000000 |
gr 8:fffffffe |gr 9:00000000 |gr10:000abcde |gr11:00000000 |
gr12:00000000 |gr13:00000000 |gr14:00000000 |gr15:40011000 |
gr16:00000003 |gr17:00000010 |gr18:00000000 |gr19:00000000 |
gr20:00000000 |gr21:00000000 |gr22:00000000 |gr23:00000000 |
gr24:00000000 |gr25:00000000 |gr26:00000000 |gr27:00000000 |
gr28:00000000 |gr29:00000000 |gr30:00000000 |gr31:00000000 |

PC : 00000c3e |MCAUSE: 08000000
gr 0:00000005 |gr 1:000000ea |gr 2:abcd1234 |gr 3:80000000 |
gr 4:7fffffff |gr 5:00000000 |gr 6:00000001 |gr 7:00000000 |
gr 8:fffffffe |gr 9:00000000 |gr10:000abcde |gr11:00000000 |
gr12:00000000 |gr13:00000000 |gr14:00000000 |gr15:40011000 |
gr16:00000003 |gr17:00000010 |gr18:00000000 |gr19:00000000 |
gr20:00000000 |gr21:00000000 |gr22:00000000 |gr23:00000000 |
gr24:00000000 |gr25:00000000 |gr26:00000000 |gr27:00000000 |
gr28:00000000 |gr29:00000000 |gr30:00000000 |gr31:00000000 |

PC : 00000c46 |MCAUSE: 08000000
gr 0:00000005 |gr 1:000000ea |gr 2:abcd1234 |gr 3:80000000 |
gr 4:7fffffff |gr 5:80000000 |gr 6:00000001 |gr 7:00000000 |
gr 8:fffffffe |gr 9:00000000 |gr10:000abcde |gr11:00000000 |
gr12:00000000 |gr13:00000000 |gr14:00000000 |gr15:40011000 |
gr16:00000003 |gr17:00000010 |gr18:00000000 |gr19:00000000 |
gr20:00000000 |gr21:00000000 |gr22:00000000 |gr23:00000000 |
gr24:00000000 |gr25:00000000 |gr26:00000000 |gr27:00000000 |
gr28:00000000 |gr29:00000000 |gr30:00000000 |gr31:00000000 |

PC : 00000c4a |MCAUSE: 08000000
gr 0:00000005 |gr 1:000000ea |gr 2:abcd1234 |gr 3:80000000 |
gr 4:7fffffff |gr 5:80000000 |gr 6:80000000 |gr 7:00000000 |
gr 8:fffffffe |gr 9:00000000 |gr10:000abcde |gr11:00000000 |
gr12:00000000 |gr13:00000000 |gr14:00000000 |gr15:40011000 |
gr16:00000003 |gr17:00000010 |gr18:00000000 |gr19:00000000 |
gr20:00000000 |gr21:00000000 |gr22:00000000 |gr23:00000000 |
gr24:00000000 |gr25:00000000 |gr26:00000000 |gr27:00000000 |
gr28:00000000 |gr29:00000000 |gr30:00000000 |gr31:00000000 |

PC : 00000c4e |MCAUSE: 08000000
gr 0:00000005 |gr 1:000000ea |gr 2:abcd1234 |gr 3:80000000 |
gr 4:7fffffff |gr 5:80000000 |gr 6:80000000 |gr 7:00000000 |
gr 8:fffffffe |gr 9:00000000 |gr10:000abcde |gr11:00000000 |
gr12:00000000 |gr13:00000000 |gr14:00000000 |gr15:40011000 |
gr16:00000003 |gr17:00000010 |gr18:00000000 |gr19:00000000 |
gr20:00000000 |gr21:00000000 |gr22:00000000 |gr23:00000000 |
gr24:00000000 |gr25:00000000 |gr26:00000000 |gr27:00000000 |
gr28:00000000 |gr29:00000000 |gr30:00000000 |gr31:00000000 |

PC : 00000c56 |MCAUSE: 08000000
gr 0:00000005 |gr 1:000000ea |gr 2:abcd1234 |gr 3:80000000 |
gr 4:7fffffff |gr 5:fff54322 |gr 6:80000000 |gr 7:00000000 |
gr 8:fffffffe |gr 9:00000000 |gr10:000abcde |gr11:00000000 |
gr12:00000000 |gr13:00000000 |gr14:00000000 |gr15:40011000 |
gr16:00000003 |gr17:00000010 |gr18:00000000 |gr19:00000000 |
gr20:00000000 |gr21:00000000 |gr22:00000000 |gr23:00000000 |
gr24:00000000 |gr25:00000000 |gr26:00000000 |gr27:00000000 |
gr28:00000000 |gr29:00000000 |gr30:00000000 |gr31:00000000 |

PC : 00000c5a |MCAUSE: 08000000
gr 0:00000005 |gr 1:000000ea |gr 2:abcd1234 |gr 3:80000000 |
gr 4:7fffffff |gr 5:fff54322 |gr 6:fff54000 |gr 7:00000000 |
gr 8:fffffffe |gr 9:00000000 |gr10:000abcde |gr11:00000000 |
gr12:00000000 |gr13:00000000 |gr14:00000000 |gr15:40011000 |
gr16:00000003 |gr17:00000010 |gr18:00000000 |gr19:00000000 |
gr20:00000000 |gr21:00000000 |gr22:00000000 |gr23:00000000 |
gr24:00000000 |gr25:00000000 |gr26:00000000 |gr27:00000000 |
gr28:00000000 |gr29:00000000 |gr30:00000000 |gr31:00000000 |

PC : 00000c5e |MCAUSE: 08000000
gr 0:00000005 |gr 1:000000ea |gr 2:abcd1234 |gr 3:80000000 |
gr 4:7fffffff |gr 5:fff54322 |gr 6:fff54322 |gr 7:00000000 |
gr 8:fffffffe |gr 9:00000000 |gr10:000abcde |gr11:00000000 |
gr12:00000000 |gr13:00000000 |gr14:00000000 |gr15:40011000 |
gr16:00000003 |gr17:00000010 |gr18:00000000 |gr19:00000000 |
gr20:00000000 |gr21:00000000 |gr22:00000000 |gr23:00000000 |
gr24:00000000 |gr25:00000000 |gr26:00000000 |gr27:00000000 |
gr28:00000000 |gr29:00000000 |gr30:00000000 |gr31:00000000 |

PC : 00000c62 |MCAUSE: 08000000
gr 0:00000005 |gr 1:000000ea |gr 2:abcd1234 |gr 3:80000000 |
gr 4:7fffffff |gr 5:fff54322 |gr 6:fff54322 |gr 7:00000000 |
gr 8:fffffffe |gr 9:00000000 |gr10:000abcde |gr11:00000000 |
gr12:00000000 |gr13:00000000 |gr14:00000000 |gr15:40011000 |
gr16:00000003 |gr17:00000010 |gr18:00000000 |gr19:00000000 |
gr20:00000000 |gr21:00000000 |gr22:00000000 |gr23:00000000 |
gr24:00000000 |gr25:00000000 |gr26:00000000 |gr27:00000000 |
gr28:00000000 |gr29:00000000 |gr30:00000000 |gr31:00000000 |

PC : 00000c6a |MCAUSE: 08000000
gr 0:00000005 |gr 1:000000ea |gr 2:abcd1234 |gr 3:80000000 |
gr 4:7fffffff |gr 5:00000000 |gr 6:fff54322 |gr 7:00000000 |
gr 8:fffffffe |gr 9:00000000 |gr10:000abcde |gr11:00000000 |
gr12:00000000 |gr13:00000000 |gr14:00000000 |gr15:40011000 |
gr16:00000003 |gr17:00000010 |gr18:00000000 |gr19:00000000 |
gr20:00000000 |gr21:00000000 |gr22:00000000 |gr23:00000000 |
gr24:00000000 |gr25:00000000 |gr26:00000000 |gr27:00000000 |
gr28:00000000 |gr29:00000000 |gr30:00000000 |gr31:00000000 |

PC : 00000c6e |MCAUSE: 08000000
gr 0:00000005 |gr 1:000000ea |gr 2:abcd1234 |gr 3:80000000 |
gr 4:7fffffff |gr 5:00000000 |gr 6:00000000 |gr 7:00000000 |
gr 8:fffffffe |gr 9:00000000 |gr10:000abcde |gr11:00000000 |
gr12:00000000 |gr13:00000000 |gr14:00000000 |gr15:40011000 |
gr16:00000003 |gr17:00000010 |gr18:00000000 |gr19:00000000 |
gr20:00000000 |gr21:00000000 |gr22:00000000 |gr23:00000000 |
gr24:00000000 |gr25:00000000 |gr26:00000000 |gr27:00000000 |
gr28:00000000 |gr29:00000000 |gr30:00000000 |gr31:00000000 |

PC : 00000c72 |MCAUSE: 08000000
gr 0:00000005 |gr 1:000000ea |gr 2:abcd1234 |gr 3:80000000 |
gr 4:7fffffff |gr 5:00000000 |gr 6:00000000 |gr 7:00000000 |
gr 8:fffffffe |gr 9:00000000 |gr10:000abcde |gr11:00000000 |
gr12:00000000 |gr13:00000000 |gr14:00000000 |gr15:40011000 |
gr16:00000003 |gr17:00000010 |gr18:00000000 |gr19:00000000 |
gr20:00000000 |gr21:00000000 |gr22:00000000 |gr23:00000000 |
gr24:00000000 |gr25:00000000 |gr26:00000000 |gr27:00000000 |
gr28:00000000 |gr29:00000000 |gr30:00000000 |gr31:00000000 |

PC : 00000c7a |MCAUSE: 08000000
gr 0:00000005 |gr 1:000000ea |gr 2:abcd1234 |gr 3:80000000 |
gr 4:7fffffff |gr 5:00000000 |gr 6:00000000 |gr 7:00000000 |
gr 8:fffffffe |gr 9:00000000 |gr10:000abcde |gr11:00000000 |
gr12:00000000 |gr13:00000000 |gr14:00000000 |gr15:40011000 |
gr16:00000003 |gr17:00000010 |gr18:00000000 |gr19:00000000 |
gr20:00000000 |gr21:00000000 |gr22:00000000 |gr23:00000000 |
gr24:00000000 |gr25:00000000 |gr26:00000000 |gr27:00000000 |
gr28:00000000 |gr29:00000000 |gr30:00000000 |gr31:00000000 |

PC : 00000c7e |MCAUSE: 08000000
gr 0:00000005 |gr 1:000000ea |gr 2:abcd1234 |gr 3:80000000 |
gr 4:7fffffff |gr 5:00000000 |gr 6:00000000 |gr 7:00000000 |
gr 8:fffffffe |gr 9:00000000 |gr10:000abcde |gr11:00000000 |
gr12:00000000 |gr13:00000000 |gr14:00000000 |gr15:40011000 |
gr16:00000003 |gr17:00000010 |gr18:00000000 |gr19:00000000 |
gr20:00000000 |gr21:00000000 |gr22:00000000 |gr23:00000000 |
gr24:00000000 |gr25:00000000 |gr26:00000000 |gr27:00000000 |
gr28:00000000 |gr29:00000000 |gr30:00000000 |gr31:00000000 |

PC : 00000c86 |MCAUSE: 08000000
gr 0:00000005 |gr 1:000000ea |gr 2:abcd1234 |gr 3:80000000 |
gr 4:7fffffff |gr 5:80000000 |gr 6:00000000 |gr 7:00000000 |
gr 8:fffffffe |gr 9:00000000 |gr10:000abcde |gr11:00000000 |
gr12:00000000 |gr13:00000000 |gr14:00000000 |gr15:40011000 |
gr16:00000003 |gr17:00000010 |gr18:00000000 |gr19:00000000 |
gr20:00000000 |gr21:00000000 |gr22:00000000 |gr23:00000000 |
gr24:00000000 |gr25:00000000 |gr26:00000000 |gr27:00000000 |
gr28:00000000 |gr29:00000000 |gr30:00000000 |gr31:00000000 |

PC : 00000c8a |MCAUSE: 08000000
gr 0:00000005 |gr 1:000000ea |gr 2:abcd1234 |gr 3:80000000 |
gr 4:7fffffff |gr 5:80000000 |gr 6:80000000 |gr 7:00000000 |
gr 8:fffffffe |gr 9:00000000 |gr10:000abcde |gr11:00000000 |
gr12:00000000 |gr13:00000000 |gr14:00000000 |gr15:40011000 |
gr16:00000003 |gr17:00000010 |gr18:00000000 |gr19:00000000 |
gr20:00000000 |gr21:00000000 |gr22:00000000 |gr23:00000000 |
gr24:00000000 |gr25:00000000 |gr26:00000000 |gr27:00000000 |
gr28:00000000 |gr29:00000000 |gr30:00000000 |gr31:00000000 |

PC : 00000c8e |MCAUSE: 08000000
gr 0:00000005 |gr 1:000000ea |gr 2:abcd1234 |gr 3:80000000 |
gr 4:7fffffff |gr 5:80000000 |gr 6:80000000 |gr 7:00000000 |
gr 8:fffffffe |gr 9:00000000 |gr10:000abcde |gr11:00000000 |
gr12:00000000 |gr13:00000000 |gr14:00000000 |gr15:40011000 |
gr16:00000003 |gr17:00000010 |gr18:00000000 |gr19:00000000 |
gr20:00000000 |gr21:00000000 |gr22:00000000 |gr23:00000000 |
gr24:00000000 |gr25:00000000 |gr26:00000000 |gr27:00000000 |
gr28:00000000 |gr29:00000000 |gr30:00000000 |gr31:00000000 |

PC : 00000c96 |MCAUSE: 08000000
gr 0:00000005 |gr 1:000000ea |gr 2:abcd1234 |gr 3:80000000 |
gr 4:7fffffff |gr 5:00000000 |gr 6:80000000 |gr 7:00000000 |
gr 8:fffffffe |gr 9:00000000 |gr10:000abcde |gr11:00000000 |
gr12:00000000 |gr13:00000000 |gr14:00000000 |gr15:40011000 |
gr16:00000003 |gr17:00000010 |gr18:00000000 |gr19:00000000 |
gr20:00000000 |gr21:00000000 |gr22:00000000 |gr23:00000000 |
gr24:00000000 |gr25:00000000 |gr26:00000000 |gr27:00000000 |
gr28:00000000 |gr29:00000000 |gr30:00000000 |gr31:00000000 |

PC : 00000c9a |MCAUSE: 08000000
gr 0:00000005 |gr 1:000000ea |gr 2:abcd1234 |gr 3:80000000 |
gr 4:7fffffff |gr 5:00000000 |gr 6:00000000 |gr 7:00000000 |
gr 8:fffffffe |gr 9:00000000 |gr10:000abcde |gr11:00000000 |
gr12:00000000 |gr13:00000000 |gr14:00000000 |gr15:40011000 |
gr16:00000003 |gr17:00000010 |gr18:00000000 |gr19:00000000 |
gr20:00000000 |gr21:00000000 |gr22:00000000 |gr23:00000000 |
gr24:00000000 |gr25:00000000 |gr26:00000000 |gr27:00000000 |
gr28:00000000 |gr29:00000000 |gr30:00000000 |gr31:00000000 |

PC : 00000c9e |MCAUSE: 08000000
gr 0:00000005 |gr 1:000000ea |gr 2:abcd1234 |gr 3:80000000 |
gr 4:7fffffff |gr 5:00000000 |gr 6:00000000 |gr 7:00000000 |
gr 8:fffffffe |gr 9:00000000 |gr10:000abcde |gr11:00000000 |
gr12:00000000 |gr13:00000000 |gr14:00000000 |gr15:40011000 |
gr16:00000003 |gr17:00000010 |gr18:00000000 |gr19:00000000 |
gr20:00000000 |gr21:00000000 |gr22:00000000 |gr23:00000000 |
gr24:00000000 |gr25:00000000 |gr26:00000000 |gr27:00000000 |
gr28:00000000 |gr29:00000000 |gr30:00000000 |gr31:00000000 |

PC : 00000ca6 |MCAUSE: 08000000
gr 0:00000005 |gr 1:000000ea |gr 2:abcd1234 |gr 3:80000000 |
gr 4:7fffffff |gr 5:4caed084 |gr 6:00000000 |gr 7:00000000 |
gr 8:fffffffe |gr 9:00000000 |gr10:000abcde |gr11:00000000 |
gr12:00000000 |gr13:00000000 |gr14:00000000 |gr15:40011000 |
gr16:00000003 |gr17:00000010 |gr18:00000000 |gr19:00000000 |
gr20:00000000 |gr21:00000000 |gr22:00000000 |gr23:00000000 |
gr24:00000000 |gr25:00000000 |gr26:00000000 |gr27:00000000 |
gr28:00000000 |gr29:00000000 |gr30:00000000 |gr31:00000000 |

PC : 00000caa |MCAUSE: 08000000
gr 0:00000005 |gr 1:000000ea |gr 2:abcd1234 |gr 3:80000000 |
gr 4:7fffffff |gr 5:4caed084 |gr 6:4caed000 |gr 7:00000000 |
gr 8:fffffffe |gr 9:00000000 |gr10:000abcde |gr11:00000000 |
gr12:00000000 |gr13:00000000 |gr14:00000000 |gr15:40011000 |
gr16:00000003 |gr17:00000010 |gr18:00000000 |gr19:00000000 |
gr20:00000000 |gr21:00000000 |gr22:00000000 |gr23:00000000 |
gr24:00000000 |gr25:00000000 |gr26:00000000 |gr27:00000000 |
gr28:00000000 |gr29:00000000 |gr30:00000000 |gr31:00000000 |

PC : 00000cae |MCAUSE: 08000000
gr 0:00000005 |gr 1:000000ea |gr 2:abcd1234 |gr 3:80000000 |
gr 4:7fffffff |gr 5:4caed084 |gr 6:4caed084 |gr 7:00000000 |
gr 8:fffffffe |gr 9:00000000 |gr10:000abcde |gr11:00000000 |
gr12:00000000 |gr13:00000000 |gr14:00000000 |gr15:40011000 |
gr16:00000003 |gr17:00000010 |gr18:00000000 |gr19:00000000 |
gr20:00000000 |gr21:00000000 |gr22:00000000 |gr23:00000000 |
gr24:00000000 |gr25:00000000 |gr26:00000000 |gr27:00000000 |
gr28:00000000 |gr29:00000000 |gr30:00000000 |gr31:00000000 |

PC : 00000cb2 |MCAUSE: 08000000
gr 0:00000005 |gr 1:000000ea |gr 2:abcd1234 |gr 3:80000000 |
gr 4:7fffffff |gr 5:4caed084 |gr 6:4caed084 |gr 7:00000000 |
gr 8:fffffffe |gr 9:00000000 |gr10:000abcde |gr11:00000000 |
gr12:00000000 |gr13:00000000 |gr14:00000000 |gr15:40011000 |
gr16:00000003 |gr17:00000010 |gr18:00000000 |gr19:00000000 |
gr20:00000000 |gr21:00000000 |gr22:00000000 |gr23:00000000 |
gr24:00000000 |gr25:00000000 |gr26:00000000 |gr27:00000000 |
gr28:00000000 |gr29:00000000 |gr30:00000000 |gr31:00000000 |

PC : 00000cba |MCAUSE: 08000000
gr 0:00000005 |gr 1:000000ea |gr 2:abcd1234 |gr 3:80000000 |
gr 4:7fffffff |gr 5:4caed084 |gr 6:4caed084 |gr 7:00000000 |
gr 8:fffffffe |gr 9:00000000 |gr10:000abcde |gr11:00000000 |
gr12:00000000 |gr13:00000000 |gr14:00000000 |gr15:40011000 |
gr16:00000003 |gr17:00000010 |gr18:00000000 |gr19:00000000 |
gr20:00000000 |gr21:00000000 |gr22:00000000 |gr23:00000000 |
gr24:00000000 |gr25:00000000 |gr26:00000000 |gr27:00000000 |
gr28:00000000 |gr29:00000000 |gr30:00000000 |gr31:00000000 |

PC : 00000cbe |MCAUSE: 08000000
gr 0:00000005 |gr 1:000000ea |gr 2:abcd1234 |gr 3:7fffffff |
gr 4:7fffffff |gr 5:4caed084 |gr 6:4caed084 |gr 7:00000000 |
gr 8:fffffffe |gr 9:00000000 |gr10:000abcde |gr11:00000000 |
gr12:00000000 |gr13:00000000 |gr14:00000000 |gr15:40011000 |
gr16:00000003 |gr17:00000010 |gr18:00000000 |gr19:00000000 |
gr20:00000000 |gr21:00000000 |gr22:00000000 |gr23:00000000 |
gr24:00000000 |gr25:00000000 |gr26:00000000 |gr27:00000000 |
gr28:00000000 |gr29:00000000 |gr30:00000000 |gr31:00000000 |

PC : 00000cc2 |MCAUSE: 08000000
gr 0:00000005 |gr 1:000000ea |gr 2:abcd1234 |gr 3:7fffffff |
gr 4:80000000 |gr 5:4caed084 |gr 6:4caed084 |gr 7:00000000 |
gr 8:fffffffe |gr 9:00000000 |gr10:000abcde |gr11:00000000 |
gr12:00000000 |gr13:00000000 |gr14:00000000 |gr15:40011000 |
gr16:00000003 |gr17:00000010 |gr18:00000000 |gr19:00000000 |
gr20:00000000 |gr21:00000000 |gr22:00000000 |gr23:00000000 |
gr24:00000000 |gr25:00000000 |gr26:00000000 |gr27:00000000 |
gr28:00000000 |gr29:00000000 |gr30:00000000 |gr31:00000000 |

PC : 00000cc6 |MCAUSE: 08000000
gr 0:00000005 |gr 1:000000ea |gr 2:abcd1234 |gr 3:7fffffff |
gr 4:80000000 |gr 5:4caed084 |gr 6:4caed084 |gr 7:00000000 |
gr 8:fffffffe |gr 9:00000000 |gr10:000ac000 |gr11:00000000 |
gr12:00000000 |gr13:00000000 |gr14:00000000 |gr15:40011000 |
gr16:00000003 |gr17:00000010 |gr18:00000000 |gr19:00000000 |
gr20:00000000 |gr21:00000000 |gr22:00000000 |gr23:00000000 |
gr24:00000000 |gr25:00000000 |gr26:00000000 |gr27:00000000 |
gr28:00000000 |gr29:00000000 |gr30:00000000 |gr31:00000000 |

PC : 00000cca |MCAUSE: 08000000
gr 0:00000005 |gr 1:000000ea |gr 2:abcd1234 |gr 3:7fffffff |
gr 4:80000000 |gr 5:4caed084 |gr 6:4caed084 |gr 7:00000000 |
gr 8:fffffffe |gr 9:00000000 |gr10:000abcde |gr11:00000000 |
gr12:00000000 |gr13:00000000 |gr14:00000000 |gr15:40011000 |
gr16:00000003 |gr17:00000010 |gr18:00000000 |gr19:00000000 |
gr20:00000000 |gr21:00000000 |gr22:00000000 |gr23:00000000 |
gr24:00000000 |gr25:00000000 |gr26:00000000 |gr27:00000000 |
gr28:00000000 |gr29:00000000 |gr30:00000000 |gr31:00000000 |

PC : 00000cce |MCAUSE: 08000000
gr 0:00000005 |gr 1:000000ea |gr 2:abcd1234 |gr 3:7fffffff |
gr 4:80000000 |gr 5:4caed084 |gr 6:4caed084 |gr 7:00000000 |
gr 8:fffffffe |gr 9:00000000 |gr10:000abcde |gr11:cdeac000 |
gr12:00000000 |gr13:00000000 |gr14:00000000 |gr15:40011000 |
gr16:00000003 |gr17:00000010 |gr18:00000000 |gr19:00000000 |
gr20:00000000 |gr21:00000000 |gr22:00000000 |gr23:00000000 |
gr24:00000000 |gr25:00000000 |gr26:00000000 |gr27:00000000 |
gr28:00000000 |gr29:00000000 |gr30:00000000 |gr31:00000000 |

PC : 00000cd2 |MCAUSE: 08000000
gr 0:00000005 |gr 1:000000ea |gr 2:abcd1234 |gr 3:7fffffff |
gr 4:80000000 |gr 5:4caed084 |gr 6:4caed084 |gr 7:00000000 |
gr 8:fffffffe |gr 9:00000000 |gr10:000abcde |gr11:cdeabcde |
gr12:00000000 |gr13:00000000 |gr14:00000000 |gr15:40011000 |
gr16:00000003 |gr17:00000010 |gr18:00000000 |gr19:00000000 |
gr20:00000000 |gr21:00000000 |gr22:00000000 |gr23:00000000 |
gr24:00000000 |gr25:00000000 |gr26:00000000 |gr27:00000000 |
gr28:00000000 |gr29:00000000 |gr30:00000000 |gr31:00000000 |

PC : 00000cd6 |MCAUSE: 08000000
gr 0:00000005 |gr 1:000000ea |gr 2:abcd1234 |gr 3:7fffffff |
gr 4:80000000 |gr 5:00000000 |gr 6:4caed084 |gr 7:00000000 |
gr 8:fffffffe |gr 9:00000000 |gr10:000abcde |gr11:cdeabcde |
gr12:00000000 |gr13:00000000 |gr14:00000000 |gr15:40011000 |
gr16:00000003 |gr17:00000010 |gr18:00000000 |gr19:00000000 |
gr20:00000000 |gr21:00000000 |gr22:00000000 |gr23:00000000 |
gr24:00000000 |gr25:00000000 |gr26:00000000 |gr27:00000000 |
gr28:00000000 |gr29:00000000 |gr30:00000000 |gr31:00000000 |

PC : 00000cda |MCAUSE: 08000000
gr 0:00000005 |gr 1:000000ea |gr 2:abcd1234 |gr 3:7fffffff |
gr 4:80000000 |gr 5:00000000 |gr 6:4caed084 |gr 7:00000000 |
gr 8:fffffffe |gr 9:00000000 |gr10:000abcde |gr11:cdeabcde |
gr12:00000000 |gr13:00000000 |gr14:00000000 |gr15:40011000 |
gr16:00000003 |gr17:00000010 |gr18:00000000 |gr19:00000000 |
gr20:00000000 |gr21:00000000 |gr22:00000000 |gr23:00000000 |
gr24:00000000 |gr25:00000000 |gr26:00000000 |gr27:00000000 |
gr28:00000000 |gr29:00000000 |gr30:00000000 |gr31:00000000 |

PC : 00000ce2 |MCAUSE: 08000000
gr 0:00000005 |gr 1:000000ea |gr 2:abcd1234 |gr 3:7fffffff |
gr 4:80000000 |gr 5:00000000 |gr 6:4caed084 |gr 7:00000000 |
gr 8:fffffffe |gr 9:00000000 |gr10:000abcde |gr11:cdeabcde |
gr12:00000000 |gr13:00000000 |gr14:00000000 |gr15:40011000 |
gr16:00000003 |gr17:00000010 |gr18:00000000 |gr19:00000000 |
gr20:00000000 |gr21:00000000 |gr22:00000000 |gr23:00000000 |
gr24:00000000 |gr25:00000000 |gr26:00000000 |gr27:00000000 |
gr28:00000000 |gr29:00000000 |gr30:00000000 |gr31:00000000 |

PC : 00000ce6 |MCAUSE: 08000000
gr 0:00000005 |gr 1:000000ea |gr 2:abcd1234 |gr 3:7fffffff |
gr 4:80000000 |gr 5:00000000 |gr 6:4caed084 |gr 7:00000000 |
gr 8:fffffffe |gr 9:00000000 |gr10:000abcde |gr11:cdeabcde |
gr12:00000000 |gr13:00000000 |gr14:00000000 |gr15:40011000 |
gr16:00000003 |gr17:00000010 |gr18:00000000 |gr19:00000000 |
gr20:00000000 |gr21:00000000 |gr22:00000000 |gr23:00000000 |
gr24:00000000 |gr25:00000000 |gr26:00000000 |gr27:00000000 |
gr28:00000000 |gr29:00000000 |gr30:00000000 |gr31:00000000 |

PC : 00000cee |MCAUSE: 08000000
gr 0:00000005 |gr 1:000000ea |gr 2:abcd1234 |gr 3:7fffffff |
gr 4:80000000 |gr 5:00000000 |gr 6:4caed084 |gr 7:00000000 |
gr 8:fffffffe |gr 9:00000000 |gr10:000abcde |gr11:cdeabcde |
gr12:00000000 |gr13:00000000 |gr14:00000000 |gr15:40011000 |
gr16:00000003 |gr17:00000010 |gr18:00000000 |gr19:00000000 |
gr20:00000000 |gr21:00000000 |gr22:00000000 |gr23:00000000 |
gr24:00000000 |gr25:00000000 |gr26:00000000 |gr27:00000000 |
gr28:00000000 |gr29:00000000 |gr30:00000000 |gr31:00000000 |

PC : 00000cf2 |MCAUSE: 08000000
gr 0:00000005 |gr 1:000000ea |gr 2:abcd1234 |gr 3:7fffffff |
gr 4:80000000 |gr 5:00000000 |gr 6:4caed084 |gr 7:00000000 |
gr 8:fffffffe |gr 9:00000000 |gr10:000abcde |gr11:cdeabcde |
gr12:00000000 |gr13:00000000 |gr14:00000000 |gr15:40011000 |
gr16:00000003 |gr17:00000010 |gr18:00000000 |gr19:00000000 |
gr20:00000000 |gr21:00000000 |gr22:00000000 |gr23:00000000 |
gr24:00000000 |gr25:00000000 |gr26:00000000 |gr27:00000000 |
gr28:00000000 |gr29:00000000 |gr30:00000000 |gr31:00000000 |

PC : 00000cfa |MCAUSE: 08000000
gr 0:00000005 |gr 1:000000ea |gr 2:abcd1234 |gr 3:7fffffff |
gr 4:80000000 |gr 5:c0000000 |gr 6:4caed084 |gr 7:00000000 |
gr 8:fffffffe |gr 9:00000000 |gr10:000abcde |gr11:cdeabcde |
gr12:00000000 |gr13:00000000 |gr14:00000000 |gr15:40011000 |
gr16:00000003 |gr17:00000010 |gr18:00000000 |gr19:00000000 |
gr20:00000000 |gr21:00000000 |gr22:00000000 |gr23:00000000 |
gr24:00000000 |gr25:00000000 |gr26:00000000 |gr27:00000000 |
gr28:00000000 |gr29:00000000 |gr30:00000000 |gr31:00000000 |

PC : 00000cfe |MCAUSE: 08000000
gr 0:00000005 |gr 1:000000ea |gr 2:abcd1234 |gr 3:7fffffff |
gr 4:80000000 |gr 5:c0000000 |gr 6:c0000000 |gr 7:00000000 |
gr 8:fffffffe |gr 9:00000000 |gr10:000abcde |gr11:cdeabcde |
gr12:00000000 |gr13:00000000 |gr14:00000000 |gr15:40011000 |
gr16:00000003 |gr17:00000010 |gr18:00000000 |gr19:00000000 |
gr20:00000000 |gr21:00000000 |gr22:00000000 |gr23:00000000 |
gr24:00000000 |gr25:00000000 |gr26:00000000 |gr27:00000000 |
gr28:00000000 |gr29:00000000 |gr30:00000000 |gr31:00000000 |

PC : 00000d02 |MCAUSE: 08000000
gr 0:00000005 |gr 1:000000ea |gr 2:abcd1234 |gr 3:7fffffff |
gr 4:80000000 |gr 5:c0000000 |gr 6:c0000000 |gr 7:00000000 |
gr 8:fffffffe |gr 9:00000000 |gr10:000abcde |gr11:cdeabcde |
gr12:00000000 |gr13:00000000 |gr14:00000000 |gr15:40011000 |
gr16:00000003 |gr17:00000010 |gr18:00000000 |gr19:00000000 |
gr20:00000000 |gr21:00000000 |gr22:00000000 |gr23:00000000 |
gr24:00000000 |gr25:00000000 |gr26:00000000 |gr27:00000000 |
gr28:00000000 |gr29:00000000 |gr30:00000000 |gr31:00000000 |

PC : 00000d0a |MCAUSE: 08000000
gr 0:00000005 |gr 1:000000ea |gr 2:abcd1234 |gr 3:7fffffff |
gr 4:80000000 |gr 5:00000000 |gr 6:c0000000 |gr 7:00000000 |
gr 8:fffffffe |gr 9:00000000 |gr10:000abcde |gr11:cdeabcde |
gr12:00000000 |gr13:00000000 |gr14:00000000 |gr15:40011000 |
gr16:00000003 |gr17:00000010 |gr18:00000000 |gr19:00000000 |
gr20:00000000 |gr21:00000000 |gr22:00000000 |gr23:00000000 |
gr24:00000000 |gr25:00000000 |gr26:00000000 |gr27:00000000 |
gr28:00000000 |gr29:00000000 |gr30:00000000 |gr31:00000000 |

PC : 00000d0e |MCAUSE: 08000000
gr 0:00000005 |gr 1:000000ea |gr 2:abcd1234 |gr 3:7fffffff |
gr 4:80000000 |gr 5:00000000 |gr 6:c0000000 |gr 7:00000000 |
gr 8:fffffffe |gr 9:00000000 |gr10:000abcde |gr11:cdeabcde |
gr12:00000000 |gr13:00000000 |gr14:00000000 |gr15:40011000 |
gr16:00000003 |gr17:00000010 |gr18:00000000 |gr19:00000000 |
gr20:00000000 |gr21:00000000 |gr22:00000000 |gr23:00000000 |
gr24:00000000 |gr25:00000000 |gr26:00000000 |gr27:00000000 |
gr28:00000000 |gr29:00000000 |gr30:00000000 |gr31:00000000 |

PC : 00000d16 |MCAUSE: 08000000
gr 0:00000005 |gr 1:000000ea |gr 2:abcd1234 |gr 3:7fffffff |
gr 4:80000000 |gr 5:40000000 |gr 6:c0000000 |gr 7:00000000 |
gr 8:fffffffe |gr 9:00000000 |gr10:000abcde |gr11:cdeabcde |
gr12:00000000 |gr13:00000000 |gr14:00000000 |gr15:40011000 |
gr16:00000003 |gr17:00000010 |gr18:00000000 |gr19:00000000 |
gr20:00000000 |gr21:00000000 |gr22:00000000 |gr23:00000000 |
gr24:00000000 |gr25:00000000 |gr26:00000000 |gr27:00000000 |
gr28:00000000 |gr29:00000000 |gr30:00000000 |gr31:00000000 |

PC : 00000d1a |MCAUSE: 08000000
gr 0:00000005 |gr 1:000000ea |gr 2:abcd1234 |gr 3:7fffffff |
gr 4:80000000 |gr 5:40000000 |gr 6:40000000 |gr 7:00000000 |
gr 8:fffffffe |gr 9:00000000 |gr10:000abcde |gr11:cdeabcde |
gr12:00000000 |gr13:00000000 |gr14:00000000 |gr15:40011000 |
gr16:00000003 |gr17:00000010 |gr18:00000000 |gr19:00000000 |
gr20:00000000 |gr21:00000000 |gr22:00000000 |gr23:00000000 |
gr24:00000000 |gr25:00000000 |gr26:00000000 |gr27:00000000 |
gr28:00000000 |gr29:00000000 |gr30:00000000 |gr31:00000000 |

PC : 00000d1e |MCAUSE: 08000000
gr 0:00000005 |gr 1:000000ea |gr 2:abcd1234 |gr 3:7fffffff |
gr 4:80000000 |gr 5:40000000 |gr 6:40000000 |gr 7:00000000 |
gr 8:fffffffe |gr 9:00000000 |gr10:000abcde |gr11:cdeabcde |
gr12:00000000 |gr13:00000000 |gr14:00000000 |gr15:40011000 |
gr16:00000003 |gr17:00000010 |gr18:00000000 |gr19:00000000 |
gr20:00000000 |gr21:00000000 |gr22:00000000 |gr23:00000000 |
gr24:00000000 |gr25:00000000 |gr26:00000000 |gr27:00000000 |
gr28:00000000 |gr29:00000000 |gr30:00000000 |gr31:00000000 |

PC : 00000d26 |MCAUSE: 08000000
gr 0:00000005 |gr 1:000000ea |gr 2:abcd1234 |gr 3:7fffffff |
gr 4:80000000 |gr 5:fffaa191 |gr 6:40000000 |gr 7:00000000 |
gr 8:fffffffe |gr 9:00000000 |gr10:000abcde |gr11:cdeabcde |
gr12:00000000 |gr13:00000000 |gr14:00000000 |gr15:40011000 |
gr16:00000003 |gr17:00000010 |gr18:00000000 |gr19:00000000 |
gr20:00000000 |gr21:00000000 |gr22:00000000 |gr23:00000000 |
gr24:00000000 |gr25:00000000 |gr26:00000000 |gr27:00000000 |
gr28:00000000 |gr29:00000000 |gr30:00000000 |gr31:00000000 |

PC : 00000d2a |MCAUSE: 08000000
gr 0:00000005 |gr 1:000000ea |gr 2:abcd1234 |gr 3:7fffffff |
gr 4:80000000 |gr 5:fffaa191 |gr 6:fffaa000 |gr 7:00000000 |
gr 8:fffffffe |gr 9:00000000 |gr10:000abcde |gr11:cdeabcde |
gr12:00000000 |gr13:00000000 |gr14:00000000 |gr15:40011000 |
gr16:00000003 |gr17:00000010 |gr18:00000000 |gr19:00000000 |
gr20:00000000 |gr21:00000000 |gr22:00000000 |gr23:00000000 |
gr24:00000000 |gr25:00000000 |gr26:00000000 |gr27:00000000 |
gr28:00000000 |gr29:00000000 |gr30:00000000 |gr31:00000000 |

PC : 00000d2e |MCAUSE: 08000000
gr 0:00000005 |gr 1:000000ea |gr 2:abcd1234 |gr 3:7fffffff |
gr 4:80000000 |gr 5:fffaa191 |gr 6:fffaa191 |gr 7:00000000 |
gr 8:fffffffe |gr 9:00000000 |gr10:000abcde |gr11:cdeabcde |
gr12:00000000 |gr13:00000000 |gr14:00000000 |gr15:40011000 |
gr16:00000003 |gr17:00000010 |gr18:00000000 |gr19:00000000 |
gr20:00000000 |gr21:00000000 |gr22:00000000 |gr23:00000000 |
gr24:00000000 |gr25:00000000 |gr26:00000000 |gr27:00000000 |
gr28:00000000 |gr29:00000000 |gr30:00000000 |gr31:00000000 |

PC : 00000d32 |MCAUSE: 08000000
gr 0:00000005 |gr 1:000000ea |gr 2:abcd1234 |gr 3:7fffffff |
gr 4:80000000 |gr 5:fffaa191 |gr 6:fffaa191 |gr 7:00000000 |
gr 8:fffffffe |gr 9:00000000 |gr10:000abcde |gr11:cdeabcde |
gr12:00000000 |gr13:00000000 |gr14:00000000 |gr15:40011000 |
gr16:00000003 |gr17:00000010 |gr18:00000000 |gr19:00000000 |
gr20:00000000 |gr21:00000000 |gr22:00000000 |gr23:00000000 |
gr24:00000000 |gr25:00000000 |gr26:00000000 |gr27:00000000 |
gr28:00000000 |gr29:00000000 |gr30:00000000 |gr31:00000000 |

PC : 00000d3a |MCAUSE: 08000000
gr 0:00000005 |gr 1:000000ea |gr 2:abcd1234 |gr 3:7fffffff |
gr 4:80000000 |gr 5:09cc4ffd |gr 6:fffaa191 |gr 7:00000000 |
gr 8:fffffffe |gr 9:00000000 |gr10:000abcde |gr11:cdeabcde |
gr12:00000000 |gr13:00000000 |gr14:00000000 |gr15:40011000 |
gr16:00000003 |gr17:00000010 |gr18:00000000 |gr19:00000000 |
gr20:00000000 |gr21:00000000 |gr22:00000000 |gr23:00000000 |
gr24:00000000 |gr25:00000000 |gr26:00000000 |gr27:00000000 |
gr28:00000000 |gr29:00000000 |gr30:00000000 |gr31:00000000 |

PC : 00000d3e |MCAUSE: 08000000
gr 0:00000005 |gr 1:000000ea |gr 2:abcd1234 |gr 3:7fffffff |
gr 4:80000000 |gr 5:09cc4ffd |gr 6:09cc5000 |gr 7:00000000 |
gr 8:fffffffe |gr 9:00000000 |gr10:000abcde |gr11:cdeabcde |
gr12:00000000 |gr13:00000000 |gr14:00000000 |gr15:40011000 |
gr16:00000003 |gr17:00000010 |gr18:00000000 |gr19:00000000 |
gr20:00000000 |gr21:00000000 |gr22:00000000 |gr23:00000000 |
gr24:00000000 |gr25:00000000 |gr26:00000000 |gr27:00000000 |
gr28:00000000 |gr29:00000000 |gr30:00000000 |gr31:00000000 |

PC : 00000d42 |MCAUSE: 08000000
gr 0:00000005 |gr 1:000000ea |gr 2:abcd1234 |gr 3:7fffffff |
gr 4:80000000 |gr 5:09cc4ffd |gr 6:09cc4ffd |gr 7:00000000 |
gr 8:fffffffe |gr 9:00000000 |gr10:000abcde |gr11:cdeabcde |
gr12:00000000 |gr13:00000000 |gr14:00000000 |gr15:40011000 |
gr16:00000003 |gr17:00000010 |gr18:00000000 |gr19:00000000 |
gr20:00000000 |gr21:00000000 |gr22:00000000 |gr23:00000000 |
gr24:00000000 |gr25:00000000 |gr26:00000000 |gr27:00000000 |
gr28:00000000 |gr29:00000000 |gr30:00000000 |gr31:00000000 |

PC : 00000d46 |MCAUSE: 08000000
gr 0:00000005 |gr 1:000000ea |gr 2:abcd1234 |gr 3:7fffffff |
gr 4:80000000 |gr 5:09cc4ffd |gr 6:09cc4ffd |gr 7:00000000 |
gr 8:fffffffe |gr 9:00000000 |gr10:000abcde |gr11:cdeabcde |
gr12:00000000 |gr13:00000000 |gr14:00000000 |gr15:40011000 |
gr16:00000003 |gr17:00000010 |gr18:00000000 |gr19:00000000 |
gr20:00000000 |gr21:00000000 |gr22:00000000 |gr23:00000000 |
gr24:00000000 |gr25:00000000 |gr26:00000000 |gr27:00000000 |
gr28:00000000 |gr29:00000000 |gr30:00000000 |gr31:00000000 |

PC : 00000d4e |MCAUSE: 08000000
gr 0:00000005 |gr 1:000000ea |gr 2:abcd1234 |gr 3:ffffffff |
gr 4:80000000 |gr 5:09cc4ffd |gr 6:09cc4ffd |gr 7:00000000 |
gr 8:fffffffe |gr 9:00000000 |gr10:000abcde |gr11:cdeabcde |
gr12:00000000 |gr13:00000000 |gr14:00000000 |gr15:40011000 |
gr16:00000003 |gr17:00000010 |gr18:00000000 |gr19:00000000 |
gr20:00000000 |gr21:00000000 |gr22:00000000 |gr23:00000000 |
gr24:00000000 |gr25:00000000 |gr26:00000000 |gr27:00000000 |
gr28:00000000 |gr29:00000000 |gr30:00000000 |gr31:00000000 |

PC : 00000d52 |MCAUSE: 08000000
gr 0:00000005 |gr 1:000000ea |gr 2:abcd1234 |gr 3:ffffffff |
gr 4:00023000 |gr 5:09cc4ffd |gr 6:09cc4ffd |gr 7:00000000 |
gr 8:fffffffe |gr 9:00000000 |gr10:000abcde |gr11:cdeabcde |
gr12:00000000 |gr13:00000000 |gr14:00000000 |gr15:40011000 |
gr16:00000003 |gr17:00000010 |gr18:00000000 |gr19:00000000 |
gr20:00000000 |gr21:00000000 |gr22:00000000 |gr23:00000000 |
gr24:00000000 |gr25:00000000 |gr26:00000000 |gr27:00000000 |
gr28:00000000 |gr29:00000000 |gr30:00000000 |gr31:00000000 |

PC : 00000d56 |MCAUSE: 08000000
gr 0:00000005 |gr 1:000000ea |gr 2:abcd1234 |gr 3:ffffffff |
gr 4:00023456 |gr 5:09cc4ffd |gr 6:09cc4ffd |gr 7:00000000 |
gr 8:fffffffe |gr 9:00000000 |gr10:000abcde |gr11:cdeabcde |
gr12:00000000 |gr13:00000000 |gr14:00000000 |gr15:40011000 |
gr16:00000003 |gr17:00000010 |gr18:00000000 |gr19:00000000 |
gr20:00000000 |gr21:00000000 |gr22:00000000 |gr23:00000000 |
gr24:00000000 |gr25:00000000 |gr26:00000000 |gr27:00000000 |
gr28:00000000 |gr29:00000000 |gr30:00000000 |gr31:00000000 |

PC : 00000d5a |MCAUSE: 08000000
gr 0:00000005 |gr 1:000000ea |gr 2:abcd1234 |gr 3:ffffffff |
gr 4:00023456 |gr 5:09cc4ffd |gr 6:09cc4ffd |gr 7:00000000 |
gr 8:fffffffe |gr 9:00000000 |gr10:000ac000 |gr11:cdeabcde |
gr12:00000000 |gr13:00000000 |gr14:00000000 |gr15:40011000 |
gr16:00000003 |gr17:00000010 |gr18:00000000 |gr19:00000000 |
gr20:00000000 |gr21:00000000 |gr22:00000000 |gr23:00000000 |
gr24:00000000 |gr25:00000000 |gr26:00000000 |gr27:00000000 |
gr28:00000000 |gr29:00000000 |gr30:00000000 |gr31:00000000 |

PC : 00000d5e |MCAUSE: 08000000
gr 0:00000005 |gr 1:000000ea |gr 2:abcd1234 |gr 3:ffffffff |
gr 4:00023456 |gr 5:09cc4ffd |gr 6:09cc4ffd |gr 7:00000000 |
gr 8:fffffffe |gr 9:00000000 |gr10:000abcde |gr11:cdeabcde |
gr12:00000000 |gr13:00000000 |gr14:00000000 |gr15:40011000 |
gr16:00000003 |gr17:00000010 |gr18:00000000 |gr19:00000000 |
gr20:00000000 |gr21:00000000 |gr22:00000000 |gr23:00000000 |
gr24:00000000 |gr25:00000000 |gr26:00000000 |gr27:00000000 |
gr28:00000000 |gr29:00000000 |gr30:00000000 |gr31:00000000 |

PC : 00000d62 |MCAUSE: 08000000
gr 0:00000005 |gr 1:000000ea |gr 2:abcd1234 |gr 3:ffffffff |
gr 4:00023456 |gr 5:00000000 |gr 6:09cc4ffd |gr 7:00000000 |
gr 8:fffffffe |gr 9:00000000 |gr10:000abcde |gr11:cdeabcde |
gr12:00000000 |gr13:00000000 |gr14:00000000 |gr15:40011000 |
gr16:00000003 |gr17:00000010 |gr18:00000000 |gr19:00000000 |
gr20:00000000 |gr21:00000000 |gr22:00000000 |gr23:00000000 |
gr24:00000000 |gr25:00000000 |gr26:00000000 |gr27:00000000 |
gr28:00000000 |gr29:00000000 |gr30:00000000 |gr31:00000000 |

PC : 00000d66 |MCAUSE: 08000000
gr 0:00000005 |gr 1:000000ea |gr 2:abcd1234 |gr 3:ffffffff |
gr 4:00023456 |gr 5:00000000 |gr 6:09cc4ffd |gr 7:00000000 |
gr 8:fffffffe |gr 9:00000000 |gr10:000abcde |gr11:cdeabcde |
gr12:00000000 |gr13:00000000 |gr14:00000000 |gr15:40011000 |
gr16:00000003 |gr17:00000010 |gr18:00000000 |gr19:00000000 |
gr20:00000000 |gr21:00000000 |gr22:00000000 |gr23:00000000 |
gr24:00000000 |gr25:00000000 |gr26:00000000 |gr27:00000000 |
gr28:00000000 |gr29:00000000 |gr30:00000000 |gr31:00000000 |

PC : 00000d6e |MCAUSE: 08000000
gr 0:00000005 |gr 1:000000ea |gr 2:abcd1234 |gr 3:ffffffff |
gr 4:00023456 |gr 5:00000000 |gr 6:09cc4ffd |gr 7:00000000 |
gr 8:fffffffe |gr 9:00000000 |gr10:000abcde |gr11:cdeabcde |
gr12:00000000 |gr13:00000000 |gr14:00000000 |gr15:40011000 |
gr16:00000003 |gr17:00000010 |gr18:00000000 |gr19:00000000 |
gr20:00000000 |gr21:00000000 |gr22:00000000 |gr23:00000000 |
gr24:00000000 |gr25:00000000 |gr26:00000000 |gr27:00000000 |
gr28:00000000 |gr29:00000000 |gr30:00000000 |gr31:00000000 |

PC : 00000d72 |MCAUSE: 08000000
gr 0:00000005 |gr 1:000000ea |gr 2:abcd1234 |gr 3:ffffffff |
gr 4:00023456 |gr 5:00000000 |gr 6:09cc4ffd |gr 7:00000000 |
gr 8:fffffffe |gr 9:00000000 |gr10:000abcde |gr11:cdeabcde |
gr12:00000000 |gr13:00000000 |gr14:00000000 |gr15:40011000 |
gr16:00000003 |gr17:00000010 |gr18:00000000 |gr19:00000000 |
gr20:00000000 |gr21:00000000 |gr22:00000000 |gr23:00000000 |
gr24:00000000 |gr25:00000000 |gr26:00000000 |gr27:00000000 |
gr28:00000000 |gr29:00000000 |gr30:00000000 |gr31:00000000 |

PC : 00000d7a |MCAUSE: 08000000
gr 0:00000005 |gr 1:000000ea |gr 2:abcd1234 |gr 3:ffffffff |
gr 4:00023456 |gr 5:00000000 |gr 6:09cc4ffd |gr 7:00000000 |
gr 8:fffffffe |gr 9:00000000 |gr10:000abcde |gr11:cdeabcde |
gr12:00000000 |gr13:00000000 |gr14:00000000 |gr15:40011000 |
gr16:00000003 |gr17:00000010 |gr18:00000000 |gr19:00000000 |
gr20:00000000 |gr21:00000000 |gr22:00000000 |gr23:00000000 |
gr24:00000000 |gr25:00000000 |gr26:00000000 |gr27:00000000 |
gr28:00000000 |gr29:00000000 |gr30:00000000 |gr31:00000000 |

PC : 00000d7e |MCAUSE: 08000000
gr 0:00000005 |gr 1:000000ea |gr 2:abcd1234 |gr 3:ffffffff |
gr 4:00023456 |gr 5:00000000 |gr 6:09cc4ffd |gr 7:00000000 |
gr 8:fffffffe |gr 9:00000000 |gr10:000abcde |gr11:cdeabcde |
gr12:00000000 |gr13:00000000 |gr14:00000000 |gr15:40011000 |
gr16:00000003 |gr17:00000010 |gr18:00000000 |gr19:00000000 |
gr20:00000000 |gr21:00000000 |gr22:00000000 |gr23:00000000 |
gr24:00000000 |gr25:00000000 |gr26:00000000 |gr27:00000000 |
gr28:00000000 |gr29:00000000 |gr30:00000000 |gr31:00000000 |

PC : 00000d86 |MCAUSE: 08000000
gr 0:00000005 |gr 1:000000ea |gr 2:abcd1234 |gr 3:ffffffff |
gr 4:00023456 |gr 5:00023455 |gr 6:09cc4ffd |gr 7:00000000 |
gr 8:fffffffe |gr 9:00000000 |gr10:000abcde |gr11:cdeabcde |
gr12:00000000 |gr13:00000000 |gr14:00000000 |gr15:40011000 |
gr16:00000003 |gr17:00000010 |gr18:00000000 |gr19:00000000 |
gr20:00000000 |gr21:00000000 |gr22:00000000 |gr23:00000000 |
gr24:00000000 |gr25:00000000 |gr26:00000000 |gr27:00000000 |
gr28:00000000 |gr29:00000000 |gr30:00000000 |gr31:00000000 |

PC : 00000d8a |MCAUSE: 08000000
gr 0:00000005 |gr 1:000000ea |gr 2:abcd1234 |gr 3:ffffffff |
gr 4:00023456 |gr 5:00023455 |gr 6:00023000 |gr 7:00000000 |
gr 8:fffffffe |gr 9:00000000 |gr10:000abcde |gr11:cdeabcde |
gr12:00000000 |gr13:00000000 |gr14:00000000 |gr15:40011000 |
gr16:00000003 |gr17:00000010 |gr18:00000000 |gr19:00000000 |
gr20:00000000 |gr21:00000000 |gr22:00000000 |gr23:00000000 |
gr24:00000000 |gr25:00000000 |gr26:00000000 |gr27:00000000 |
gr28:00000000 |gr29:00000000 |gr30:00000000 |gr31:00000000 |

PC : 00000d8e |MCAUSE: 08000000
gr 0:00000005 |gr 1:000000ea |gr 2:abcd1234 |gr 3:ffffffff |
gr 4:00023456 |gr 5:00023455 |gr 6:00023455 |gr 7:00000000 |
gr 8:fffffffe |gr 9:00000000 |gr10:000abcde |gr11:cdeabcde |
gr12:00000000 |gr13:00000000 |gr14:00000000 |gr15:40011000 |
gr16:00000003 |gr17:00000010 |gr18:00000000 |gr19:00000000 |
gr20:00000000 |gr21:00000000 |gr22:00000000 |gr23:00000000 |
gr24:00000000 |gr25:00000000 |gr26:00000000 |gr27:00000000 |
gr28:00000000 |gr29:00000000 |gr30:00000000 |gr31:00000000 |

PC : 00000d92 |MCAUSE: 08000000
gr 0:00000005 |gr 1:000000ea |gr 2:abcd1234 |gr 3:ffffffff |
gr 4:00023456 |gr 5:00023455 |gr 6:00023455 |gr 7:00000000 |
gr 8:fffffffe |gr 9:00000000 |gr10:000abcde |gr11:cdeabcde |
gr12:00000000 |gr13:00000000 |gr14:00000000 |gr15:40011000 |
gr16:00000003 |gr17:00000010 |gr18:00000000 |gr19:00000000 |
gr20:00000000 |gr21:00000000 |gr22:00000000 |gr23:00000000 |
gr24:00000000 |gr25:00000000 |gr26:00000000 |gr27:00000000 |
gr28:00000000 |gr29:00000000 |gr30:00000000 |gr31:00000000 |

PC : 00000d9a |MCAUSE: 08000000
gr 0:00000005 |gr 1:000000ea |gr 2:abcd1234 |gr 3:ffffffff |
gr 4:00023456 |gr 5:00000004 |gr 6:00023455 |gr 7:00000000 |
gr 8:fffffffe |gr 9:00000000 |gr10:000abcde |gr11:cdeabcde |
gr12:00000000 |gr13:00000000 |gr14:00000000 |gr15:40011000 |
gr16:00000003 |gr17:00000010 |gr18:00000000 |gr19:00000000 |
gr20:00000000 |gr21:00000000 |gr22:00000000 |gr23:00000000 |
gr24:00000000 |gr25:00000000 |gr26:00000000 |gr27:00000000 |
gr28:00000000 |gr29:00000000 |gr30:00000000 |gr31:00000000 |

PC : 00000d9e |MCAUSE: 08000000
gr 0:00000005 |gr 1:000000ea |gr 2:abcd1234 |gr 3:ffffffff |
gr 4:00023456 |gr 5:00000004 |gr 6:00000004 |gr 7:00000000 |
gr 8:fffffffe |gr 9:00000000 |gr10:000abcde |gr11:cdeabcde |
gr12:00000000 |gr13:00000000 |gr14:00000000 |gr15:40011000 |
gr16:00000003 |gr17:00000010 |gr18:00000000 |gr19:00000000 |
gr20:00000000 |gr21:00000000 |gr22:00000000 |gr23:00000000 |
gr24:00000000 |gr25:00000000 |gr26:00000000 |gr27:00000000 |
gr28:00000000 |gr29:00000000 |gr30:00000000 |gr31:00000000 |

PC : 00000da2 |MCAUSE: 08000000
gr 0:00000005 |gr 1:000000ea |gr 2:abcd1234 |gr 3:ffffffff |
gr 4:00023456 |gr 5:00000004 |gr 6:00000004 |gr 7:00000000 |
gr 8:fffffffe |gr 9:00000000 |gr10:000abcde |gr11:cdeabcde |
gr12:00000000 |gr13:00000000 |gr14:00000000 |gr15:40011000 |
gr16:00000003 |gr17:00000010 |gr18:00000000 |gr19:00000000 |
gr20:00000000 |gr21:00000000 |gr22:00000000 |gr23:00000000 |
gr24:00000000 |gr25:00000000 |gr26:00000000 |gr27:00000000 |
gr28:00000000 |gr29:00000000 |gr30:00000000 |gr31:00000000 |

PC : 00000daa |MCAUSE: 08000000
gr 0:00000005 |gr 1:000000ea |gr 2:abcd1234 |gr 3:ffffffff |
gr 4:00023456 |gr 5:fffffffe |gr 6:00000004 |gr 7:00000000 |
gr 8:fffffffe |gr 9:00000000 |gr10:000abcde |gr11:cdeabcde |
gr12:00000000 |gr13:00000000 |gr14:00000000 |gr15:40011000 |
gr16:00000003 |gr17:00000010 |gr18:00000000 |gr19:00000000 |
gr20:00000000 |gr21:00000000 |gr22:00000000 |gr23:00000000 |
gr24:00000000 |gr25:00000000 |gr26:00000000 |gr27:00000000 |
gr28:00000000 |gr29:00000000 |gr30:00000000 |gr31:00000000 |

PC : 00000dae |MCAUSE: 08000000
gr 0:00000005 |gr 1:000000ea |gr 2:abcd1234 |gr 3:ffffffff |
gr 4:00023456 |gr 5:fffffffe |gr 6:fffffffe |gr 7:00000000 |
gr 8:fffffffe |gr 9:00000000 |gr10:000abcde |gr11:cdeabcde |
gr12:00000000 |gr13:00000000 |gr14:00000000 |gr15:40011000 |
gr16:00000003 |gr17:00000010 |gr18:00000000 |gr19:00000000 |
gr20:00000000 |gr21:00000000 |gr22:00000000 |gr23:00000000 |
gr24:00000000 |gr25:00000000 |gr26:00000000 |gr27:00000000 |
gr28:00000000 |gr29:00000000 |gr30:00000000 |gr31:00000000 |

PC : 00000db2 |MCAUSE: 08000000
gr 0:00000005 |gr 1:000000ea |gr 2:abcd1234 |gr 3:ffffffff |
gr 4:00023456 |gr 5:fffffffe |gr 6:fffffffe |gr 7:00000000 |
gr 8:fffffffe |gr 9:00000000 |gr10:000abcde |gr11:cdeabcde |
gr12:00000000 |gr13:00000000 |gr14:00000000 |gr15:40011000 |
gr16:00000003 |gr17:00000010 |gr18:00000000 |gr19:00000000 |
gr20:00000000 |gr21:00000000 |gr22:00000000 |gr23:00000000 |
gr24:00000000 |gr25:00000000 |gr26:00000000 |gr27:00000000 |
gr28:00000000 |gr29:00000000 |gr30:00000000 |gr31:00000000 |

PC : 00000dba |MCAUSE: 08000000
gr 0:00000005 |gr 1:000000ea |gr 2:abcd1234 |gr 3:ffffffff |
gr 4:00023456 |gr 5:00023455 |gr 6:fffffffe |gr 7:00000000 |
gr 8:fffffffe |gr 9:00000000 |gr10:000abcde |gr11:cdeabcde |
gr12:00000000 |gr13:00000000 |gr14:00000000 |gr15:40011000 |
gr16:00000003 |gr17:00000010 |gr18:00000000 |gr19:00000000 |
gr20:00000000 |gr21:00000000 |gr22:00000000 |gr23:00000000 |
gr24:00000000 |gr25:00000000 |gr26:00000000 |gr27:00000000 |
gr28:00000000 |gr29:00000000 |gr30:00000000 |gr31:00000000 |

PC : 00000dbe |MCAUSE: 08000000
gr 0:00000005 |gr 1:000000ea |gr 2:abcd1234 |gr 3:ffffffff |
gr 4:00023456 |gr 5:00023455 |gr 6:00023000 |gr 7:00000000 |
gr 8:fffffffe |gr 9:00000000 |gr10:000abcde |gr11:cdeabcde |
gr12:00000000 |gr13:00000000 |gr14:00000000 |gr15:40011000 |
gr16:00000003 |gr17:00000010 |gr18:00000000 |gr19:00000000 |
gr20:00000000 |gr21:00000000 |gr22:00000000 |gr23:00000000 |
gr24:00000000 |gr25:00000000 |gr26:00000000 |gr27:00000000 |
gr28:00000000 |gr29:00000000 |gr30:00000000 |gr31:00000000 |

PC : 00000dc2 |MCAUSE: 08000000
gr 0:00000005 |gr 1:000000ea |gr 2:abcd1234 |gr 3:ffffffff |
gr 4:00023456 |gr 5:00023455 |gr 6:00023455 |gr 7:00000000 |
gr 8:fffffffe |gr 9:00000000 |gr10:000abcde |gr11:cdeabcde |
gr12:00000000 |gr13:00000000 |gr14:00000000 |gr15:40011000 |
gr16:00000003 |gr17:00000010 |gr18:00000000 |gr19:00000000 |
gr20:00000000 |gr21:00000000 |gr22:00000000 |gr23:00000000 |
gr24:00000000 |gr25:00000000 |gr26:00000000 |gr27:00000000 |
gr28:00000000 |gr29:00000000 |gr30:00000000 |gr31:00000000 |

PC : 00000dc6 |MCAUSE: 08000000
gr 0:00000005 |gr 1:000000ea |gr 2:abcd1234 |gr 3:ffffffff |
gr 4:00023456 |gr 5:00023455 |gr 6:00023455 |gr 7:00000000 |
gr 8:fffffffe |gr 9:00000000 |gr10:000abcde |gr11:cdeabcde |
gr12:00000000 |gr13:00000000 |gr14:00000000 |gr15:40011000 |
gr16:00000003 |gr17:00000010 |gr18:00000000 |gr19:00000000 |
gr20:00000000 |gr21:00000000 |gr22:00000000 |gr23:00000000 |
gr24:00000000 |gr25:00000000 |gr26:00000000 |gr27:00000000 |
gr28:00000000 |gr29:00000000 |gr30:00000000 |gr31:00000000 |

PC : 00000dce |MCAUSE: 08000000
gr 0:00000005 |gr 1:000000ea |gr 2:abcd1234 |gr 3:80000000 |
gr 4:00023456 |gr 5:00023455 |gr 6:00023455 |gr 7:00000000 |
gr 8:fffffffe |gr 9:00000000 |gr10:000abcde |gr11:cdeabcde |
gr12:00000000 |gr13:00000000 |gr14:00000000 |gr15:40011000 |
gr16:00000003 |gr17:00000010 |gr18:00000000 |gr19:00000000 |
gr20:00000000 |gr21:00000000 |gr22:00000000 |gr23:00000000 |
gr24:00000000 |gr25:00000000 |gr26:00000000 |gr27:00000000 |
gr28:00000000 |gr29:00000000 |gr30:00000000 |gr31:00000000 |

PC : 00000dd2 |MCAUSE: 08000000
gr 0:00000005 |gr 1:000000ea |gr 2:abcd1234 |gr 3:80000000 |
gr 4:80000000 |gr 5:00023455 |gr 6:00023455 |gr 7:00000000 |
gr 8:fffffffe |gr 9:00000000 |gr10:000abcde |gr11:cdeabcde |
gr12:00000000 |gr13:00000000 |gr14:00000000 |gr15:40011000 |
gr16:00000003 |gr17:00000010 |gr18:00000000 |gr19:00000000 |
gr20:00000000 |gr21:00000000 |gr22:00000000 |gr23:00000000 |
gr24:00000000 |gr25:00000000 |gr26:00000000 |gr27:00000000 |
gr28:00000000 |gr29:00000000 |gr30:00000000 |gr31:00000000 |

PC : 00000dd6 |MCAUSE: 08000000
gr 0:00000005 |gr 1:000000ea |gr 2:abcd1234 |gr 3:80000000 |
gr 4:7fffffff |gr 5:00023455 |gr 6:00023455 |gr 7:00000000 |
gr 8:fffffffe |gr 9:00000000 |gr10:000abcde |gr11:cdeabcde |
gr12:00000000 |gr13:00000000 |gr14:00000000 |gr15:40011000 |
gr16:00000003 |gr17:00000010 |gr18:00000000 |gr19:00000000 |
gr20:00000000 |gr21:00000000 |gr22:00000000 |gr23:00000000 |
gr24:00000000 |gr25:00000000 |gr26:00000000 |gr27:00000000 |
gr28:00000000 |gr29:00000000 |gr30:00000000 |gr31:00000000 |

PC : 00000dda |MCAUSE: 08000000
gr 0:00000005 |gr 1:000000ea |gr 2:abcd1234 |gr 3:80000000 |
gr 4:7fffffff |gr 5:00023455 |gr 6:00023455 |gr 7:00000000 |
gr 8:fffffffe |gr 9:00000000 |gr10:00023000 |gr11:cdeabcde |
gr12:00000000 |gr13:00000000 |gr14:00000000 |gr15:40011000 |
gr16:00000003 |gr17:00000010 |gr18:00000000 |gr19:00000000 |
gr20:00000000 |gr21:00000000 |gr22:00000000 |gr23:00000000 |
gr24:00000000 |gr25:00000000 |gr26:00000000 |gr27:00000000 |
gr28:00000000 |gr29:00000000 |gr30:00000000 |gr31:00000000 |

PC : 00000dde |MCAUSE: 08000000
gr 0:00000005 |gr 1:000000ea |gr 2:abcd1234 |gr 3:80000000 |
gr 4:7fffffff |gr 5:00023455 |gr 6:00023455 |gr 7:00000000 |
gr 8:fffffffe |gr 9:00000000 |gr10:00023456 |gr11:cdeabcde |
gr12:00000000 |gr13:00000000 |gr14:00000000 |gr15:40011000 |
gr16:00000003 |gr17:00000010 |gr18:00000000 |gr19:00000000 |
gr20:00000000 |gr21:00000000 |gr22:00000000 |gr23:00000000 |
gr24:00000000 |gr25:00000000 |gr26:00000000 |gr27:00000000 |
gr28:00000000 |gr29:00000000 |gr30:00000000 |gr31:00000000 |

PC : 00000de2 |MCAUSE: 08000000
gr 0:00000005 |gr 1:000000ea |gr 2:abcd1234 |gr 3:80000000 |
gr 4:7fffffff |gr 5:00000000 |gr 6:00023455 |gr 7:00000000 |
gr 8:fffffffe |gr 9:00000000 |gr10:00023456 |gr11:cdeabcde |
gr12:00000000 |gr13:00000000 |gr14:00000000 |gr15:40011000 |
gr16:00000003 |gr17:00000010 |gr18:00000000 |gr19:00000000 |
gr20:00000000 |gr21:00000000 |gr22:00000000 |gr23:00000000 |
gr24:00000000 |gr25:00000000 |gr26:00000000 |gr27:00000000 |
gr28:00000000 |gr29:00000000 |gr30:00000000 |gr31:00000000 |

PC : 00000de6 |MCAUSE: 08000000
gr 0:00000005 |gr 1:000000ea |gr 2:abcd1234 |gr 3:80000000 |
gr 4:7fffffff |gr 5:00000000 |gr 6:00023455 |gr 7:00000000 |
gr 8:fffffffe |gr 9:00000000 |gr10:00023456 |gr11:cdeabcde |
gr12:00000000 |gr13:00000000 |gr14:00000000 |gr15:40011000 |
gr16:00000003 |gr17:00000010 |gr18:00000000 |gr19:00000000 |
gr20:00000000 |gr21:00000000 |gr22:00000000 |gr23:00000000 |
gr24:00000000 |gr25:00000000 |gr26:00000000 |gr27:00000000 |
gr28:00000000 |gr29:00000000 |gr30:00000000 |gr31:00000000 |

PC : 00000dee |MCAUSE: 08000000
gr 0:00000005 |gr 1:000000ea |gr 2:abcd1234 |gr 3:80000000 |
gr 4:7fffffff |gr 5:00000000 |gr 6:00023455 |gr 7:00000000 |
gr 8:fffffffe |gr 9:00000000 |gr10:00023456 |gr11:cdeabcde |
gr12:00000000 |gr13:00000000 |gr14:00000000 |gr15:40011000 |
gr16:00000003 |gr17:00000010 |gr18:00000000 |gr19:00000000 |
gr20:00000000 |gr21:00000000 |gr22:00000000 |gr23:00000000 |
gr24:00000000 |gr25:00000000 |gr26:00000000 |gr27:00000000 |
gr28:00000000 |gr29:00000000 |gr30:00000000 |gr31:00000000 |

PC : 00000df2 |MCAUSE: 08000000
gr 0:00000005 |gr 1:000000ea |gr 2:abcd1234 |gr 3:80000000 |
gr 4:7fffffff |gr 5:00000000 |gr 6:00023455 |gr 7:00000000 |
gr 8:fffffffe |gr 9:00000000 |gr10:00023456 |gr11:cdeabcde |
gr12:00000000 |gr13:00000000 |gr14:00000000 |gr15:40011000 |
gr16:00000003 |gr17:00000010 |gr18:00000000 |gr19:00000000 |
gr20:00000000 |gr21:00000000 |gr22:00000000 |gr23:00000000 |
gr24:00000000 |gr25:00000000 |gr26:00000000 |gr27:00000000 |
gr28:00000000 |gr29:00000000 |gr30:00000000 |gr31:00000000 |

PC : 00000dfa |MCAUSE: 08000000
gr 0:00000005 |gr 1:000000ea |gr 2:abcd1234 |gr 3:80000000 |
gr 4:7fffffff |gr 5:00000000 |gr 6:00023455 |gr 7:00000000 |
gr 8:fffffffe |gr 9:00000000 |gr10:00023456 |gr11:cdeabcde |
gr12:00000000 |gr13:00000000 |gr14:00000000 |gr15:40011000 |
gr16:00000003 |gr17:00000010 |gr18:00000000 |gr19:00000000 |
gr20:00000000 |gr21:00000000 |gr22:00000000 |gr23:00000000 |
gr24:00000000 |gr25:00000000 |gr26:00000000 |gr27:00000000 |
gr28:00000000 |gr29:00000000 |gr30:00000000 |gr31:00000000 |

PC : 00000dfe |MCAUSE: 08000000
gr 0:00000005 |gr 1:000000ea |gr 2:abcd1234 |gr 3:80000000 |
gr 4:7fffffff |gr 5:00000000 |gr 6:00023455 |gr 7:00000000 |
gr 8:fffffffe |gr 9:00000000 |gr10:00023456 |gr11:cdeabcde |
gr12:00000000 |gr13:00000000 |gr14:00000000 |gr15:40011000 |
gr16:00000003 |gr17:00000010 |gr18:00000000 |gr19:00000000 |
gr20:00000000 |gr21:00000000 |gr22:00000000 |gr23:00000000 |
gr24:00000000 |gr25:00000000 |gr26:00000000 |gr27:00000000 |
gr28:00000000 |gr29:00000000 |gr30:00000000 |gr31:00000000 |

PC : 00000e06 |MCAUSE: 08000000
gr 0:00000005 |gr 1:000000ea |gr 2:abcd1234 |gr 3:80000000 |
gr 4:7fffffff |gr 5:00000000 |gr 6:00023455 |gr 7:00000000 |
gr 8:fffffffe |gr 9:00000000 |gr10:00023456 |gr11:cdeabcde |
gr12:00000000 |gr13:00000000 |gr14:00000000 |gr15:40011000 |
gr16:00000003 |gr17:00000010 |gr18:00000000 |gr19:00000000 |
gr20:00000000 |gr21:00000000 |gr22:00000000 |gr23:00000000 |
gr24:00000000 |gr25:00000000 |gr26:00000000 |gr27:00000000 |
gr28:00000000 |gr29:00000000 |gr30:00000000 |gr31:00000000 |

PC : 00000e0a |MCAUSE: 08000000
gr 0:00000005 |gr 1:000000ea |gr 2:abcd1234 |gr 3:80000000 |
gr 4:7fffffff |gr 5:00000000 |gr 6:00023455 |gr 7:00000000 |
gr 8:fffffffe |gr 9:00000000 |gr10:00023456 |gr11:cdeabcde |
gr12:00000000 |gr13:00000000 |gr14:00000000 |gr15:40011000 |
gr16:00000003 |gr17:00000010 |gr18:00000000 |gr19:00000000 |
gr20:00000000 |gr21:00000000 |gr22:00000000 |gr23:00000000 |
gr24:00000000 |gr25:00000000 |gr26:00000000 |gr27:00000000 |
gr28:00000000 |gr29:00000000 |gr30:00000000 |gr31:00000000 |

PC : 00000e12 |MCAUSE: 08000000
gr 0:00000005 |gr 1:000000ea |gr 2:abcd1234 |gr 3:80000000 |
gr 4:7fffffff |gr 5:3fffffff |gr 6:00023455 |gr 7:00000000 |
gr 8:fffffffe |gr 9:00000000 |gr10:00023456 |gr11:cdeabcde |
gr12:00000000 |gr13:00000000 |gr14:00000000 |gr15:40011000 |
gr16:00000003 |gr17:00000010 |gr18:00000000 |gr19:00000000 |
gr20:00000000 |gr21:00000000 |gr22:00000000 |gr23:00000000 |
gr24:00000000 |gr25:00000000 |gr26:00000000 |gr27:00000000 |
gr28:00000000 |gr29:00000000 |gr30:00000000 |gr31:00000000 |

PC : 00000e16 |MCAUSE: 08000000
gr 0:00000005 |gr 1:000000ea |gr 2:abcd1234 |gr 3:80000000 |
gr 4:7fffffff |gr 5:3fffffff |gr 6:40000000 |gr 7:00000000 |
gr 8:fffffffe |gr 9:00000000 |gr10:00023456 |gr11:cdeabcde |
gr12:00000000 |gr13:00000000 |gr14:00000000 |gr15:40011000 |
gr16:00000003 |gr17:00000010 |gr18:00000000 |gr19:00000000 |
gr20:00000000 |gr21:00000000 |gr22:00000000 |gr23:00000000 |
gr24:00000000 |gr25:00000000 |gr26:00000000 |gr27:00000000 |
gr28:00000000 |gr29:00000000 |gr30:00000000 |gr31:00000000 |

PC : 00000e1a |MCAUSE: 08000000
gr 0:00000005 |gr 1:000000ea |gr 2:abcd1234 |gr 3:80000000 |
gr 4:7fffffff |gr 5:3fffffff |gr 6:3fffffff |gr 7:00000000 |
gr 8:fffffffe |gr 9:00000000 |gr10:00023456 |gr11:cdeabcde |
gr12:00000000 |gr13:00000000 |gr14:00000000 |gr15:40011000 |
gr16:00000003 |gr17:00000010 |gr18:00000000 |gr19:00000000 |
gr20:00000000 |gr21:00000000 |gr22:00000000 |gr23:00000000 |
gr24:00000000 |gr25:00000000 |gr26:00000000 |gr27:00000000 |
gr28:00000000 |gr29:00000000 |gr30:00000000 |gr31:00000000 |

PC : 00000e1e |MCAUSE: 08000000
gr 0:00000005 |gr 1:000000ea |gr 2:abcd1234 |gr 3:80000000 |
gr 4:7fffffff |gr 5:3fffffff |gr 6:3fffffff |gr 7:00000000 |
gr 8:fffffffe |gr 9:00000000 |gr10:00023456 |gr11:cdeabcde |
gr12:00000000 |gr13:00000000 |gr14:00000000 |gr15:40011000 |
gr16:00000003 |gr17:00000010 |gr18:00000000 |gr19:00000000 |
gr20:00000000 |gr21:00000000 |gr22:00000000 |gr23:00000000 |
gr24:00000000 |gr25:00000000 |gr26:00000000 |gr27:00000000 |
gr28:00000000 |gr29:00000000 |gr30:00000000 |gr31:00000000 |

PC : 00000e26 |MCAUSE: 08000000
gr 0:00000005 |gr 1:000000ea |gr 2:abcd1234 |gr 3:80000000 |
gr 4:7fffffff |gr 5:3fffffff |gr 6:3fffffff |gr 7:00000000 |
gr 8:fffffffe |gr 9:00000000 |gr10:00023456 |gr11:cdeabcde |
gr12:00000000 |gr13:00000000 |gr14:00000000 |gr15:40011000 |
gr16:00000003 |gr17:00000010 |gr18:00000000 |gr19:00000000 |
gr20:00000000 |gr21:00000000 |gr22:00000000 |gr23:00000000 |
gr24:00000000 |gr25:00000000 |gr26:00000000 |gr27:00000000 |
gr28:00000000 |gr29:00000000 |gr30:00000000 |gr31:00000000 |

PC : 00000e2a |MCAUSE: 08000000
gr 0:00000005 |gr 1:000000ea |gr 2:abcd1234 |gr 3:80000000 |
gr 4:7fffffff |gr 5:3fffffff |gr 6:40000000 |gr 7:00000000 |
gr 8:fffffffe |gr 9:00000000 |gr10:00023456 |gr11:cdeabcde |
gr12:00000000 |gr13:00000000 |gr14:00000000 |gr15:40011000 |
gr16:00000003 |gr17:00000010 |gr18:00000000 |gr19:00000000 |
gr20:00000000 |gr21:00000000 |gr22:00000000 |gr23:00000000 |
gr24:00000000 |gr25:00000000 |gr26:00000000 |gr27:00000000 |
gr28:00000000 |gr29:00000000 |gr30:00000000 |gr31:00000000 |

PC : 00000e2e |MCAUSE: 08000000
gr 0:00000005 |gr 1:000000ea |gr 2:abcd1234 |gr 3:80000000 |
gr 4:7fffffff |gr 5:3fffffff |gr 6:3fffffff |gr 7:00000000 |
gr 8:fffffffe |gr 9:00000000 |gr10:00023456 |gr11:cdeabcde |
gr12:00000000 |gr13:00000000 |gr14:00000000 |gr15:40011000 |
gr16:00000003 |gr17:00000010 |gr18:00000000 |gr19:00000000 |
gr20:00000000 |gr21:00000000 |gr22:00000000 |gr23:00000000 |
gr24:00000000 |gr25:00000000 |gr26:00000000 |gr27:00000000 |
gr28:00000000 |gr29:00000000 |gr30:00000000 |gr31:00000000 |

PC : 00000e32 |MCAUSE: 08000000
gr 0:00000005 |gr 1:000000ea |gr 2:abcd1234 |gr 3:80000000 |
gr 4:7fffffff |gr 5:3fffffff |gr 6:3fffffff |gr 7:00000000 |
gr 8:fffffffe |gr 9:00000000 |gr10:00023456 |gr11:cdeabcde |
gr12:00000000 |gr13:00000000 |gr14:00000000 |gr15:40011000 |
gr16:00000003 |gr17:00000010 |gr18:00000000 |gr19:00000000 |
gr20:00000000 |gr21:00000000 |gr22:00000000 |gr23:00000000 |
gr24:00000000 |gr25:00000000 |gr26:00000000 |gr27:00000000 |
gr28:00000000 |gr29:00000000 |gr30:00000000 |gr31:00000000 |

PC : 00000e3a |MCAUSE: 08000000
gr 0:00000005 |gr 1:000000ea |gr 2:abcd1234 |gr 3:80000000 |
gr 4:7fffffff |gr 5:00011a2a |gr 6:3fffffff |gr 7:00000000 |
gr 8:fffffffe |gr 9:00000000 |gr10:00023456 |gr11:cdeabcde |
gr12:00000000 |gr13:00000000 |gr14:00000000 |gr15:40011000 |
gr16:00000003 |gr17:00000010 |gr18:00000000 |gr19:00000000 |
gr20:00000000 |gr21:00000000 |gr22:00000000 |gr23:00000000 |
gr24:00000000 |gr25:00000000 |gr26:00000000 |gr27:00000000 |
gr28:00000000 |gr29:00000000 |gr30:00000000 |gr31:00000000 |

PC : 00000e3e |MCAUSE: 08000000
gr 0:00000005 |gr 1:000000ea |gr 2:abcd1234 |gr 3:80000000 |
gr 4:7fffffff |gr 5:00011a2a |gr 6:00012000 |gr 7:00000000 |
gr 8:fffffffe |gr 9:00000000 |gr10:00023456 |gr11:cdeabcde |
gr12:00000000 |gr13:00000000 |gr14:00000000 |gr15:40011000 |
gr16:00000003 |gr17:00000010 |gr18:00000000 |gr19:00000000 |
gr20:00000000 |gr21:00000000 |gr22:00000000 |gr23:00000000 |
gr24:00000000 |gr25:00000000 |gr26:00000000 |gr27:00000000 |
gr28:00000000 |gr29:00000000 |gr30:00000000 |gr31:00000000 |

PC : 00000e42 |MCAUSE: 08000000
gr 0:00000005 |gr 1:000000ea |gr 2:abcd1234 |gr 3:80000000 |
gr 4:7fffffff |gr 5:00011a2a |gr 6:00011a2a |gr 7:00000000 |
gr 8:fffffffe |gr 9:00000000 |gr10:00023456 |gr11:cdeabcde |
gr12:00000000 |gr13:00000000 |gr14:00000000 |gr15:40011000 |
gr16:00000003 |gr17:00000010 |gr18:00000000 |gr19:00000000 |
gr20:00000000 |gr21:00000000 |gr22:00000000 |gr23:00000000 |
gr24:00000000 |gr25:00000000 |gr26:00000000 |gr27:00000000 |
gr28:00000000 |gr29:00000000 |gr30:00000000 |gr31:00000000 |

PC : 00000e46 |MCAUSE: 08000000
gr 0:00000005 |gr 1:000000ea |gr 2:abcd1234 |gr 3:80000000 |
gr 4:7fffffff |gr 5:00011a2a |gr 6:00011a2a |gr 7:00000000 |
gr 8:fffffffe |gr 9:00000000 |gr10:00023456 |gr11:cdeabcde |
gr12:00000000 |gr13:00000000 |gr14:00000000 |gr15:40011000 |
gr16:00000003 |gr17:00000010 |gr18:00000000 |gr19:00000000 |
gr20:00000000 |gr21:00000000 |gr22:00000000 |gr23:00000000 |
gr24:00000000 |gr25:00000000 |gr26:00000000 |gr27:00000000 |
gr28:00000000 |gr29:00000000 |gr30:00000000 |gr31:00000000 |

PC : 00000e4e |MCAUSE: 08000000
gr 0:00000005 |gr 1:000000ea |gr 2:abcd1234 |gr 3:80000000 |
gr 4:7fffffff |gr 5:c0000000 |gr 6:00011a2a |gr 7:00000000 |
gr 8:fffffffe |gr 9:00000000 |gr10:00023456 |gr11:cdeabcde |
gr12:00000000 |gr13:00000000 |gr14:00000000 |gr15:40011000 |
gr16:00000003 |gr17:00000010 |gr18:00000000 |gr19:00000000 |
gr20:00000000 |gr21:00000000 |gr22:00000000 |gr23:00000000 |
gr24:00000000 |gr25:00000000 |gr26:00000000 |gr27:00000000 |
gr28:00000000 |gr29:00000000 |gr30:00000000 |gr31:00000000 |

PC : 00000e52 |MCAUSE: 08000000
gr 0:00000005 |gr 1:000000ea |gr 2:abcd1234 |gr 3:80000000 |
gr 4:7fffffff |gr 5:c0000000 |gr 6:c0000000 |gr 7:00000000 |
gr 8:fffffffe |gr 9:00000000 |gr10:00023456 |gr11:cdeabcde |
gr12:00000000 |gr13:00000000 |gr14:00000000 |gr15:40011000 |
gr16:00000003 |gr17:00000010 |gr18:00000000 |gr19:00000000 |
gr20:00000000 |gr21:00000000 |gr22:00000000 |gr23:00000000 |
gr24:00000000 |gr25:00000000 |gr26:00000000 |gr27:00000000 |
gr28:00000000 |gr29:00000000 |gr30:00000000 |gr31:00000000 |

PC : 00000e56 |MCAUSE: 08000000
gr 0:00000005 |gr 1:000000ea |gr 2:abcd1234 |gr 3:80000000 |
gr 4:7fffffff |gr 5:c0000000 |gr 6:c0000000 |gr 7:00000000 |
gr 8:fffffffe |gr 9:00000000 |gr10:00023456 |gr11:cdeabcde |
gr12:00000000 |gr13:00000000 |gr14:00000000 |gr15:40011000 |
gr16:00000003 |gr17:00000010 |gr18:00000000 |gr19:00000000 |
gr20:00000000 |gr21:00000000 |gr22:00000000 |gr23:00000000 |
gr24:00000000 |gr25:00000000 |gr26:00000000 |gr27:00000000 |
gr28:00000000 |gr29:00000000 |gr30:00000000 |gr31:00000000 |

PC : 00000e5e |MCAUSE: 08000000
gr 0:00000005 |gr 1:000000ea |gr 2:abcd1234 |gr 3:80000000 |
gr 4:7fffffff |gr 5:c0000000 |gr 6:c0000000 |gr 7:00000000 |
gr 8:fffffffe |gr 9:00000000 |gr10:00023456 |gr11:cdeabcde |
gr12:00000000 |gr13:00000000 |gr14:00000000 |gr15:40011000 |
gr16:00000003 |gr17:00000010 |gr18:00000000 |gr19:00000000 |
gr20:00000000 |gr21:00000000 |gr22:00000000 |gr23:00000000 |
gr24:00000000 |gr25:00000000 |gr26:00000000 |gr27:00000000 |
gr28:00000000 |gr29:00000000 |gr30:00000000 |gr31:00000000 |

PC : 00000e62 |MCAUSE: 08000000
gr 0:00000005 |gr 1:000000ea |gr 2:abcd1234 |gr 3:80000000 |
gr 4:7fffffff |gr 5:c0000000 |gr 6:c0000000 |gr 7:00000000 |
gr 8:fffffffe |gr 9:00000000 |gr10:00023456 |gr11:cdeabcde |
gr12:00000000 |gr13:00000000 |gr14:00000000 |gr15:40011000 |
gr16:00000003 |gr17:00000010 |gr18:00000000 |gr19:00000000 |
gr20:00000000 |gr21:00000000 |gr22:00000000 |gr23:00000000 |
gr24:00000000 |gr25:00000000 |gr26:00000000 |gr27:00000000 |
gr28:00000000 |gr29:00000000 |gr30:00000000 |gr31:00000000 |

PC : 00000e66 |MCAUSE: 08000000
gr 0:00000005 |gr 1:000000ea |gr 2:abcd1234 |gr 3:80000000 |
gr 4:7fffffff |gr 5:c0000000 |gr 6:c0000000 |gr 7:00000000 |
gr 8:fffffffe |gr 9:00000000 |gr10:00023456 |gr11:cdeabcde |
gr12:00000000 |gr13:00000000 |gr14:00000000 |gr15:40011000 |
gr16:00000003 |gr17:00000010 |gr18:00000000 |gr19:00000000 |
gr20:00000000 |gr21:00000000 |gr22:00000000 |gr23:00000000 |
gr24:00000000 |gr25:00000000 |gr26:00000000 |gr27:00000000 |
gr28:00000000 |gr29:00000000 |gr30:00000000 |gr31:00000000 |

PC : 00000e6e |MCAUSE: 08000000
gr 0:00000005 |gr 1:000000ea |gr 2:abcd1234 |gr 3:80000000 |
gr 4:7fffffff |gr 5:fffee5d5 |gr 6:c0000000 |gr 7:00000000 |
gr 8:fffffffe |gr 9:00000000 |gr10:00023456 |gr11:cdeabcde |
gr12:00000000 |gr13:00000000 |gr14:00000000 |gr15:40011000 |
gr16:00000003 |gr17:00000010 |gr18:00000000 |gr19:00000000 |
gr20:00000000 |gr21:00000000 |gr22:00000000 |gr23:00000000 |
gr24:00000000 |gr25:00000000 |gr26:00000000 |gr27:00000000 |
gr28:00000000 |gr29:00000000 |gr30:00000000 |gr31:00000000 |

PC : 00000e72 |MCAUSE: 08000000
gr 0:00000005 |gr 1:000000ea |gr 2:abcd1234 |gr 3:80000000 |
gr 4:7fffffff |gr 5:fffee5d5 |gr 6:fffee000 |gr 7:00000000 |
gr 8:fffffffe |gr 9:00000000 |gr10:00023456 |gr11:cdeabcde |
gr12:00000000 |gr13:00000000 |gr14:00000000 |gr15:40011000 |
gr16:00000003 |gr17:00000010 |gr18:00000000 |gr19:00000000 |
gr20:00000000 |gr21:00000000 |gr22:00000000 |gr23:00000000 |
gr24:00000000 |gr25:00000000 |gr26:00000000 |gr27:00000000 |
gr28:00000000 |gr29:00000000 |gr30:00000000 |gr31:00000000 |

PC : 00000e76 |MCAUSE: 08000000
gr 0:00000005 |gr 1:000000ea |gr 2:abcd1234 |gr 3:80000000 |
gr 4:7fffffff |gr 5:fffee5d5 |gr 6:fffee5d5 |gr 7:00000000 |
gr 8:fffffffe |gr 9:00000000 |gr10:00023456 |gr11:cdeabcde |
gr12:00000000 |gr13:00000000 |gr14:00000000 |gr15:40011000 |
gr16:00000003 |gr17:00000010 |gr18:00000000 |gr19:00000000 |
gr20:00000000 |gr21:00000000 |gr22:00000000 |gr23:00000000 |
gr24:00000000 |gr25:00000000 |gr26:00000000 |gr27:00000000 |
gr28:00000000 |gr29:00000000 |gr30:00000000 |gr31:00000000 |

PC : 00000e7a |MCAUSE: 08000000
gr 0:00000005 |gr 1:000000ea |gr 2:abcd1234 |gr 3:80000000 |
gr 4:7fffffff |gr 5:fffee5d5 |gr 6:fffee5d5 |gr 7:00000000 |
gr 8:fffffffe |gr 9:00000000 |gr10:00023456 |gr11:cdeabcde |
gr12:00000000 |gr13:00000000 |gr14:00000000 |gr15:40011000 |
gr16:00000003 |gr17:00000010 |gr18:00000000 |gr19:00000000 |
gr20:00000000 |gr21:00000000 |gr22:00000000 |gr23:00000000 |
gr24:00000000 |gr25:00000000 |gr26:00000000 |gr27:00000000 |
gr28:00000000 |gr29:00000000 |gr30:00000000 |gr31:00000000 |

PC : 00000e82 |MCAUSE: 08000000
gr 0:00000005 |gr 1:000000ea |gr 2:80000000 |gr 3:80000000 |
gr 4:7fffffff |gr 5:fffee5d5 |gr 6:fffee5d5 |gr 7:00000000 |
gr 8:fffffffe |gr 9:00000000 |gr10:00023456 |gr11:cdeabcde |
gr12:00000000 |gr13:00000000 |gr14:00000000 |gr15:40011000 |
gr16:00000003 |gr17:00000010 |gr18:00000000 |gr19:00000000 |
gr20:00000000 |gr21:00000000 |gr22:00000000 |gr23:00000000 |
gr24:00000000 |gr25:00000000 |gr26:00000000 |gr27:00000000 |
gr28:00000000 |gr29:00000000 |gr30:00000000 |gr31:00000000 |

PC : 00000e86 |MCAUSE: 08000000
gr 0:00000005 |gr 1:000000ea |gr 2:80000000 |gr 3:abcdb000 |
gr 4:7fffffff |gr 5:fffee5d5 |gr 6:fffee5d5 |gr 7:00000000 |
gr 8:fffffffe |gr 9:00000000 |gr10:00023456 |gr11:cdeabcde |
gr12:00000000 |gr13:00000000 |gr14:00000000 |gr15:40011000 |
gr16:00000003 |gr17:00000010 |gr18:00000000 |gr19:00000000 |
gr20:00000000 |gr21:00000000 |gr22:00000000 |gr23:00000000 |
gr24:00000000 |gr25:00000000 |gr26:00000000 |gr27:00000000 |
gr28:00000000 |gr29:00000000 |gr30:00000000 |gr31:00000000 |

PC : 00000e8a |MCAUSE: 08000000
gr 0:00000005 |gr 1:000000ea |gr 2:80000000 |gr 3:abcdabcd |
gr 4:7fffffff |gr 5:fffee5d5 |gr 6:fffee5d5 |gr 7:00000000 |
gr 8:fffffffe |gr 9:00000000 |gr10:00023456 |gr11:cdeabcde |
gr12:00000000 |gr13:00000000 |gr14:00000000 |gr15:40011000 |
gr16:00000003 |gr17:00000010 |gr18:00000000 |gr19:00000000 |
gr20:00000000 |gr21:00000000 |gr22:00000000 |gr23:00000000 |
gr24:00000000 |gr25:00000000 |gr26:00000000 |gr27:00000000 |
gr28:00000000 |gr29:00000000 |gr30:00000000 |gr31:00000000 |

PC : 00000e8e |MCAUSE: 08000000
gr 0:00000005 |gr 1:000000ea |gr 2:80000000 |gr 3:abcdabcd |
gr 4:789a8000 |gr 5:fffee5d5 |gr 6:fffee5d5 |gr 7:00000000 |
gr 8:fffffffe |gr 9:00000000 |gr10:00023456 |gr11:cdeabcde |
gr12:00000000 |gr13:00000000 |gr14:00000000 |gr15:40011000 |
gr16:00000003 |gr17:00000010 |gr18:00000000 |gr19:00000000 |
gr20:00000000 |gr21:00000000 |gr22:00000000 |gr23:00000000 |
gr24:00000000 |gr25:00000000 |gr26:00000000 |gr27:00000000 |
gr28:00000000 |gr29:00000000 |gr30:00000000 |gr31:00000000 |

PC : 00000e92 |MCAUSE: 08000000
gr 0:00000005 |gr 1:000000ea |gr 2:80000000 |gr 3:abcdabcd |
gr 4:789a789a |gr 5:fffee5d5 |gr 6:fffee5d5 |gr 7:00000000 |
gr 8:fffffffe |gr 9:00000000 |gr10:00023456 |gr11:cdeabcde |
gr12:00000000 |gr13:00000000 |gr14:00000000 |gr15:40011000 |
gr16:00000003 |gr17:00000010 |gr18:00000000 |gr19:00000000 |
gr20:00000000 |gr21:00000000 |gr22:00000000 |gr23:00000000 |
gr24:00000000 |gr25:00000000 |gr26:00000000 |gr27:00000000 |
gr28:00000000 |gr29:00000000 |gr30:00000000 |gr31:00000000 |

PC : 00000e96 |MCAUSE: 08000000
gr 0:00000005 |gr 1:000000ea |gr 2:80000000 |gr 3:abcdabcd |
gr 4:789a789a |gr 5:ffffffff |gr 6:fffee5d5 |gr 7:00000000 |
gr 8:fffffffe |gr 9:00000000 |gr10:00023456 |gr11:cdeabcde |
gr12:00000000 |gr13:00000000 |gr14:00000000 |gr15:40011000 |
gr16:00000003 |gr17:00000010 |gr18:00000000 |gr19:00000000 |
gr20:00000000 |gr21:00000000 |gr22:00000000 |gr23:00000000 |
gr24:00000000 |gr25:00000000 |gr26:00000000 |gr27:00000000 |
gr28:00000000 |gr29:00000000 |gr30:00000000 |gr31:00000000 |

PC : 00000e9a |MCAUSE: 08000000
gr 0:00000005 |gr 1:000000ea |gr 2:80000000 |gr 3:abcdabcd |
gr 4:789a789a |gr 5:ffffffff |gr 6:00000000 |gr 7:00000000 |
gr 8:fffffffe |gr 9:00000000 |gr10:00023456 |gr11:cdeabcde |
gr12:00000000 |gr13:00000000 |gr14:00000000 |gr15:40011000 |
gr16:00000003 |gr17:00000010 |gr18:00000000 |gr19:00000000 |
gr20:00000000 |gr21:00000000 |gr22:00000000 |gr23:00000000 |
gr24:00000000 |gr25:00000000 |gr26:00000000 |gr27:00000000 |
gr28:00000000 |gr29:00000000 |gr30:00000000 |gr31:00000000 |

PC : 00000e9e |MCAUSE: 08000000
gr 0:00000005 |gr 1:000000ea |gr 2:80000000 |gr 3:abcdabcd |
gr 4:789a789a |gr 5:ffffffff |gr 6:00000000 |gr 7:00000000 |
gr 8:fffffffe |gr 9:00000000 |gr10:00023456 |gr11:cdeabcde |
gr12:00000000 |gr13:00000000 |gr14:00000000 |gr15:40011000 |
gr16:00000003 |gr17:00000010 |gr18:00000000 |gr19:00000000 |
gr20:00000000 |gr21:00000000 |gr22:00000000 |gr23:00000000 |
gr24:00000000 |gr25:00000000 |gr26:00000000 |gr27:00000000 |
gr28:00000000 |gr29:00000000 |gr30:00000000 |gr31:00000000 |

PC : 00000ea2 |MCAUSE: 08000000
gr 0:00000005 |gr 1:000000ea |gr 2:80000000 |gr 3:abcdabcd |
gr 4:789a789a |gr 5:ffffffff |gr 6:00000000 |gr 7:00000000 |
gr 8:fffffffe |gr 9:00000000 |gr10:00023456 |gr11:cdeabcde |
gr12:00000000 |gr13:00000000 |gr14:00000000 |gr15:40011000 |
gr16:00000003 |gr17:00000010 |gr18:00000000 |gr19:00000000 |
gr20:00000000 |gr21:00000000 |gr22:00000000 |gr23:00000000 |
gr24:00000000 |gr25:00000000 |gr26:00000000 |gr27:00000000 |
gr28:00000000 |gr29:00000000 |gr30:00000000 |gr31:00000000 |

PC : 00000eaa |MCAUSE: 08000000
gr 0:00000005 |gr 1:000000ea |gr 2:80000000 |gr 3:abcdabcd |
gr 4:789a789a |gr 5:ffffffff |gr 6:00000000 |gr 7:00000000 |
gr 8:fffffffe |gr 9:00000000 |gr10:00023456 |gr11:cdeabcde |
gr12:00000000 |gr13:00000000 |gr14:00000000 |gr15:40011000 |
gr16:00000003 |gr17:00000010 |gr18:00000000 |gr19:00000000 |
gr20:00000000 |gr21:00000000 |gr22:00000000 |gr23:00000000 |
gr24:00000000 |gr25:00000000 |gr26:00000000 |gr27:00000000 |
gr28:00000000 |gr29:00000000 |gr30:00000000 |gr31:00000000 |

PC : 00000eae |MCAUSE: 08000000
gr 0:00000005 |gr 1:000000ea |gr 2:80000000 |gr 3:abcdabcd |
gr 4:789a789a |gr 5:ffffffff |gr 6:00000000 |gr 7:00000000 |
gr 8:fffffffe |gr 9:00000000 |gr10:00023456 |gr11:cdeabcde |
gr12:00000000 |gr13:00000000 |gr14:00000000 |gr15:40011000 |
gr16:00000003 |gr17:00000010 |gr18:00000000 |gr19:00000000 |
gr20:00000000 |gr21:00000000 |gr22:00000000 |gr23:00000000 |
gr24:00000000 |gr25:00000000 |gr26:00000000 |gr27:00000000 |
gr28:00000000 |gr29:00000000 |gr30:00000000 |gr31:00000000 |

PC : 00000eb2 |MCAUSE: 08000000
gr 0:00000005 |gr 1:000000ea |gr 2:80000000 |gr 3:abcdabcd |
gr 4:789a789a |gr 5:ffffffff |gr 6:00000000 |gr 7:00000000 |
gr 8:fffffffe |gr 9:00000000 |gr10:00023456 |gr11:cdeabcde |
gr12:00000000 |gr13:00000000 |gr14:00000000 |gr15:40011000 |
gr16:00000003 |gr17:00000010 |gr18:00000000 |gr19:00000000 |
gr20:00000000 |gr21:00000000 |gr22:00000000 |gr23:00000000 |
gr24:00000000 |gr25:00000000 |gr26:00000000 |gr27:00000000 |
gr28:00000000 |gr29:00000000 |gr30:00000000 |gr31:00000000 |

PC : 00000eba |MCAUSE: 08000000
gr 0:00000005 |gr 1:000000ea |gr 2:80000000 |gr 3:abcdabcd |
gr 4:789a789a |gr 5:ffffffff |gr 6:00000000 |gr 7:00000000 |
gr 8:fffffffe |gr 9:00000000 |gr10:00023456 |gr11:cdeabcde |
gr12:00000000 |gr13:00000000 |gr14:00000000 |gr15:40011000 |
gr16:00000003 |gr17:00000010 |gr18:00000000 |gr19:00000000 |
gr20:00000000 |gr21:00000000 |gr22:00000000 |gr23:00000000 |
gr24:00000000 |gr25:00000000 |gr26:00000000 |gr27:00000000 |
gr28:00000000 |gr29:00000000 |gr30:00000000 |gr31:00000000 |

PC : 00000ebe |MCAUSE: 08000000
gr 0:00000005 |gr 1:000000ea |gr 2:80000000 |gr 3:abcdabcd |
gr 4:789a789a |gr 5:ffffffff |gr 6:ffffffff |gr 7:ffffffff |
gr 8:fffffffe |gr 9:00000000 |gr10:00023456 |gr11:cdeabcde |
gr12:00000000 |gr13:00000000 |gr14:00000000 |gr15:40011000 |
gr16:00000003 |gr17:00000010 |gr18:00000000 |gr19:00000000 |
gr20:00000000 |gr21:00000000 |gr22:00000000 |gr23:00000000 |
gr24:00000000 |gr25:00000000 |gr26:00000000 |gr27:00000000 |
gr28:00000000 |gr29:00000000 |gr30:00000000 |gr31:00000000 |

PC : 00000ec2 |MCAUSE: 08000000
gr 0:00000005 |gr 1:000000ea |gr 2:80000000 |gr 3:abcdabcd |
gr 4:789a789a |gr 5:ffffffff |gr 6:ffffffff |gr 7:ffffffff |
gr 8:fffffffe |gr 9:00000000 |gr10:00023456 |gr11:cdeabcde |
gr12:00000000 |gr13:00000000 |gr14:00000000 |gr15:40011000 |
gr16:00000003 |gr17:00000010 |gr18:00000000 |gr19:00000000 |
gr20:00000000 |gr21:00000000 |gr22:00000000 |gr23:00000000 |
gr24:00000000 |gr25:00000000 |gr26:00000000 |gr27:00000000 |
gr28:00000000 |gr29:00000000 |gr30:00000000 |gr31:00000000 |

PC : 00000eca |MCAUSE: 08000000
gr 0:00000005 |gr 1:000000ea |gr 2:80000000 |gr 3:abcdabcd |
gr 4:789a789a |gr 5:ffffffff |gr 6:ffffffff |gr 7:ffffffff |
gr 8:fffffffe |gr 9:00000000 |gr10:00023456 |gr11:cdeabcde |
gr12:00000000 |gr13:00000000 |gr14:00000000 |gr15:40011000 |
gr16:00000003 |gr17:00000010 |gr18:00000000 |gr19:00000000 |
gr20:00000000 |gr21:00000000 |gr22:00000000 |gr23:00000000 |
gr24:00000000 |gr25:00000000 |gr26:00000000 |gr27:00000000 |
gr28:00000000 |gr29:00000000 |gr30:00000000 |gr31:00000000 |

PC : 00000ece |MCAUSE: 08000000
gr 0:00000005 |gr 1:000000ea |gr 2:80000000 |gr 3:abcdabcd |
gr 4:789a789a |gr 5:ffffffff |gr 6:ffffffff |gr 7:ffffffff |
gr 8:fffffffe |gr 9:00000000 |gr10:00023456 |gr11:cdeabcde |
gr12:00000000 |gr13:00000000 |gr14:00000000 |gr15:40011000 |
gr16:00000003 |gr17:00000010 |gr18:00000000 |gr19:00000000 |
gr20:00000000 |gr21:00000000 |gr22:00000000 |gr23:00000000 |
gr24:00000000 |gr25:00000000 |gr26:00000000 |gr27:00000000 |
gr28:00000000 |gr29:00000000 |gr30:00000000 |gr31:00000000 |

PC : 00000ed2 |MCAUSE: 08000000
gr 0:00000005 |gr 1:000000ea |gr 2:80000000 |gr 3:abcdabcd |
gr 4:789a789a |gr 5:ffffffff |gr 6:ffffffff |gr 7:ffffffff |
gr 8:fffffffe |gr 9:00000000 |gr10:00023456 |gr11:cdeabcde |
gr12:00000000 |gr13:00000000 |gr14:00000000 |gr15:40011000 |
gr16:00000003 |gr17:00000010 |gr18:00000000 |gr19:00000000 |
gr20:00000000 |gr21:00000000 |gr22:00000000 |gr23:00000000 |
gr24:00000000 |gr25:00000000 |gr26:00000000 |gr27:00000000 |
gr28:00000000 |gr29:00000000 |gr30:00000000 |gr31:00000000 |

PC : 00000eda |MCAUSE: 08000000
gr 0:00000005 |gr 1:000000ea |gr 2:80000000 |gr 3:abcdabcd |
gr 4:789a789a |gr 5:ffffffff |gr 6:80000000 |gr 7:ffffffff |
gr 8:fffffffe |gr 9:00000000 |gr10:00023456 |gr11:cdeabcde |
gr12:00000000 |gr13:00000000 |gr14:00000000 |gr15:40011000 |
gr16:00000003 |gr17:00000010 |gr18:00000000 |gr19:00000000 |
gr20:00000000 |gr21:00000000 |gr22:00000000 |gr23:00000000 |
gr24:00000000 |gr25:00000000 |gr26:00000000 |gr27:00000000 |
gr28:00000000 |gr29:00000000 |gr30:00000000 |gr31:00000000 |

PC : 00000ede |MCAUSE: 08000000
gr 0:00000005 |gr 1:000000ea |gr 2:80000000 |gr 3:abcdabcd |
gr 4:789a789a |gr 5:ffffffff |gr 6:80000000 |gr 7:80000000 |
gr 8:fffffffe |gr 9:00000000 |gr10:00023456 |gr11:cdeabcde |
gr12:00000000 |gr13:00000000 |gr14:00000000 |gr15:40011000 |
gr16:00000003 |gr17:00000010 |gr18:00000000 |gr19:00000000 |
gr20:00000000 |gr21:00000000 |gr22:00000000 |gr23:00000000 |
gr24:00000000 |gr25:00000000 |gr26:00000000 |gr27:00000000 |
gr28:00000000 |gr29:00000000 |gr30:00000000 |gr31:00000000 |

PC : 00000ee2 |MCAUSE: 08000000
gr 0:00000005 |gr 1:000000ea |gr 2:80000000 |gr 3:abcdabcd |
gr 4:789a789a |gr 5:ffffffff |gr 6:80000000 |gr 7:80000000 |
gr 8:fffffffe |gr 9:00000000 |gr10:00023456 |gr11:cdeabcde |
gr12:00000000 |gr13:00000000 |gr14:00000000 |gr15:40011000 |
gr16:00000003 |gr17:00000010 |gr18:00000000 |gr19:00000000 |
gr20:00000000 |gr21:00000000 |gr22:00000000 |gr23:00000000 |
gr24:00000000 |gr25:00000000 |gr26:00000000 |gr27:00000000 |
gr28:00000000 |gr29:00000000 |gr30:00000000 |gr31:00000000 |

PC : 00000eea |MCAUSE: 08000000
gr 0:00000005 |gr 1:000000ea |gr 2:80000000 |gr 3:abcdabcd |
gr 4:789a789a |gr 5:ffffffff |gr 6:80000000 |gr 7:80000000 |
gr 8:fffffffe |gr 9:00000000 |gr10:00023456 |gr11:cdeabcde |
gr12:00000000 |gr13:00000000 |gr14:00000000 |gr15:40011000 |
gr16:00000003 |gr17:00000010 |gr18:00000000 |gr19:00000000 |
gr20:00000000 |gr21:00000000 |gr22:00000000 |gr23:00000000 |
gr24:00000000 |gr25:00000000 |gr26:00000000 |gr27:00000000 |
gr28:00000000 |gr29:00000000 |gr30:00000000 |gr31:00000000 |

PC : 00000eee |MCAUSE: 08000000
gr 0:00000005 |gr 1:000000ea |gr 2:80000000 |gr 3:abcdb000 |
gr 4:789a789a |gr 5:ffffffff |gr 6:80000000 |gr 7:80000000 |
gr 8:fffffffe |gr 9:00000000 |gr10:00023456 |gr11:cdeabcde |
gr12:00000000 |gr13:00000000 |gr14:00000000 |gr15:40011000 |
gr16:00000003 |gr17:00000010 |gr18:00000000 |gr19:00000000 |
gr20:00000000 |gr21:00000000 |gr22:00000000 |gr23:00000000 |
gr24:00000000 |gr25:00000000 |gr26:00000000 |gr27:00000000 |
gr28:00000000 |gr29:00000000 |gr30:00000000 |gr31:00000000 |

PC : 00000ef2 |MCAUSE: 08000000
gr 0:00000005 |gr 1:000000ea |gr 2:80000000 |gr 3:abcdabcd |
gr 4:789a789a |gr 5:ffffffff |gr 6:80000000 |gr 7:80000000 |
gr 8:fffffffe |gr 9:00000000 |gr10:00023456 |gr11:cdeabcde |
gr12:00000000 |gr13:00000000 |gr14:00000000 |gr15:40011000 |
gr16:00000003 |gr17:00000010 |gr18:00000000 |gr19:00000000 |
gr20:00000000 |gr21:00000000 |gr22:00000000 |gr23:00000000 |
gr24:00000000 |gr25:00000000 |gr26:00000000 |gr27:00000000 |
gr28:00000000 |gr29:00000000 |gr30:00000000 |gr31:00000000 |

PC : 00000ef6 |MCAUSE: 08000000
gr 0:00000005 |gr 1:000000ea |gr 2:80000000 |gr 3:abcdabcd |
gr 4:789a8000 |gr 5:ffffffff |gr 6:80000000 |gr 7:80000000 |
gr 8:fffffffe |gr 9:00000000 |gr10:00023456 |gr11:cdeabcde |
gr12:00000000 |gr13:00000000 |gr14:00000000 |gr15:40011000 |
gr16:00000003 |gr17:00000010 |gr18:00000000 |gr19:00000000 |
gr20:00000000 |gr21:00000000 |gr22:00000000 |gr23:00000000 |
gr24:00000000 |gr25:00000000 |gr26:00000000 |gr27:00000000 |
gr28:00000000 |gr29:00000000 |gr30:00000000 |gr31:00000000 |

PC : 00000efa |MCAUSE: 08000000
gr 0:00000005 |gr 1:000000ea |gr 2:80000000 |gr 3:abcdabcd |
gr 4:789a789a |gr 5:ffffffff |gr 6:80000000 |gr 7:80000000 |
gr 8:fffffffe |gr 9:00000000 |gr10:00023456 |gr11:cdeabcde |
gr12:00000000 |gr13:00000000 |gr14:00000000 |gr15:40011000 |
gr16:00000003 |gr17:00000010 |gr18:00000000 |gr19:00000000 |
gr20:00000000 |gr21:00000000 |gr22:00000000 |gr23:00000000 |
gr24:00000000 |gr25:00000000 |gr26:00000000 |gr27:00000000 |
gr28:00000000 |gr29:00000000 |gr30:00000000 |gr31:00000000 |

PC : 00000efe |MCAUSE: 08000000
gr 0:00000005 |gr 1:000000ea |gr 2:80000000 |gr 3:abcdabcd |
gr 4:789a789a |gr 5:ffffffff |gr 6:80000000 |gr 7:80000000 |
gr 8:fffffffe |gr 9:00000000 |gr10:00023456 |gr11:cdeabcde |
gr12:00000000 |gr13:00000000 |gr14:00000000 |gr15:40011000 |
gr16:00000003 |gr17:00000010 |gr18:00000000 |gr19:00000000 |
gr20:00000000 |gr21:00000000 |gr22:00000000 |gr23:00000000 |
gr24:00000000 |gr25:00000000 |gr26:00000000 |gr27:00000000 |
gr28:00000000 |gr29:00000000 |gr30:00000000 |gr31:00000000 |

PC : 00000f02 |MCAUSE: 08000000
gr 0:00000005 |gr 1:000000ea |gr 2:80000000 |gr 3:abcdabcd |
gr 4:789a789a |gr 5:ffffffff |gr 6:00000000 |gr 7:80000000 |
gr 8:fffffffe |gr 9:00000000 |gr10:00023456 |gr11:cdeabcde |
gr12:00000000 |gr13:00000000 |gr14:00000000 |gr15:40011000 |
gr16:00000003 |gr17:00000010 |gr18:00000000 |gr19:00000000 |
gr20:00000000 |gr21:00000000 |gr22:00000000 |gr23:00000000 |
gr24:00000000 |gr25:00000000 |gr26:00000000 |gr27:00000000 |
gr28:00000000 |gr29:00000000 |gr30:00000000 |gr31:00000000 |

PC : 00000f06 |MCAUSE: 08000000
gr 0:00000005 |gr 1:000000ea |gr 2:80000000 |gr 3:abcdabcd |
gr 4:789a789a |gr 5:ffffffff |gr 6:00000000 |gr 7:00000000 |
gr 8:fffffffe |gr 9:00000000 |gr10:00023456 |gr11:cdeabcde |
gr12:00000000 |gr13:00000000 |gr14:00000000 |gr15:40011000 |
gr16:00000003 |gr17:00000010 |gr18:00000000 |gr19:00000000 |
gr20:00000000 |gr21:00000000 |gr22:00000000 |gr23:00000000 |
gr24:00000000 |gr25:00000000 |gr26:00000000 |gr27:00000000 |
gr28:00000000 |gr29:00000000 |gr30:00000000 |gr31:00000000 |

PC : 00000f0a |MCAUSE: 08000000
gr 0:00000005 |gr 1:000000ea |gr 2:80000000 |gr 3:abcdabcd |
gr 4:789a789a |gr 5:ffffffff |gr 6:00000000 |gr 7:00000000 |
gr 8:fffffffe |gr 9:00000000 |gr10:00023456 |gr11:cdeabcde |
gr12:00000000 |gr13:00000000 |gr14:00000000 |gr15:40011000 |
gr16:00000003 |gr17:00000010 |gr18:00000000 |gr19:00000000 |
gr20:00000000 |gr21:00000000 |gr22:00000000 |gr23:00000000 |
gr24:00000000 |gr25:00000000 |gr26:00000000 |gr27:00000000 |
gr28:00000000 |gr29:00000000 |gr30:00000000 |gr31:00000000 |

PC : 00000f12 |MCAUSE: 08000000
gr 0:00000005 |gr 1:000000ea |gr 2:80000000 |gr 3:abcdabcd |
gr 4:789a789a |gr 5:ffffffff |gr 6:00000000 |gr 7:00000000 |
gr 8:fffffffe |gr 9:00000000 |gr10:00023456 |gr11:cdeabcde |
gr12:00000000 |gr13:00000000 |gr14:00000000 |gr15:40011000 |
gr16:00000003 |gr17:00000010 |gr18:00000000 |gr19:00000000 |
gr20:00000000 |gr21:00000000 |gr22:00000000 |gr23:00000000 |
gr24:00000000 |gr25:00000000 |gr26:00000000 |gr27:00000000 |
gr28:00000000 |gr29:00000000 |gr30:00000000 |gr31:00000000 |

PC : 00000f16 |MCAUSE: 08000000
gr 0:00000005 |gr 1:000000ea |gr 2:80000000 |gr 3:abcdabcd |
gr 4:789a789a |gr 5:ffffffff |gr 6:00000000 |gr 7:00000001 |
gr 8:fffffffe |gr 9:00000000 |gr10:00023456 |gr11:cdeabcde |
gr12:00000000 |gr13:00000000 |gr14:00000000 |gr15:40011000 |
gr16:00000003 |gr17:00000010 |gr18:00000000 |gr19:00000000 |
gr20:00000000 |gr21:00000000 |gr22:00000000 |gr23:00000000 |
gr24:00000000 |gr25:00000000 |gr26:00000000 |gr27:00000000 |
gr28:00000000 |gr29:00000000 |gr30:00000000 |gr31:00000000 |

PC : 00000f1a |MCAUSE: 08000000
gr 0:00000005 |gr 1:000000ea |gr 2:80000000 |gr 3:abcdabcd |
gr 4:789a789a |gr 5:ffffffff |gr 6:00000001 |gr 7:00000001 |
gr 8:fffffffe |gr 9:00000000 |gr10:00023456 |gr11:cdeabcde |
gr12:00000000 |gr13:00000000 |gr14:00000000 |gr15:40011000 |
gr16:00000003 |gr17:00000010 |gr18:00000000 |gr19:00000000 |
gr20:00000000 |gr21:00000000 |gr22:00000000 |gr23:00000000 |
gr24:00000000 |gr25:00000000 |gr26:00000000 |gr27:00000000 |
gr28:00000000 |gr29:00000000 |gr30:00000000 |gr31:00000000 |

PC : 00000f22 |MCAUSE: 08000000
gr 0:00000005 |gr 1:000000ea |gr 2:80000000 |gr 3:abcdabcd |
gr 4:789a789a |gr 5:ffffffff |gr 6:00000001 |gr 7:00000001 |
gr 8:fffffffe |gr 9:00000000 |gr10:00023456 |gr11:cdeabcde |
gr12:00000000 |gr13:00000000 |gr14:00000000 |gr15:40011000 |
gr16:00000003 |gr17:00000010 |gr18:00000000 |gr19:00000000 |
gr20:00000000 |gr21:00000000 |gr22:00000000 |gr23:00000000 |
gr24:00000000 |gr25:00000000 |gr26:00000000 |gr27:00000000 |
gr28:00000000 |gr29:00000000 |gr30:00000000 |gr31:00000000 |

PC : 00000f26 |MCAUSE: 08000000
gr 0:00000005 |gr 1:000000ea |gr 2:80000000 |gr 3:abcdabcd |
gr 4:789a789a |gr 5:ffffffff |gr 6:00000001 |gr 7:00000000 |
gr 8:fffffffe |gr 9:00000000 |gr10:00023456 |gr11:cdeabcde |
gr12:00000000 |gr13:00000000 |gr14:00000000 |gr15:40011000 |
gr16:00000003 |gr17:00000010 |gr18:00000000 |gr19:00000000 |
gr20:00000000 |gr21:00000000 |gr22:00000000 |gr23:00000000 |
gr24:00000000 |gr25:00000000 |gr26:00000000 |gr27:00000000 |
gr28:00000000 |gr29:00000000 |gr30:00000000 |gr31:00000000 |

PC : 00000f2a |MCAUSE: 08000000
gr 0:00000005 |gr 1:000000ea |gr 2:80000000 |gr 3:abcdabcd |
gr 4:789a789a |gr 5:ffffffff |gr 6:00000000 |gr 7:00000000 |
gr 8:fffffffe |gr 9:00000000 |gr10:00023456 |gr11:cdeabcde |
gr12:00000000 |gr13:00000000 |gr14:00000000 |gr15:40011000 |
gr16:00000003 |gr17:00000010 |gr18:00000000 |gr19:00000000 |
gr20:00000000 |gr21:00000000 |gr22:00000000 |gr23:00000000 |
gr24:00000000 |gr25:00000000 |gr26:00000000 |gr27:00000000 |
gr28:00000000 |gr29:00000000 |gr30:00000000 |gr31:00000000 |

PC : 00000f32 |MCAUSE: 08000000
gr 0:00000005 |gr 1:000000ea |gr 2:80000000 |gr 3:abcdabcd |
gr 4:789a789a |gr 5:ffffffff |gr 6:ffffffff |gr 7:00000000 |
gr 8:fffffffe |gr 9:00000000 |gr10:00023456 |gr11:cdeabcde |
gr12:00000000 |gr13:00000000 |gr14:00000000 |gr15:40011000 |
gr16:00000003 |gr17:00000010 |gr18:00000000 |gr19:00000000 |
gr20:00000000 |gr21:00000000 |gr22:00000000 |gr23:00000000 |
gr24:00000000 |gr25:00000000 |gr26:00000000 |gr27:00000000 |
gr28:00000000 |gr29:00000000 |gr30:00000000 |gr31:00000000 |

PC : 00000f36 |MCAUSE: 08000000
gr 0:00000005 |gr 1:000000ea |gr 2:80000000 |gr 3:abcdabcd |
gr 4:789a789a |gr 5:ffffffff |gr 6:ffffffff |gr 7:ffffffff |
gr 8:fffffffe |gr 9:00000000 |gr10:00023456 |gr11:cdeabcde |
gr12:00000000 |gr13:00000000 |gr14:00000000 |gr15:40011000 |
gr16:00000003 |gr17:00000010 |gr18:00000000 |gr19:00000000 |
gr20:00000000 |gr21:00000000 |gr22:00000000 |gr23:00000000 |
gr24:00000000 |gr25:00000000 |gr26:00000000 |gr27:00000000 |
gr28:00000000 |gr29:00000000 |gr30:00000000 |gr31:00000000 |

PC : 00000f3a |MCAUSE: 08000000
gr 0:00000005 |gr 1:000000ea |gr 2:80000000 |gr 3:abcdabcd |
gr 4:789a789a |gr 5:ffffffff |gr 6:ffffffff |gr 7:ffffffff |
gr 8:fffffffe |gr 9:00000000 |gr10:00023456 |gr11:cdeabcde |
gr12:00000000 |gr13:00000000 |gr14:00000000 |gr15:40011000 |
gr16:00000003 |gr17:00000010 |gr18:00000000 |gr19:00000000 |
gr20:00000000 |gr21:00000000 |gr22:00000000 |gr23:00000000 |
gr24:00000000 |gr25:00000000 |gr26:00000000 |gr27:00000000 |
gr28:00000000 |gr29:00000000 |gr30:00000000 |gr31:00000000 |

PC : 00000f42 |MCAUSE: 08000000
gr 0:00000005 |gr 1:000000ea |gr 2:80000000 |gr 3:abcdabcd |
gr 4:789a789a |gr 5:ffffffff |gr 6:ffffffff |gr 7:ffffffff |
gr 8:fffffffe |gr 9:00000000 |gr10:00023456 |gr11:cdeabcde |
gr12:00000000 |gr13:00000000 |gr14:00000000 |gr15:40011000 |
gr16:00000003 |gr17:00000010 |gr18:00000000 |gr19:00000000 |
gr20:00000000 |gr21:00000000 |gr22:00000000 |gr23:00000000 |
gr24:00000000 |gr25:00000000 |gr26:00000000 |gr27:00000000 |
gr28:00000000 |gr29:00000000 |gr30:00000000 |gr31:00000000 |

PC : 00000f46 |MCAUSE: 08000000
gr 0:00000005 |gr 1:000000ea |gr 2:80000000 |gr 3:abcdabcd |
gr 4:789a789a |gr 5:ffffffff |gr 6:ffffffff |gr 7:00000000 |
gr 8:fffffffe |gr 9:00000000 |gr10:00023456 |gr11:cdeabcde |
gr12:00000000 |gr13:00000000 |gr14:00000000 |gr15:40011000 |
gr16:00000003 |gr17:00000010 |gr18:00000000 |gr19:00000000 |
gr20:00000000 |gr21:00000000 |gr22:00000000 |gr23:00000000 |
gr24:00000000 |gr25:00000000 |gr26:00000000 |gr27:00000000 |
gr28:00000000 |gr29:00000000 |gr30:00000000 |gr31:00000000 |

PC : 00000f4a |MCAUSE: 08000000
gr 0:00000005 |gr 1:000000ea |gr 2:80000000 |gr 3:abcdabcd |
gr 4:789a789a |gr 5:ffffffff |gr 6:00000000 |gr 7:00000000 |
gr 8:fffffffe |gr 9:00000000 |gr10:00023456 |gr11:cdeabcde |
gr12:00000000 |gr13:00000000 |gr14:00000000 |gr15:40011000 |
gr16:00000003 |gr17:00000010 |gr18:00000000 |gr19:00000000 |
gr20:00000000 |gr21:00000000 |gr22:00000000 |gr23:00000000 |
gr24:00000000 |gr25:00000000 |gr26:00000000 |gr27:00000000 |
gr28:00000000 |gr29:00000000 |gr30:00000000 |gr31:00000000 |

PC : 00000f52 |MCAUSE: 08000000
gr 0:00000005 |gr 1:000000ea |gr 2:80000000 |gr 3:abcdabcd |
gr 4:789a789a |gr 5:ffffffff |gr 6:00000000 |gr 7:00000000 |
gr 8:fffffffe |gr 9:00000000 |gr10:00023456 |gr11:cdeabcde |
gr12:00000000 |gr13:00000000 |gr14:00000000 |gr15:40011000 |
gr16:00000003 |gr17:00000010 |gr18:00000000 |gr19:00000000 |
gr20:00000000 |gr21:00000000 |gr22:00000000 |gr23:00000000 |
gr24:00000000 |gr25:00000000 |gr26:00000000 |gr27:00000000 |
gr28:00000000 |gr29:00000000 |gr30:00000000 |gr31:00000000 |

PC : 00000f56 |MCAUSE: 08000000
gr 0:00000005 |gr 1:000000ea |gr 2:80000000 |gr 3:abcdb000 |
gr 4:789a789a |gr 5:ffffffff |gr 6:00000000 |gr 7:00000000 |
gr 8:fffffffe |gr 9:00000000 |gr10:00023456 |gr11:cdeabcde |
gr12:00000000 |gr13:00000000 |gr14:00000000 |gr15:40011000 |
gr16:00000003 |gr17:00000010 |gr18:00000000 |gr19:00000000 |
gr20:00000000 |gr21:00000000 |gr22:00000000 |gr23:00000000 |
gr24:00000000 |gr25:00000000 |gr26:00000000 |gr27:00000000 |
gr28:00000000 |gr29:00000000 |gr30:00000000 |gr31:00000000 |

PC : 00000f5a |MCAUSE: 08000000
gr 0:00000005 |gr 1:000000ea |gr 2:80000000 |gr 3:abcdabcd |
gr 4:789a789a |gr 5:ffffffff |gr 6:00000000 |gr 7:00000000 |
gr 8:fffffffe |gr 9:00000000 |gr10:00023456 |gr11:cdeabcde |
gr12:00000000 |gr13:00000000 |gr14:00000000 |gr15:40011000 |
gr16:00000003 |gr17:00000010 |gr18:00000000 |gr19:00000000 |
gr20:00000000 |gr21:00000000 |gr22:00000000 |gr23:00000000 |
gr24:00000000 |gr25:00000000 |gr26:00000000 |gr27:00000000 |
gr28:00000000 |gr29:00000000 |gr30:00000000 |gr31:00000000 |

PC : 00000f5e |MCAUSE: 08000000
gr 0:00000005 |gr 1:000000ea |gr 2:80000000 |gr 3:abcdabcd |
gr 4:789a8000 |gr 5:ffffffff |gr 6:00000000 |gr 7:00000000 |
gr 8:fffffffe |gr 9:00000000 |gr10:00023456 |gr11:cdeabcde |
gr12:00000000 |gr13:00000000 |gr14:00000000 |gr15:40011000 |
gr16:00000003 |gr17:00000010 |gr18:00000000 |gr19:00000000 |
gr20:00000000 |gr21:00000000 |gr22:00000000 |gr23:00000000 |
gr24:00000000 |gr25:00000000 |gr26:00000000 |gr27:00000000 |
gr28:00000000 |gr29:00000000 |gr30:00000000 |gr31:00000000 |

PC : 00000f62 |MCAUSE: 08000000
gr 0:00000005 |gr 1:000000ea |gr 2:80000000 |gr 3:abcdabcd |
gr 4:789a789a |gr 5:ffffffff |gr 6:00000000 |gr 7:00000000 |
gr 8:fffffffe |gr 9:00000000 |gr10:00023456 |gr11:cdeabcde |
gr12:00000000 |gr13:00000000 |gr14:00000000 |gr15:40011000 |
gr16:00000003 |gr17:00000010 |gr18:00000000 |gr19:00000000 |
gr20:00000000 |gr21:00000000 |gr22:00000000 |gr23:00000000 |
gr24:00000000 |gr25:00000000 |gr26:00000000 |gr27:00000000 |
gr28:00000000 |gr29:00000000 |gr30:00000000 |gr31:00000000 |

PC : 00000f66 |MCAUSE: 08000000
gr 0:00000005 |gr 1:000000ea |gr 2:80000000 |gr 3:abcdabcd |
gr 4:789a789a |gr 5:ffffffff |gr 6:00000000 |gr 7:00000000 |
gr 8:fffffffe |gr 9:00000000 |gr10:00023456 |gr11:cdeabcde |
gr12:00000000 |gr13:00000000 |gr14:00000000 |gr15:40011000 |
gr16:00000003 |gr17:00000010 |gr18:00000000 |gr19:00000000 |
gr20:00000000 |gr21:00000000 |gr22:00000000 |gr23:00000000 |
gr24:00000000 |gr25:00000000 |gr26:00000000 |gr27:00000000 |
gr28:00000000 |gr29:00000000 |gr30:00000000 |gr31:00000000 |

PC : 00000f6a |MCAUSE: 08000000
gr 0:00000005 |gr 1:000000ea |gr 2:80000000 |gr 3:abcdabcd |
gr 4:789a789a |gr 5:ffffffff |gr 6:00000000 |gr 7:00000000 |
gr 8:fffffffe |gr 9:00000000 |gr10:00023456 |gr11:cdeabcde |
gr12:00000000 |gr13:00000000 |gr14:00000000 |gr15:40011000 |
gr16:00000003 |gr17:00000010 |gr18:00000000 |gr19:00000000 |
gr20:00000000 |gr21:00000000 |gr22:00000000 |gr23:00000000 |
gr24:00000000 |gr25:00000000 |gr26:00000000 |gr27:00000000 |
gr28:00000000 |gr29:00000000 |gr30:00000000 |gr31:00000000 |

PC : 00000f6e |MCAUSE: 08000000
gr 0:00000005 |gr 1:000000ea |gr 2:80000000 |gr 3:abcdabcd |
gr 4:789a789a |gr 5:ffffffff |gr 6:00000000 |gr 7:00000000 |
gr 8:fffffffe |gr 9:00000000 |gr10:00023456 |gr11:cdeabcde |
gr12:00000000 |gr13:00000000 |gr14:00000000 |gr15:40011000 |
gr16:00000003 |gr17:00000010 |gr18:00000000 |gr19:00000000 |
gr20:00000000 |gr21:00000000 |gr22:00000000 |gr23:00000000 |
gr24:00000000 |gr25:00000000 |gr26:00000000 |gr27:00000000 |
gr28:00000000 |gr29:00000000 |gr30:00000000 |gr31:00000000 |

PC : 00000f72 |MCAUSE: 08000000
gr 0:00000005 |gr 1:000000ea |gr 2:80000000 |gr 3:abcdabcd |
gr 4:789a789a |gr 5:ffffffff |gr 6:00000000 |gr 7:00000000 |
gr 8:fffffffe |gr 9:00000000 |gr10:00023456 |gr11:cdeabcde |
gr12:00000000 |gr13:00000000 |gr14:00000000 |gr15:40011000 |
gr16:00000003 |gr17:00000010 |gr18:00000000 |gr19:00000000 |
gr20:00000000 |gr21:00000000 |gr22:00000000 |gr23:00000000 |
gr24:00000000 |gr25:00000000 |gr26:00000000 |gr27:00000000 |
gr28:00000000 |gr29:00000000 |gr30:00000000 |gr31:00000000 |

PC : 00000f7a |MCAUSE: 08000000
gr 0:00000005 |gr 1:000000ea |gr 2:80000000 |gr 3:abcdabcd |
gr 4:789a789a |gr 5:ffffffff |gr 6:00000000 |gr 7:00000000 |
gr 8:fffffffe |gr 9:00000000 |gr10:00023456 |gr11:cdeabcde |
gr12:00000000 |gr13:00000000 |gr14:00000000 |gr15:40011000 |
gr16:00000003 |gr17:00000010 |gr18:00000000 |gr19:00000000 |
gr20:00000000 |gr21:00000000 |gr22:00000000 |gr23:00000000 |
gr24:00000000 |gr25:00000000 |gr26:00000000 |gr27:00000000 |
gr28:00000000 |gr29:00000000 |gr30:00000000 |gr31:00000000 |

PC : 00000f7e |MCAUSE: 08000000
gr 0:00000005 |gr 1:000000ea |gr 2:80000000 |gr 3:abcdabcd |
gr 4:789a789a |gr 5:ffffffff |gr 6:abcdabcd |gr 7:abcdb000 |
gr 8:fffffffe |gr 9:00000000 |gr10:00023456 |gr11:cdeabcde |
gr12:00000000 |gr13:00000000 |gr14:00000000 |gr15:40011000 |
gr16:00000003 |gr17:00000010 |gr18:00000000 |gr19:00000000 |
gr20:00000000 |gr21:00000000 |gr22:00000000 |gr23:00000000 |
gr24:00000000 |gr25:00000000 |gr26:00000000 |gr27:00000000 |
gr28:00000000 |gr29:00000000 |gr30:00000000 |gr31:00000000 |

PC : 00000f82 |MCAUSE: 08000000
gr 0:00000005 |gr 1:000000ea |gr 2:80000000 |gr 3:abcdabcd |
gr 4:789a789a |gr 5:ffffffff |gr 6:abcdabcd |gr 7:abcdabcd |
gr 8:fffffffe |gr 9:00000000 |gr10:00023456 |gr11:cdeabcde |
gr12:00000000 |gr13:00000000 |gr14:00000000 |gr15:40011000 |
gr16:00000003 |gr17:00000010 |gr18:00000000 |gr19:00000000 |
gr20:00000000 |gr21:00000000 |gr22:00000000 |gr23:00000000 |
gr24:00000000 |gr25:00000000 |gr26:00000000 |gr27:00000000 |
gr28:00000000 |gr29:00000000 |gr30:00000000 |gr31:00000000 |

PC : 00000f86 |MCAUSE: 08000000
gr 0:00000005 |gr 1:000000ea |gr 2:80000000 |gr 3:abcdabcd |
gr 4:789a789a |gr 5:ffffffff |gr 6:abcdabcd |gr 7:abcdabcd |
gr 8:fffffffe |gr 9:00000000 |gr10:00023456 |gr11:cdeabcde |
gr12:00000000 |gr13:00000000 |gr14:00000000 |gr15:40011000 |
gr16:00000003 |gr17:00000010 |gr18:00000000 |gr19:00000000 |
gr20:00000000 |gr21:00000000 |gr22:00000000 |gr23:00000000 |
gr24:00000000 |gr25:00000000 |gr26:00000000 |gr27:00000000 |
gr28:00000000 |gr29:00000000 |gr30:00000000 |gr31:00000000 |

PC : 00000f8e |MCAUSE: 08000000
gr 0:00000005 |gr 1:000000ea |gr 2:80000000 |gr 3:abcdabcd |
gr 4:789a789a |gr 5:ffffffff |gr 6:abcdabcd |gr 7:abcdabcd |
gr 8:fffffffe |gr 9:00000000 |gr10:00023456 |gr11:cdeabcde |
gr12:00000000 |gr13:00000000 |gr14:00000000 |gr15:40011000 |
gr16:00000003 |gr17:00000010 |gr18:00000000 |gr19:00000000 |
gr20:00000000 |gr21:00000000 |gr22:00000000 |gr23:00000000 |
gr24:00000000 |gr25:00000000 |gr26:00000000 |gr27:00000000 |
gr28:00000000 |gr29:00000000 |gr30:00000000 |gr31:00000000 |

PC : 00000f92 |MCAUSE: 08000000
gr 0:00000005 |gr 1:000000ea |gr 2:80000000 |gr 3:abcdabcd |
gr 4:789a789a |gr 5:ffffffff |gr 6:abcdabcd |gr 7:24682000 |
gr 8:fffffffe |gr 9:00000000 |gr10:00023456 |gr11:cdeabcde |
gr12:00000000 |gr13:00000000 |gr14:00000000 |gr15:40011000 |
gr16:00000003 |gr17:00000010 |gr18:00000000 |gr19:00000000 |
gr20:00000000 |gr21:00000000 |gr22:00000000 |gr23:00000000 |
gr24:00000000 |gr25:00000000 |gr26:00000000 |gr27:00000000 |
gr28:00000000 |gr29:00000000 |gr30:00000000 |gr31:00000000 |

PC : 00000f96 |MCAUSE: 08000000
gr 0:00000005 |gr 1:000000ea |gr 2:80000000 |gr 3:abcdabcd |
gr 4:789a789a |gr 5:ffffffff |gr 6:abcdabcd |gr 7:24682467 |
gr 8:fffffffe |gr 9:00000000 |gr10:00023456 |gr11:cdeabcde |
gr12:00000000 |gr13:00000000 |gr14:00000000 |gr15:40011000 |
gr16:00000003 |gr17:00000010 |gr18:00000000 |gr19:00000000 |
gr20:00000000 |gr21:00000000 |gr22:00000000 |gr23:00000000 |
gr24:00000000 |gr25:00000000 |gr26:00000000 |gr27:00000000 |
gr28:00000000 |gr29:00000000 |gr30:00000000 |gr31:00000000 |

PC : 00000f9a |MCAUSE: 08000000
gr 0:00000005 |gr 1:000000ea |gr 2:80000000 |gr 3:abcdabcd |
gr 4:789a789a |gr 5:ffffffff |gr 6:24682467 |gr 7:24682467 |
gr 8:fffffffe |gr 9:00000000 |gr10:00023456 |gr11:cdeabcde |
gr12:00000000 |gr13:00000000 |gr14:00000000 |gr15:40011000 |
gr16:00000003 |gr17:00000010 |gr18:00000000 |gr19:00000000 |
gr20:00000000 |gr21:00000000 |gr22:00000000 |gr23:00000000 |
gr24:00000000 |gr25:00000000 |gr26:00000000 |gr27:00000000 |
gr28:00000000 |gr29:00000000 |gr30:00000000 |gr31:00000000 |

PC : 00000fa2 |MCAUSE: 08000000
gr 0:00000005 |gr 1:000000ea |gr 2:80000000 |gr 3:abcdabcd |
gr 4:789a789a |gr 5:ffffffff |gr 6:abcdabcd |gr 7:24682467 |
gr 8:fffffffe |gr 9:00000000 |gr10:00023456 |gr11:cdeabcde |
gr12:00000000 |gr13:00000000 |gr14:00000000 |gr15:40011000 |
gr16:00000003 |gr17:00000010 |gr18:00000000 |gr19:00000000 |
gr20:00000000 |gr21:00000000 |gr22:00000000 |gr23:00000000 |
gr24:00000000 |gr25:00000000 |gr26:00000000 |gr27:00000000 |
gr28:00000000 |gr29:00000000 |gr30:00000000 |gr31:00000000 |

PC : 00000fa6 |MCAUSE: 08000000
gr 0:00000005 |gr 1:000000ea |gr 2:80000000 |gr 3:abcdabcd |
gr 4:789a789a |gr 5:ffffffff |gr 6:abcdabcd |gr 7:abcdabcd |
gr 8:fffffffe |gr 9:00000000 |gr10:00023456 |gr11:cdeabcde |
gr12:00000000 |gr13:00000000 |gr14:00000000 |gr15:40011000 |
gr16:00000003 |gr17:00000010 |gr18:00000000 |gr19:00000000 |
gr20:00000000 |gr21:00000000 |gr22:00000000 |gr23:00000000 |
gr24:00000000 |gr25:00000000 |gr26:00000000 |gr27:00000000 |
gr28:00000000 |gr29:00000000 |gr30:00000000 |gr31:00000000 |

PC : 00000faa |MCAUSE: 08000000
gr 0:00000005 |gr 1:000000ea |gr 2:80000000 |gr 3:abcdabcd |
gr 4:789a789a |gr 5:ffffffff |gr 6:abcdabcd |gr 7:abcdabcd |
gr 8:fffffffe |gr 9:00000000 |gr10:00023456 |gr11:cdeabcde |
gr12:00000000 |gr13:00000000 |gr14:00000000 |gr15:40011000 |
gr16:00000003 |gr17:00000010 |gr18:00000000 |gr19:00000000 |
gr20:00000000 |gr21:00000000 |gr22:00000000 |gr23:00000000 |
gr24:00000000 |gr25:00000000 |gr26:00000000 |gr27:00000000 |
gr28:00000000 |gr29:00000000 |gr30:00000000 |gr31:00000000 |

PC : 00000fb2 |MCAUSE: 08000000
gr 0:00000005 |gr 1:000000ea |gr 2:80000000 |gr 3:abcdabcd |
gr 4:789a789a |gr 5:ffffffff |gr 6:00000000 |gr 7:abcdabcd |
gr 8:fffffffe |gr 9:00000000 |gr10:00023456 |gr11:cdeabcde |
gr12:00000000 |gr13:00000000 |gr14:00000000 |gr15:40011000 |
gr16:00000003 |gr17:00000010 |gr18:00000000 |gr19:00000000 |
gr20:00000000 |gr21:00000000 |gr22:00000000 |gr23:00000000 |
gr24:00000000 |gr25:00000000 |gr26:00000000 |gr27:00000000 |
gr28:00000000 |gr29:00000000 |gr30:00000000 |gr31:00000000 |

PC : 00000fb6 |MCAUSE: 08000000
gr 0:00000005 |gr 1:000000ea |gr 2:80000000 |gr 3:abcdabcd |
gr 4:789a789a |gr 5:ffffffff |gr 6:00000000 |gr 7:00000000 |
gr 8:fffffffe |gr 9:00000000 |gr10:00023456 |gr11:cdeabcde |
gr12:00000000 |gr13:00000000 |gr14:00000000 |gr15:40011000 |
gr16:00000003 |gr17:00000010 |gr18:00000000 |gr19:00000000 |
gr20:00000000 |gr21:00000000 |gr22:00000000 |gr23:00000000 |
gr24:00000000 |gr25:00000000 |gr26:00000000 |gr27:00000000 |
gr28:00000000 |gr29:00000000 |gr30:00000000 |gr31:00000000 |

PC : 00000fba |MCAUSE: 08000000
gr 0:00000005 |gr 1:000000ea |gr 2:80000000 |gr 3:abcdabcd |
gr 4:789a789a |gr 5:ffffffff |gr 6:00000000 |gr 7:00000000 |
gr 8:fffffffe |gr 9:00000000 |gr10:00023456 |gr11:cdeabcde |
gr12:00000000 |gr13:00000000 |gr14:00000000 |gr15:40011000 |
gr16:00000003 |gr17:00000010 |gr18:00000000 |gr19:00000000 |
gr20:00000000 |gr21:00000000 |gr22:00000000 |gr23:00000000 |
gr24:00000000 |gr25:00000000 |gr26:00000000 |gr27:00000000 |
gr28:00000000 |gr29:00000000 |gr30:00000000 |gr31:00000000 |

PC : 00000fc2 |MCAUSE: 08000000
gr 0:00000005 |gr 1:000000ea |gr 2:80000000 |gr 3:abcdabcd |
gr 4:789a789a |gr 5:ffffffff |gr 6:00000000 |gr 7:00000000 |
gr 8:fffffffe |gr 9:00000000 |gr10:00023456 |gr11:cdeabcde |
gr12:00000000 |gr13:00000000 |gr14:00000000 |gr15:40011000 |
gr16:00000003 |gr17:00000010 |gr18:00000000 |gr19:00000000 |
gr20:00000000 |gr21:00000000 |gr22:00000000 |gr23:00000000 |
gr24:00000000 |gr25:00000000 |gr26:00000000 |gr27:00000000 |
gr28:00000000 |gr29:00000000 |gr30:00000000 |gr31:00000000 |

PC : 00000fc6 |MCAUSE: 08000000
gr 0:00000005 |gr 1:000000ea |gr 2:80000000 |gr 3:abcdb000 |
gr 4:789a789a |gr 5:ffffffff |gr 6:00000000 |gr 7:00000000 |
gr 8:fffffffe |gr 9:00000000 |gr10:00023456 |gr11:cdeabcde |
gr12:00000000 |gr13:00000000 |gr14:00000000 |gr15:40011000 |
gr16:00000003 |gr17:00000010 |gr18:00000000 |gr19:00000000 |
gr20:00000000 |gr21:00000000 |gr22:00000000 |gr23:00000000 |
gr24:00000000 |gr25:00000000 |gr26:00000000 |gr27:00000000 |
gr28:00000000 |gr29:00000000 |gr30:00000000 |gr31:00000000 |

PC : 00000fca |MCAUSE: 08000000
gr 0:00000005 |gr 1:000000ea |gr 2:80000000 |gr 3:abcdabcd |
gr 4:789a789a |gr 5:ffffffff |gr 6:00000000 |gr 7:00000000 |
gr 8:fffffffe |gr 9:00000000 |gr10:00023456 |gr11:cdeabcde |
gr12:00000000 |gr13:00000000 |gr14:00000000 |gr15:40011000 |
gr16:00000003 |gr17:00000010 |gr18:00000000 |gr19:00000000 |
gr20:00000000 |gr21:00000000 |gr22:00000000 |gr23:00000000 |
gr24:00000000 |gr25:00000000 |gr26:00000000 |gr27:00000000 |
gr28:00000000 |gr29:00000000 |gr30:00000000 |gr31:00000000 |

PC : 00000fce |MCAUSE: 08000000
gr 0:00000005 |gr 1:000000ea |gr 2:80000000 |gr 3:abcdabcd |
gr 4:789a8000 |gr 5:ffffffff |gr 6:00000000 |gr 7:00000000 |
gr 8:fffffffe |gr 9:00000000 |gr10:00023456 |gr11:cdeabcde |
gr12:00000000 |gr13:00000000 |gr14:00000000 |gr15:40011000 |
gr16:00000003 |gr17:00000010 |gr18:00000000 |gr19:00000000 |
gr20:00000000 |gr21:00000000 |gr22:00000000 |gr23:00000000 |
gr24:00000000 |gr25:00000000 |gr26:00000000 |gr27:00000000 |
gr28:00000000 |gr29:00000000 |gr30:00000000 |gr31:00000000 |

PC : 00000fd2 |MCAUSE: 08000000
gr 0:00000005 |gr 1:000000ea |gr 2:80000000 |gr 3:abcdabcd |
gr 4:789a789a |gr 5:ffffffff |gr 6:00000000 |gr 7:00000000 |
gr 8:fffffffe |gr 9:00000000 |gr10:00023456 |gr11:cdeabcde |
gr12:00000000 |gr13:00000000 |gr14:00000000 |gr15:40011000 |
gr16:00000003 |gr17:00000010 |gr18:00000000 |gr19:00000000 |
gr20:00000000 |gr21:00000000 |gr22:00000000 |gr23:00000000 |
gr24:00000000 |gr25:00000000 |gr26:00000000 |gr27:00000000 |
gr28:00000000 |gr29:00000000 |gr30:00000000 |gr31:00000000 |

PC : 00000fd6 |MCAUSE: 08000000
gr 0:00000005 |gr 1:000000ea |gr 2:80000000 |gr 3:abcdabcd |
gr 4:789a789a |gr 5:ffffffff |gr 6:00000000 |gr 7:00000000 |
gr 8:fffffffe |gr 9:00000000 |gr10:00023456 |gr11:cdeabcde |
gr12:00000000 |gr13:00000000 |gr14:00000000 |gr15:40011000 |
gr16:00000003 |gr17:00000010 |gr18:00000000 |gr19:00000000 |
gr20:00000000 |gr21:00000000 |gr22:00000000 |gr23:00000000 |
gr24:00000000 |gr25:00000000 |gr26:00000000 |gr27:00000000 |
gr28:00000000 |gr29:00000000 |gr30:00000000 |gr31:00000000 |

PC : 00000fda |MCAUSE: 08000000
gr 0:00000005 |gr 1:000000ea |gr 2:80000000 |gr 3:abcdabcd |
gr 4:789a789a |gr 5:ffffffff |gr 6:00000000 |gr 7:00000000 |
gr 8:fffffffe |gr 9:00000000 |gr10:00023456 |gr11:cdeabcde |
gr12:00000000 |gr13:00000000 |gr14:00000000 |gr15:40011000 |
gr16:00000003 |gr17:00000010 |gr18:00000000 |gr19:00000000 |
gr20:00000000 |gr21:00000000 |gr22:00000000 |gr23:00000000 |
gr24:00000000 |gr25:00000000 |gr26:00000000 |gr27:00000000 |
gr28:00000000 |gr29:00000000 |gr30:00000000 |gr31:00000000 |

PC : 00000fde |MCAUSE: 08000000
gr 0:00000005 |gr 1:000000ea |gr 2:80000000 |gr 3:abcdabcd |
gr 4:789a789a |gr 5:ffffffff |gr 6:00000000 |gr 7:00000000 |
gr 8:fffffffe |gr 9:00000000 |gr10:00023456 |gr11:cdeabcde |
gr12:00000000 |gr13:00000000 |gr14:00000000 |gr15:40011000 |
gr16:00000003 |gr17:00000010 |gr18:00000000 |gr19:00000000 |
gr20:00000000 |gr21:00000000 |gr22:00000000 |gr23:00000000 |
gr24:00000000 |gr25:00000000 |gr26:00000000 |gr27:00000000 |
gr28:00000000 |gr29:00000000 |gr30:00000000 |gr31:00000000 |

PC : 00000fe2 |MCAUSE: 08000000
gr 0:00000005 |gr 1:000000ea |gr 2:80000000 |gr 3:abcdabcd |
gr 4:789a789a |gr 5:ffffffff |gr 6:00000000 |gr 7:00000000 |
gr 8:fffffffe |gr 9:00000000 |gr10:00023456 |gr11:cdeabcde |
gr12:00000000 |gr13:00000000 |gr14:00000000 |gr15:40011000 |
gr16:00000003 |gr17:00000010 |gr18:00000000 |gr19:00000000 |
gr20:00000000 |gr21:00000000 |gr22:00000000 |gr23:00000000 |
gr24:00000000 |gr25:00000000 |gr26:00000000 |gr27:00000000 |
gr28:00000000 |gr29:00000000 |gr30:00000000 |gr31:00000000 |

PC : 00000fea |MCAUSE: 08000000
gr 0:00000005 |gr 1:000000ea |gr 2:80000000 |gr 3:abcdabcd |
gr 4:789a789a |gr 5:ffffffff |gr 6:00000000 |gr 7:00000000 |
gr 8:fffffffe |gr 9:00000000 |gr10:00023456 |gr11:cdeabcde |
gr12:00000000 |gr13:00000000 |gr14:00000000 |gr15:40011000 |
gr16:00000003 |gr17:00000010 |gr18:00000000 |gr19:00000000 |
gr20:00000000 |gr21:00000000 |gr22:00000000 |gr23:00000000 |
gr24:00000000 |gr25:00000000 |gr26:00000000 |gr27:00000000 |
gr28:00000000 |gr29:00000000 |gr30:00000000 |gr31:00000000 |

PC : 00000fee |MCAUSE: 08000000
gr 0:00000005 |gr 1:000000ea |gr 2:80000000 |gr 3:abcdabcd |
gr 4:789a789a |gr 5:ffffffff |gr 6:00000000 |gr 7:33333000 |
gr 8:fffffffe |gr 9:00000000 |gr10:00023456 |gr11:cdeabcde |
gr12:00000000 |gr13:00000000 |gr14:00000000 |gr15:40011000 |
gr16:00000003 |gr17:00000010 |gr18:00000000 |gr19:00000000 |
gr20:00000000 |gr21:00000000 |gr22:00000000 |gr23:00000000 |
gr24:00000000 |gr25:00000000 |gr26:00000000 |gr27:00000000 |
gr28:00000000 |gr29:00000000 |gr30:00000000 |gr31:00000000 |

PC : 00000ff2 |MCAUSE: 08000000
gr 0:00000005 |gr 1:000000ea |gr 2:80000000 |gr 3:abcdabcd |
gr 4:789a789a |gr 5:ffffffff |gr 6:00000000 |gr 7:33333333 |
gr 8:fffffffe |gr 9:00000000 |gr10:00023456 |gr11:cdeabcde |
gr12:00000000 |gr13:00000000 |gr14:00000000 |gr15:40011000 |
gr16:00000003 |gr17:00000010 |gr18:00000000 |gr19:00000000 |
gr20:00000000 |gr21:00000000 |gr22:00000000 |gr23:00000000 |
gr24:00000000 |gr25:00000000 |gr26:00000000 |gr27:00000000 |
gr28:00000000 |gr29:00000000 |gr30:00000000 |gr31:00000000 |

PC : 00000ff6 |MCAUSE: 08000000
gr 0:00000005 |gr 1:000000ea |gr 2:80000000 |gr 3:abcdabcd |
gr 4:789a789a |gr 5:ffffffff |gr 6:33333333 |gr 7:33333333 |
gr 8:fffffffe |gr 9:00000000 |gr10:00023456 |gr11:cdeabcde |
gr12:00000000 |gr13:00000000 |gr14:00000000 |gr15:40011000 |
gr16:00000003 |gr17:00000010 |gr18:00000000 |gr19:00000000 |
gr20:00000000 |gr21:00000000 |gr22:00000000 |gr23:00000000 |
gr24:00000000 |gr25:00000000 |gr26:00000000 |gr27:00000000 |
gr28:00000000 |gr29:00000000 |gr30:00000000 |gr31:00000000 |

PC : 00000ffe |MCAUSE: 08000000
gr 0:00000005 |gr 1:000000ea |gr 2:80000000 |gr 3:abcdabcd |
gr 4:789a789a |gr 5:ffffffff |gr 6:33333333 |gr 7:33333333 |
gr 8:fffffffe |gr 9:00000000 |gr10:00023456 |gr11:cdeabcde |
gr12:00000000 |gr13:00000000 |gr14:00000000 |gr15:40011000 |
gr16:00000003 |gr17:00000010 |gr18:00000000 |gr19:00000000 |
gr20:00000000 |gr21:00000000 |gr22:00000000 |gr23:00000000 |
gr24:00000000 |gr25:00000000 |gr26:00000000 |gr27:00000000 |
gr28:00000000 |gr29:00000000 |gr30:00000000 |gr31:00000000 |

PC : 00001002 |MCAUSE: 08000000
gr 0:00000005 |gr 1:000000ea |gr 2:80000000 |gr 3:abcdabcd |
gr 4:789a789a |gr 5:ffffffff |gr 6:33333333 |gr 7:789a8000 |
gr 8:fffffffe |gr 9:00000000 |gr10:00023456 |gr11:cdeabcde |
gr12:00000000 |gr13:00000000 |gr14:00000000 |gr15:40011000 |
gr16:00000003 |gr17:00000010 |gr18:00000000 |gr19:00000000 |
gr20:00000000 |gr21:00000000 |gr22:00000000 |gr23:00000000 |
gr24:00000000 |gr25:00000000 |gr26:00000000 |gr27:00000000 |
gr28:00000000 |gr29:00000000 |gr30:00000000 |gr31:00000000 |

PC : 00001006 |MCAUSE: 08000000
gr 0:00000005 |gr 1:000000ea |gr 2:80000000 |gr 3:abcdabcd |
gr 4:789a789a |gr 5:ffffffff |gr 6:33333333 |gr 7:789a789a |
gr 8:fffffffe |gr 9:00000000 |gr10:00023456 |gr11:cdeabcde |
gr12:00000000 |gr13:00000000 |gr14:00000000 |gr15:40011000 |
gr16:00000003 |gr17:00000010 |gr18:00000000 |gr19:00000000 |
gr20:00000000 |gr21:00000000 |gr22:00000000 |gr23:00000000 |
gr24:00000000 |gr25:00000000 |gr26:00000000 |gr27:00000000 |
gr28:00000000 |gr29:00000000 |gr30:00000000 |gr31:00000000 |

PC : 0000100a |MCAUSE: 08000000
gr 0:00000005 |gr 1:000000ea |gr 2:80000000 |gr 3:abcdabcd |
gr 4:789a789a |gr 5:ffffffff |gr 6:789a789a |gr 7:789a789a |
gr 8:fffffffe |gr 9:00000000 |gr10:00023456 |gr11:cdeabcde |
gr12:00000000 |gr13:00000000 |gr14:00000000 |gr15:40011000 |
gr16:00000003 |gr17:00000010 |gr18:00000000 |gr19:00000000 |
gr20:00000000 |gr21:00000000 |gr22:00000000 |gr23:00000000 |
gr24:00000000 |gr25:00000000 |gr26:00000000 |gr27:00000000 |
gr28:00000000 |gr29:00000000 |gr30:00000000 |gr31:00000000 |

PC : 00001012 |MCAUSE: 08000000
gr 0:00000005 |gr 1:000000ea |gr 2:80000000 |gr 3:abcdabcd |
gr 4:789a789a |gr 5:ffffffff |gr 6:abcdabcd |gr 7:789a789a |
gr 8:fffffffe |gr 9:00000000 |gr10:00023456 |gr11:cdeabcde |
gr12:00000000 |gr13:00000000 |gr14:00000000 |gr15:40011000 |
gr16:00000003 |gr17:00000010 |gr18:00000000 |gr19:00000000 |
gr20:00000000 |gr21:00000000 |gr22:00000000 |gr23:00000000 |
gr24:00000000 |gr25:00000000 |gr26:00000000 |gr27:00000000 |
gr28:00000000 |gr29:00000000 |gr30:00000000 |gr31:00000000 |

PC : 00001016 |MCAUSE: 08000000
gr 0:00000005 |gr 1:000000ea |gr 2:80000000 |gr 3:abcdabcd |
gr 4:789a789a |gr 5:ffffffff |gr 6:abcdabcd |gr 7:abcdabcd |
gr 8:fffffffe |gr 9:00000000 |gr10:00023456 |gr11:cdeabcde |
gr12:00000000 |gr13:00000000 |gr14:00000000 |gr15:40011000 |
gr16:00000003 |gr17:00000010 |gr18:00000000 |gr19:00000000 |
gr20:00000000 |gr21:00000000 |gr22:00000000 |gr23:00000000 |
gr24:00000000 |gr25:00000000 |gr26:00000000 |gr27:00000000 |
gr28:00000000 |gr29:00000000 |gr30:00000000 |gr31:00000000 |

PC : 0000101a |MCAUSE: 08000000
gr 0:00000005 |gr 1:000000ea |gr 2:80000000 |gr 3:abcdabcd |
gr 4:789a789a |gr 5:ffffffff |gr 6:abcdabcd |gr 7:abcdabcd |
gr 8:fffffffe |gr 9:00000000 |gr10:00023456 |gr11:cdeabcde |
gr12:00000000 |gr13:00000000 |gr14:00000000 |gr15:40011000 |
gr16:00000003 |gr17:00000010 |gr18:00000000 |gr19:00000000 |
gr20:00000000 |gr21:00000000 |gr22:00000000 |gr23:00000000 |
gr24:00000000 |gr25:00000000 |gr26:00000000 |gr27:00000000 |
gr28:00000000 |gr29:00000000 |gr30:00000000 |gr31:00000000 |

PC : 00001022 |MCAUSE: 08000000
gr 0:00000005 |gr 1:000000ea |gr 2:80000000 |gr 3:abcdabcd |
gr 4:789a789a |gr 5:ffffffff |gr 6:abcdabcd |gr 7:abcdabcd |
gr 8:fffffffe |gr 9:00000000 |gr10:00023456 |gr11:cdeabcde |
gr12:00000000 |gr13:00000000 |gr14:00000000 |gr15:40011000 |
gr16:00000003 |gr17:00000010 |gr18:00000000 |gr19:00000000 |
gr20:00000000 |gr21:00000000 |gr22:00000000 |gr23:00000000 |
gr24:00000000 |gr25:00000000 |gr26:00000000 |gr27:00000000 |
gr28:00000000 |gr29:00000000 |gr30:00000000 |gr31:00000000 |

PC : 00001026 |MCAUSE: 08000000
gr 0:00000005 |gr 1:000000ea |gr 2:80000000 |gr 3:abcdabcd |
gr 4:789a789a |gr 5:ffffffff |gr 6:abcdabcd |gr 7:80000000 |
gr 8:fffffffe |gr 9:00000000 |gr10:00023456 |gr11:cdeabcde |
gr12:00000000 |gr13:00000000 |gr14:00000000 |gr15:40011000 |
gr16:00000003 |gr17:00000010 |gr18:00000000 |gr19:00000000 |
gr20:00000000 |gr21:00000000 |gr22:00000000 |gr23:00000000 |
gr24:00000000 |gr25:00000000 |gr26:00000000 |gr27:00000000 |
gr28:00000000 |gr29:00000000 |gr30:00000000 |gr31:00000000 |

PC : 0000102a |MCAUSE: 08000000
gr 0:00000005 |gr 1:000000ea |gr 2:80000000 |gr 3:abcdabcd |
gr 4:789a789a |gr 5:ffffffff |gr 6:80000000 |gr 7:80000000 |
gr 8:fffffffe |gr 9:00000000 |gr10:00023456 |gr11:cdeabcde |
gr12:00000000 |gr13:00000000 |gr14:00000000 |gr15:40011000 |
gr16:00000003 |gr17:00000010 |gr18:00000000 |gr19:00000000 |
gr20:00000000 |gr21:00000000 |gr22:00000000 |gr23:00000000 |
gr24:00000000 |gr25:00000000 |gr26:00000000 |gr27:00000000 |
gr28:00000000 |gr29:00000000 |gr30:00000000 |gr31:00000000 |

PC : 00001032 |MCAUSE: 08000000
gr 0:00000005 |gr 1:000000ea |gr 2:80000000 |gr 3:abcdabcd |
gr 4:0000001f |gr 5:ffffffff |gr 6:80000000 |gr 7:80000000 |
gr 8:fffffffe |gr 9:00000000 |gr10:00023456 |gr11:cdeabcde |
gr12:00000000 |gr13:00000000 |gr14:00000000 |gr15:40011000 |
gr16:00000003 |gr17:00000010 |gr18:00000000 |gr19:00000000 |
gr20:00000000 |gr21:00000000 |gr22:00000000 |gr23:00000000 |
gr24:00000000 |gr25:00000000 |gr26:00000000 |gr27:00000000 |
gr28:00000000 |gr29:00000000 |gr30:00000000 |gr31:00000000 |

PC : 00001034 |MCAUSE: 08000000
gr 0:00000005 |gr 1:000000ea |gr 2:80000000 |gr 3:abcdabcd |
gr 4:0000001f |gr 5:0000001f |gr 6:80000000 |gr 7:80000000 |
gr 8:fffffffe |gr 9:00000000 |gr10:00023456 |gr11:cdeabcde |
gr12:00000000 |gr13:00000000 |gr14:00000000 |gr15:40011000 |
gr16:00000003 |gr17:00000010 |gr18:00000000 |gr19:00000000 |
gr20:00000000 |gr21:00000000 |gr22:00000000 |gr23:00000000 |
gr24:00000000 |gr25:00000000 |gr26:00000000 |gr27:00000000 |
gr28:00000000 |gr29:00000000 |gr30:00000000 |gr31:00000000 |

PC : 00001036 |MCAUSE: 08000000
gr 0:00000005 |gr 1:000000ea |gr 2:80000000 |gr 3:abcdabcd |
gr 4:0000001f |gr 5:0000001f |gr 6:80000000 |gr 7:80000000 |
gr 8:fffffffe |gr 9:00000000 |gr10:00023456 |gr11:cdeabcde |
gr12:00000000 |gr13:00000000 |gr14:00000000 |gr15:40011000 |
gr16:00000003 |gr17:00000010 |gr18:00000000 |gr19:00000000 |
gr20:00000000 |gr21:00000000 |gr22:00000000 |gr23:00000000 |
gr24:00000000 |gr25:00000000 |gr26:00000000 |gr27:00000000 |
gr28:00000000 |gr29:00000000 |gr30:00000000 |gr31:00000000 |

PC : 0000103e |MCAUSE: 08000000
gr 0:00000005 |gr 1:000000ea |gr 2:80000000 |gr 3:abcdabcd |
gr 4:ffffffe0 |gr 5:0000001f |gr 6:80000000 |gr 7:80000000 |
gr 8:fffffffe |gr 9:00000000 |gr10:00023456 |gr11:cdeabcde |
gr12:00000000 |gr13:00000000 |gr14:00000000 |gr15:40011000 |
gr16:00000003 |gr17:00000010 |gr18:00000000 |gr19:00000000 |
gr20:00000000 |gr21:00000000 |gr22:00000000 |gr23:00000000 |
gr24:00000000 |gr25:00000000 |gr26:00000000 |gr27:00000000 |
gr28:00000000 |gr29:00000000 |gr30:00000000 |gr31:00000000 |

PC : 00001040 |MCAUSE: 08000000
gr 0:00000005 |gr 1:000000ea |gr 2:80000000 |gr 3:abcdabcd |
gr 4:ffffffe0 |gr 5:ffffffe0 |gr 6:80000000 |gr 7:80000000 |
gr 8:fffffffe |gr 9:00000000 |gr10:00023456 |gr11:cdeabcde |
gr12:00000000 |gr13:00000000 |gr14:00000000 |gr15:40011000 |
gr16:00000003 |gr17:00000010 |gr18:00000000 |gr19:00000000 |
gr20:00000000 |gr21:00000000 |gr22:00000000 |gr23:00000000 |
gr24:00000000 |gr25:00000000 |gr26:00000000 |gr27:00000000 |
gr28:00000000 |gr29:00000000 |gr30:00000000 |gr31:00000000 |

PC : 00001042 |MCAUSE: 08000000
gr 0:00000005 |gr 1:000000ea |gr 2:80000000 |gr 3:abcdabcd |
gr 4:ffffffe0 |gr 5:ffffffe0 |gr 6:80000000 |gr 7:80000000 |
gr 8:fffffffe |gr 9:00000000 |gr10:00023456 |gr11:cdeabcde |
gr12:00000000 |gr13:00000000 |gr14:00000000 |gr15:40011000 |
gr16:00000003 |gr17:00000010 |gr18:00000000 |gr19:00000000 |
gr20:00000000 |gr21:00000000 |gr22:00000000 |gr23:00000000 |
gr24:00000000 |gr25:00000000 |gr26:00000000 |gr27:00000000 |
gr28:00000000 |gr29:00000000 |gr30:00000000 |gr31:00000000 |

PC : 0000104a |MCAUSE: 08000000
gr 0:00000005 |gr 1:000000ea |gr 2:80000000 |gr 3:abcdabcd |
gr 4:fffe0000 |gr 5:ffffffe0 |gr 6:80000000 |gr 7:80000000 |
gr 8:fffffffe |gr 9:00000000 |gr10:00023456 |gr11:cdeabcde |
gr12:00000000 |gr13:00000000 |gr14:00000000 |gr15:40011000 |
gr16:00000003 |gr17:00000010 |gr18:00000000 |gr19:00000000 |
gr20:00000000 |gr21:00000000 |gr22:00000000 |gr23:00000000 |
gr24:00000000 |gr25:00000000 |gr26:00000000 |gr27:00000000 |
gr28:00000000 |gr29:00000000 |gr30:00000000 |gr31:00000000 |

PC : 0000104c |MCAUSE: 08000000
gr 0:00000005 |gr 1:000000ea |gr 2:80000000 |gr 3:abcdabcd |
gr 4:fffe0000 |gr 5:fffe0000 |gr 6:80000000 |gr 7:80000000 |
gr 8:fffffffe |gr 9:00000000 |gr10:00023456 |gr11:cdeabcde |
gr12:00000000 |gr13:00000000 |gr14:00000000 |gr15:40011000 |
gr16:00000003 |gr17:00000010 |gr18:00000000 |gr19:00000000 |
gr20:00000000 |gr21:00000000 |gr22:00000000 |gr23:00000000 |
gr24:00000000 |gr25:00000000 |gr26:00000000 |gr27:00000000 |
gr28:00000000 |gr29:00000000 |gr30:00000000 |gr31:00000000 |

PC : 00001050 |MCAUSE: 08000000
gr 0:00000005 |gr 1:000000ea |gr 2:80000000 |gr 3:abcdabcd |
gr 4:fffe0000 |gr 5:fffe0000 |gr 6:80000000 |gr 7:80000000 |
gr 8:fffffffe |gr 9:00000000 |gr10:00023456 |gr11:cdeabcde |
gr12:00000000 |gr13:00000000 |gr14:00000000 |gr15:40011000 |
gr16:00000003 |gr17:00000010 |gr18:00000000 |gr19:00000000 |
gr20:00000000 |gr21:00000000 |gr22:00000000 |gr23:00000000 |
gr24:00000000 |gr25:00000000 |gr26:00000000 |gr27:00000000 |
gr28:00000000 |gr29:00000000 |gr30:00000000 |gr31:00000000 |

PC : 00001058 |MCAUSE: 08000000
gr 0:00000005 |gr 1:000000ea |gr 2:80000000 |gr 3:abcdabcd |
gr 4:0001f000 |gr 5:fffe0000 |gr 6:80000000 |gr 7:80000000 |
gr 8:fffffffe |gr 9:00000000 |gr10:00023456 |gr11:cdeabcde |
gr12:00000000 |gr13:00000000 |gr14:00000000 |gr15:40011000 |
gr16:00000003 |gr17:00000010 |gr18:00000000 |gr19:00000000 |
gr20:00000000 |gr21:00000000 |gr22:00000000 |gr23:00000000 |
gr24:00000000 |gr25:00000000 |gr26:00000000 |gr27:00000000 |
gr28:00000000 |gr29:00000000 |gr30:00000000 |gr31:00000000 |

PC : 0000105a |MCAUSE: 08000000
gr 0:00000005 |gr 1:000000ea |gr 2:80000000 |gr 3:abcdabcd |
gr 4:0001f000 |gr 5:0001f000 |gr 6:80000000 |gr 7:80000000 |
gr 8:fffffffe |gr 9:00000000 |gr10:00023456 |gr11:cdeabcde |
gr12:00000000 |gr13:00000000 |gr14:00000000 |gr15:40011000 |
gr16:00000003 |gr17:00000010 |gr18:00000000 |gr19:00000000 |
gr20:00000000 |gr21:00000000 |gr22:00000000 |gr23:00000000 |
gr24:00000000 |gr25:00000000 |gr26:00000000 |gr27:00000000 |
gr28:00000000 |gr29:00000000 |gr30:00000000 |gr31:00000000 |

PC : 0000105c |MCAUSE: 08000000
gr 0:00000005 |gr 1:000000ea |gr 2:80000000 |gr 3:abcdabcd |
gr 4:0001f000 |gr 5:0001f000 |gr 6:80000000 |gr 7:80000000 |
gr 8:fffffffe |gr 9:00000000 |gr10:00023456 |gr11:cdeabcde |
gr12:00000000 |gr13:00000000 |gr14:00000000 |gr15:40011000 |
gr16:00000003 |gr17:00000010 |gr18:00000000 |gr19:00000000 |
gr20:00000000 |gr21:00000000 |gr22:00000000 |gr23:00000000 |
gr24:00000000 |gr25:00000000 |gr26:00000000 |gr27:00000000 |
gr28:00000000 |gr29:00000000 |gr30:00000000 |gr31:00000000 |

PC : 00001064 |MCAUSE: 08000000
gr 0:00000005 |gr 1:000000ea |gr 2:80000000 |gr 3:abcdabcd |
gr 4:80000000 |gr 5:0001f000 |gr 6:80000000 |gr 7:80000000 |
gr 8:fffffffe |gr 9:00000000 |gr10:00023456 |gr11:cdeabcde |
gr12:00000000 |gr13:00000000 |gr14:00000000 |gr15:40011000 |
gr16:00000003 |gr17:00000010 |gr18:00000000 |gr19:00000000 |
gr20:00000000 |gr21:00000000 |gr22:00000000 |gr23:00000000 |
gr24:00000000 |gr25:00000000 |gr26:00000000 |gr27:00000000 |
gr28:00000000 |gr29:00000000 |gr30:00000000 |gr31:00000000 |

PC : 00001068 |MCAUSE: 08000000
gr 0:00000005 |gr 1:000000ea |gr 2:80000000 |gr 3:abcdabcd |
gr 4:80000000 |gr 5:80000000 |gr 6:80000000 |gr 7:80000000 |
gr 8:fffffffe |gr 9:00000000 |gr10:00023456 |gr11:cdeabcde |
gr12:00000000 |gr13:00000000 |gr14:00000000 |gr15:40011000 |
gr16:00000003 |gr17:00000010 |gr18:00000000 |gr19:00000000 |
gr20:00000000 |gr21:00000000 |gr22:00000000 |gr23:00000000 |
gr24:00000000 |gr25:00000000 |gr26:00000000 |gr27:00000000 |
gr28:00000000 |gr29:00000000 |gr30:00000000 |gr31:00000000 |

PC : 0000106c |MCAUSE: 08000000
gr 0:00000005 |gr 1:000000ea |gr 2:80000000 |gr 3:abcdabcd |
gr 4:80000000 |gr 5:7fffffe0 |gr 6:80000000 |gr 7:80000000 |
gr 8:fffffffe |gr 9:00000000 |gr10:00023456 |gr11:cdeabcde |
gr12:00000000 |gr13:00000000 |gr14:00000000 |gr15:40011000 |
gr16:00000003 |gr17:00000010 |gr18:00000000 |gr19:00000000 |
gr20:00000000 |gr21:00000000 |gr22:00000000 |gr23:00000000 |
gr24:00000000 |gr25:00000000 |gr26:00000000 |gr27:00000000 |
gr28:00000000 |gr29:00000000 |gr30:00000000 |gr31:00000000 |

PC : 00001070 |MCAUSE: 08000000
gr 0:00000005 |gr 1:000000ea |gr 2:80000000 |gr 3:abcdabcd |
gr 4:7fffffe0 |gr 5:7fffffe0 |gr 6:80000000 |gr 7:80000000 |
gr 8:fffffffe |gr 9:00000000 |gr10:00023456 |gr11:cdeabcde |
gr12:00000000 |gr13:00000000 |gr14:00000000 |gr15:40011000 |
gr16:00000003 |gr17:00000010 |gr18:00000000 |gr19:00000000 |
gr20:00000000 |gr21:00000000 |gr22:00000000 |gr23:00000000 |
gr24:00000000 |gr25:00000000 |gr26:00000000 |gr27:00000000 |
gr28:00000000 |gr29:00000000 |gr30:00000000 |gr31:00000000 |

PC : 00001072 |MCAUSE: 08000000
gr 0:00000005 |gr 1:000000ea |gr 2:80000000 |gr 3:abcdabcd |
gr 4:7fffffe0 |gr 5:7fffffe0 |gr 6:80000000 |gr 7:80000000 |
gr 8:fffffffe |gr 9:00000000 |gr10:00023456 |gr11:cdeabcde |
gr12:00000000 |gr13:00000000 |gr14:00000000 |gr15:40011000 |
gr16:00000003 |gr17:00000010 |gr18:00000000 |gr19:00000000 |
gr20:00000000 |gr21:00000000 |gr22:00000000 |gr23:00000000 |
gr24:00000000 |gr25:00000000 |gr26:00000000 |gr27:00000000 |
gr28:00000000 |gr29:00000000 |gr30:00000000 |gr31:00000000 |

PC : 0000107a |MCAUSE: 08000000
gr 0:00000005 |gr 1:000000ea |gr 2:80000000 |gr 3:abcdabcd |
gr 4:80000000 |gr 5:7fffffe0 |gr 6:80000000 |gr 7:80000000 |
gr 8:fffffffe |gr 9:00000000 |gr10:00023456 |gr11:cdeabcde |
gr12:00000000 |gr13:00000000 |gr14:00000000 |gr15:40011000 |
gr16:00000003 |gr17:00000010 |gr18:00000000 |gr19:00000000 |
gr20:00000000 |gr21:00000000 |gr22:00000000 |gr23:00000000 |
gr24:00000000 |gr25:00000000 |gr26:00000000 |gr27:00000000 |
gr28:00000000 |gr29:00000000 |gr30:00000000 |gr31:00000000 |

PC : 0000107e |MCAUSE: 08000000
gr 0:00000005 |gr 1:000000ea |gr 2:80000000 |gr 3:abcdabcd |
gr 4:7fffffff |gr 5:7fffffe0 |gr 6:80000000 |gr 7:80000000 |
gr 8:fffffffe |gr 9:00000000 |gr10:00023456 |gr11:cdeabcde |
gr12:00000000 |gr13:00000000 |gr14:00000000 |gr15:40011000 |
gr16:00000003 |gr17:00000010 |gr18:00000000 |gr19:00000000 |
gr20:00000000 |gr21:00000000 |gr22:00000000 |gr23:00000000 |
gr24:00000000 |gr25:00000000 |gr26:00000000 |gr27:00000000 |
gr28:00000000 |gr29:00000000 |gr30:00000000 |gr31:00000000 |

PC : 00001082 |MCAUSE: 08000000
gr 0:00000005 |gr 1:000000ea |gr 2:80000000 |gr 3:abcdabcd |
gr 4:7fffffff |gr 5:80000000 |gr 6:80000000 |gr 7:80000000 |
gr 8:fffffffe |gr 9:00000000 |gr10:00023456 |gr11:cdeabcde |
gr12:00000000 |gr13:00000000 |gr14:00000000 |gr15:40011000 |
gr16:00000003 |gr17:00000010 |gr18:00000000 |gr19:00000000 |
gr20:00000000 |gr21:00000000 |gr22:00000000 |gr23:00000000 |
gr24:00000000 |gr25:00000000 |gr26:00000000 |gr27:00000000 |
gr28:00000000 |gr29:00000000 |gr30:00000000 |gr31:00000000 |

PC : 00001086 |MCAUSE: 08000000
gr 0:00000005 |gr 1:000000ea |gr 2:80000000 |gr 3:abcdabcd |
gr 4:7fffffff |gr 5:8000001e |gr 6:80000000 |gr 7:80000000 |
gr 8:fffffffe |gr 9:00000000 |gr10:00023456 |gr11:cdeabcde |
gr12:00000000 |gr13:00000000 |gr14:00000000 |gr15:40011000 |
gr16:00000003 |gr17:00000010 |gr18:00000000 |gr19:00000000 |
gr20:00000000 |gr21:00000000 |gr22:00000000 |gr23:00000000 |
gr24:00000000 |gr25:00000000 |gr26:00000000 |gr27:00000000 |
gr28:00000000 |gr29:00000000 |gr30:00000000 |gr31:00000000 |

PC : 0000108a |MCAUSE: 08000000
gr 0:00000005 |gr 1:000000ea |gr 2:80000000 |gr 3:abcdabcd |
gr 4:8000001e |gr 5:8000001e |gr 6:80000000 |gr 7:80000000 |
gr 8:fffffffe |gr 9:00000000 |gr10:00023456 |gr11:cdeabcde |
gr12:00000000 |gr13:00000000 |gr14:00000000 |gr15:40011000 |
gr16:00000003 |gr17:00000010 |gr18:00000000 |gr19:00000000 |
gr20:00000000 |gr21:00000000 |gr22:00000000 |gr23:00000000 |
gr24:00000000 |gr25:00000000 |gr26:00000000 |gr27:00000000 |
gr28:00000000 |gr29:00000000 |gr30:00000000 |gr31:00000000 |

PC : 0000108c |MCAUSE: 08000000
gr 0:00000005 |gr 1:000000ea |gr 2:80000000 |gr 3:abcdabcd |
gr 4:8000001e |gr 5:8000001e |gr 6:80000000 |gr 7:80000000 |
gr 8:fffffffe |gr 9:00000000 |gr10:00023456 |gr11:cdeabcde |
gr12:00000000 |gr13:00000000 |gr14:00000000 |gr15:40011000 |
gr16:00000003 |gr17:00000010 |gr18:00000000 |gr19:00000000 |
gr20:00000000 |gr21:00000000 |gr22:00000000 |gr23:00000000 |
gr24:00000000 |gr25:00000000 |gr26:00000000 |gr27:00000000 |
gr28:00000000 |gr29:00000000 |gr30:00000000 |gr31:00000000 |

PC : 00001094 |MCAUSE: 08000000
gr 0:00000005 |gr 1:000000ea |gr 2:00000000 |gr 3:abcdabcd |
gr 4:8000001e |gr 5:8000001e |gr 6:80000000 |gr 7:80000000 |
gr 8:fffffffe |gr 9:00000000 |gr10:00023456 |gr11:cdeabcde |
gr12:00000000 |gr13:00000000 |gr14:00000000 |gr15:40011000 |
gr16:00000003 |gr17:00000010 |gr18:00000000 |gr19:00000000 |
gr20:00000000 |gr21:00000000 |gr22:00000000 |gr23:00000000 |
gr24:00000000 |gr25:00000000 |gr26:00000000 |gr27:00000000 |
gr28:00000000 |gr29:00000000 |gr30:00000000 |gr31:00000000 |

PC : 00001096 |MCAUSE: 08000000
gr 0:00000005 |gr 1:000000ea |gr 2:00000000 |gr 3:fffffe00 |
gr 4:8000001e |gr 5:8000001e |gr 6:80000000 |gr 7:80000000 |
gr 8:fffffffe |gr 9:00000000 |gr10:00023456 |gr11:cdeabcde |
gr12:00000000 |gr13:00000000 |gr14:00000000 |gr15:40011000 |
gr16:00000003 |gr17:00000010 |gr18:00000000 |gr19:00000000 |
gr20:00000000 |gr21:00000000 |gr22:00000000 |gr23:00000000 |
gr24:00000000 |gr25:00000000 |gr26:00000000 |gr27:00000000 |
gr28:00000000 |gr29:00000000 |gr30:00000000 |gr31:00000000 |

PC : 0000109a |MCAUSE: 08000000
gr 0:00000005 |gr 1:000000ea |gr 2:fffffe00 |gr 3:fffffe00 |
gr 4:8000001e |gr 5:8000001e |gr 6:80000000 |gr 7:80000000 |
gr 8:fffffffe |gr 9:00000000 |gr10:00023456 |gr11:cdeabcde |
gr12:00000000 |gr13:00000000 |gr14:00000000 |gr15:40011000 |
gr16:00000003 |gr17:00000010 |gr18:00000000 |gr19:00000000 |
gr20:00000000 |gr21:00000000 |gr22:00000000 |gr23:00000000 |
gr24:00000000 |gr25:00000000 |gr26:00000000 |gr27:00000000 |
gr28:00000000 |gr29:00000000 |gr30:00000000 |gr31:00000000 |

PC : 0000109c |MCAUSE: 08000000
gr 0:00000005 |gr 1:000000ea |gr 2:fffffe00 |gr 3:fffffe00 |
gr 4:8000001e |gr 5:8000001e |gr 6:80000000 |gr 7:80000000 |
gr 8:fffffffe |gr 9:00000000 |gr10:00023456 |gr11:cdeabcde |
gr12:00000000 |gr13:00000000 |gr14:00000000 |gr15:40011000 |
gr16:00000003 |gr17:00000010 |gr18:00000000 |gr19:00000000 |
gr20:00000000 |gr21:00000000 |gr22:00000000 |gr23:00000000 |
gr24:00000000 |gr25:00000000 |gr26:00000000 |gr27:00000000 |
gr28:00000000 |gr29:00000000 |gr30:00000000 |gr31:00000000 |

PC : 000010a4 |MCAUSE: 08000000
gr 0:00000005 |gr 1:000000ea |gr 2:ffffff20 |gr 3:fffffe00 |
gr 4:8000001e |gr 5:8000001e |gr 6:80000000 |gr 7:80000000 |
gr 8:fffffffe |gr 9:00000000 |gr10:00023456 |gr11:cdeabcde |
gr12:00000000 |gr13:00000000 |gr14:00000000 |gr15:40011000 |
gr16:00000003 |gr17:00000010 |gr18:00000000 |gr19:00000000 |
gr20:00000000 |gr21:00000000 |gr22:00000000 |gr23:00000000 |
gr24:00000000 |gr25:00000000 |gr26:00000000 |gr27:00000000 |
gr28:00000000 |gr29:00000000 |gr30:00000000 |gr31:00000000 |

PC : 000010a8 |MCAUSE: 08000000
gr 0:00000005 |gr 1:000000ea |gr 2:ffffff20 |gr 3:fffffee0 |
gr 4:8000001e |gr 5:8000001e |gr 6:80000000 |gr 7:80000000 |
gr 8:fffffffe |gr 9:00000000 |gr10:00023456 |gr11:cdeabcde |
gr12:00000000 |gr13:00000000 |gr14:00000000 |gr15:40011000 |
gr16:00000003 |gr17:00000010 |gr18:00000000 |gr19:00000000 |
gr20:00000000 |gr21:00000000 |gr22:00000000 |gr23:00000000 |
gr24:00000000 |gr25:00000000 |gr26:00000000 |gr27:00000000 |
gr28:00000000 |gr29:00000000 |gr30:00000000 |gr31:00000000 |

PC : 000010ac |MCAUSE: 08000000
gr 0:00000005 |gr 1:000000ea |gr 2:fffffee0 |gr 3:fffffee0 |
gr 4:8000001e |gr 5:8000001e |gr 6:80000000 |gr 7:80000000 |
gr 8:fffffffe |gr 9:00000000 |gr10:00023456 |gr11:cdeabcde |
gr12:00000000 |gr13:00000000 |gr14:00000000 |gr15:40011000 |
gr16:00000003 |gr17:00000010 |gr18:00000000 |gr19:00000000 |
gr20:00000000 |gr21:00000000 |gr22:00000000 |gr23:00000000 |
gr24:00000000 |gr25:00000000 |gr26:00000000 |gr27:00000000 |
gr28:00000000 |gr29:00000000 |gr30:00000000 |gr31:00000000 |

PC : 000010ae |MCAUSE: 08000000
gr 0:00000005 |gr 1:000000ea |gr 2:fffffee0 |gr 3:fffffee0 |
gr 4:8000001e |gr 5:8000001e |gr 6:80000000 |gr 7:80000000 |
gr 8:fffffffe |gr 9:00000000 |gr10:00023456 |gr11:cdeabcde |
gr12:00000000 |gr13:00000000 |gr14:00000000 |gr15:40011000 |
gr16:00000003 |gr17:00000010 |gr18:00000000 |gr19:00000000 |
gr20:00000000 |gr21:00000000 |gr22:00000000 |gr23:00000000 |
gr24:00000000 |gr25:00000000 |gr26:00000000 |gr27:00000000 |
gr28:00000000 |gr29:00000000 |gr30:00000000 |gr31:00000000 |

PC : 000010b6 |MCAUSE: 08000000
gr 0:00000005 |gr 1:000000ea |gr 2:00000000 |gr 3:fffffee0 |
gr 4:8000001e |gr 5:8000001e |gr 6:80000000 |gr 7:80000000 |
gr 8:fffffffe |gr 9:00000000 |gr10:00023456 |gr11:cdeabcde |
gr12:00000000 |gr13:00000000 |gr14:00000000 |gr15:40011000 |
gr16:00000003 |gr17:00000010 |gr18:00000000 |gr19:00000000 |
gr20:00000000 |gr21:00000000 |gr22:00000000 |gr23:00000000 |
gr24:00000000 |gr25:00000000 |gr26:00000000 |gr27:00000000 |
gr28:00000000 |gr29:00000000 |gr30:00000000 |gr31:00000000 |

PC : 000010b8 |MCAUSE: 08000000
gr 0:00000005 |gr 1:000000ea |gr 2:00000000 |gr 3:000001f0 |
gr 4:8000001e |gr 5:8000001e |gr 6:80000000 |gr 7:80000000 |
gr 8:fffffffe |gr 9:00000000 |gr10:00023456 |gr11:cdeabcde |
gr12:00000000 |gr13:00000000 |gr14:00000000 |gr15:40011000 |
gr16:00000003 |gr17:00000010 |gr18:00000000 |gr19:00000000 |
gr20:00000000 |gr21:00000000 |gr22:00000000 |gr23:00000000 |
gr24:00000000 |gr25:00000000 |gr26:00000000 |gr27:00000000 |
gr28:00000000 |gr29:00000000 |gr30:00000000 |gr31:00000000 |

PC : 000010bc |MCAUSE: 08000000
gr 0:00000005 |gr 1:000000ea |gr 2:000001f0 |gr 3:000001f0 |
gr 4:8000001e |gr 5:8000001e |gr 6:80000000 |gr 7:80000000 |
gr 8:fffffffe |gr 9:00000000 |gr10:00023456 |gr11:cdeabcde |
gr12:00000000 |gr13:00000000 |gr14:00000000 |gr15:40011000 |
gr16:00000003 |gr17:00000010 |gr18:00000000 |gr19:00000000 |
gr20:00000000 |gr21:00000000 |gr22:00000000 |gr23:00000000 |
gr24:00000000 |gr25:00000000 |gr26:00000000 |gr27:00000000 |
gr28:00000000 |gr29:00000000 |gr30:00000000 |gr31:00000000 |

PC : 000010be |MCAUSE: 08000000
gr 0:00000005 |gr 1:000000ea |gr 2:000001f0 |gr 3:000001f0 |
gr 4:8000001e |gr 5:8000001e |gr 6:80000000 |gr 7:80000000 |
gr 8:fffffffe |gr 9:00000000 |gr10:00023456 |gr11:cdeabcde |
gr12:00000000 |gr13:00000000 |gr14:00000000 |gr15:40011000 |
gr16:00000003 |gr17:00000010 |gr18:00000000 |gr19:00000000 |
gr20:00000000 |gr21:00000000 |gr22:00000000 |gr23:00000000 |
gr24:00000000 |gr25:00000000 |gr26:00000000 |gr27:00000000 |
gr28:00000000 |gr29:00000000 |gr30:00000000 |gr31:00000000 |

PC : 000010c6 |MCAUSE: 08000000
gr 0:00000005 |gr 1:000000ea |gr 2:00000000 |gr 3:000001f0 |
gr 4:8000001e |gr 5:8000001e |gr 6:80000000 |gr 7:80000000 |
gr 8:fffffffe |gr 9:00000000 |gr10:00023456 |gr11:cdeabcde |
gr12:00000000 |gr13:00000000 |gr14:00000000 |gr15:40011000 |
gr16:00000003 |gr17:00000010 |gr18:00000000 |gr19:00000000 |
gr20:00000000 |gr21:00000000 |gr22:00000000 |gr23:00000000 |
gr24:00000000 |gr25:00000000 |gr26:00000000 |gr27:00000000 |
gr28:00000000 |gr29:00000000 |gr30:00000000 |gr31:00000000 |

PC : 000010c8 |MCAUSE: 08000000
gr 0:00000005 |gr 1:000000ea |gr 2:00000000 |gr 3:000003fc |
gr 4:8000001e |gr 5:8000001e |gr 6:80000000 |gr 7:80000000 |
gr 8:fffffffe |gr 9:00000000 |gr10:00023456 |gr11:cdeabcde |
gr12:00000000 |gr13:00000000 |gr14:00000000 |gr15:40011000 |
gr16:00000003 |gr17:00000010 |gr18:00000000 |gr19:00000000 |
gr20:00000000 |gr21:00000000 |gr22:00000000 |gr23:00000000 |
gr24:00000000 |gr25:00000000 |gr26:00000000 |gr27:00000000 |
gr28:00000000 |gr29:00000000 |gr30:00000000 |gr31:00000000 |

PC : 000010cc |MCAUSE: 08000000
gr 0:00000005 |gr 1:000000ea |gr 2:00000000 |gr 3:000003fc |
gr 4:8000001e |gr 5:8000001e |gr 6:80000000 |gr 7:80000000 |
gr 8:000003fc |gr 9:00000000 |gr10:00023456 |gr11:cdeabcde |
gr12:00000000 |gr13:00000000 |gr14:00000000 |gr15:40011000 |
gr16:00000003 |gr17:00000010 |gr18:00000000 |gr19:00000000 |
gr20:00000000 |gr21:00000000 |gr22:00000000 |gr23:00000000 |
gr24:00000000 |gr25:00000000 |gr26:00000000 |gr27:00000000 |
gr28:00000000 |gr29:00000000 |gr30:00000000 |gr31:00000000 |

PC : 000010ce |MCAUSE: 08000000
gr 0:00000005 |gr 1:000000ea |gr 2:00000000 |gr 3:000003fc |
gr 4:8000001e |gr 5:8000001e |gr 6:80000000 |gr 7:80000000 |
gr 8:000003fc |gr 9:00000000 |gr10:00023456 |gr11:cdeabcde |
gr12:00000000 |gr13:00000000 |gr14:00000000 |gr15:40011000 |
gr16:00000003 |gr17:00000010 |gr18:00000000 |gr19:00000000 |
gr20:00000000 |gr21:00000000 |gr22:00000000 |gr23:00000000 |
gr24:00000000 |gr25:00000000 |gr26:00000000 |gr27:00000000 |
gr28:00000000 |gr29:00000000 |gr30:00000000 |gr31:00000000 |

PC : 000010d6 |MCAUSE: 08000000
gr 0:00000005 |gr 1:000000ea |gr 2:00000000 |gr 3:000003fc |
gr 4:8000001e |gr 5:8000001e |gr 6:80000000 |gr 7:80000000 |
gr 8:000003fc |gr 9:00000000 |gr10:00023456 |gr11:cdeabcde |
gr12:00000000 |gr13:00000000 |gr14:00000000 |gr15:40011000 |
gr16:00000003 |gr17:00000010 |gr18:00000000 |gr19:00000000 |
gr20:00000000 |gr21:00000000 |gr22:00000000 |gr23:00000000 |
gr24:00000000 |gr25:00000000 |gr26:00000000 |gr27:00000000 |
gr28:00000000 |gr29:00000000 |gr30:00000000 |gr31:00000000 |

PC : 000010d8 |MCAUSE: 08000000
gr 0:00000005 |gr 1:000000ea |gr 2:00000000 |gr 3:0000007c |
gr 4:8000001e |gr 5:8000001e |gr 6:80000000 |gr 7:80000000 |
gr 8:000003fc |gr 9:00000000 |gr10:00023456 |gr11:cdeabcde |
gr12:00000000 |gr13:00000000 |gr14:00000000 |gr15:40011000 |
gr16:00000003 |gr17:00000010 |gr18:00000000 |gr19:00000000 |
gr20:00000000 |gr21:00000000 |gr22:00000000 |gr23:00000000 |
gr24:00000000 |gr25:00000000 |gr26:00000000 |gr27:00000000 |
gr28:00000000 |gr29:00000000 |gr30:00000000 |gr31:00000000 |

PC : 000010dc |MCAUSE: 08000000
gr 0:00000005 |gr 1:000000ea |gr 2:00000000 |gr 3:0000007c |
gr 4:8000001e |gr 5:8000001e |gr 6:80000000 |gr 7:80000000 |
gr 8:0000007c |gr 9:00000000 |gr10:00023456 |gr11:cdeabcde |
gr12:00000000 |gr13:00000000 |gr14:00000000 |gr15:40011000 |
gr16:00000003 |gr17:00000010 |gr18:00000000 |gr19:00000000 |
gr20:00000000 |gr21:00000000 |gr22:00000000 |gr23:00000000 |
gr24:00000000 |gr25:00000000 |gr26:00000000 |gr27:00000000 |
gr28:00000000 |gr29:00000000 |gr30:00000000 |gr31:00000000 |

PC : 000010de |MCAUSE: 08000000
gr 0:00000005 |gr 1:000000ea |gr 2:00000000 |gr 3:0000007c |
gr 4:8000001e |gr 5:8000001e |gr 6:80000000 |gr 7:80000000 |
gr 8:0000007c |gr 9:00000000 |gr10:00023456 |gr11:cdeabcde |
gr12:00000000 |gr13:00000000 |gr14:00000000 |gr15:40011000 |
gr16:00000003 |gr17:00000010 |gr18:00000000 |gr19:00000000 |
gr20:00000000 |gr21:00000000 |gr22:00000000 |gr23:00000000 |
gr24:00000000 |gr25:00000000 |gr26:00000000 |gr27:00000000 |
gr28:00000000 |gr29:00000000 |gr30:00000000 |gr31:00000000 |

PC : 000010e6 |MCAUSE: 08000000
gr 0:00000005 |gr 1:000000ea |gr 2:00000000 |gr 3:aaaab000 |
gr 4:8000001e |gr 5:8000001e |gr 6:80000000 |gr 7:80000000 |
gr 8:0000007c |gr 9:00000000 |gr10:00023456 |gr11:cdeabcde |
gr12:00000000 |gr13:00000000 |gr14:00000000 |gr15:40011000 |
gr16:00000003 |gr17:00000010 |gr18:00000000 |gr19:00000000 |
gr20:00000000 |gr21:00000000 |gr22:00000000 |gr23:00000000 |
gr24:00000000 |gr25:00000000 |gr26:00000000 |gr27:00000000 |
gr28:00000000 |gr29:00000000 |gr30:00000000 |gr31:00000000 |

PC : 000010ea |MCAUSE: 08000000
gr 0:00000005 |gr 1:000000ea |gr 2:00000000 |gr 3:aaaaaaaa |
gr 4:8000001e |gr 5:8000001e |gr 6:80000000 |gr 7:80000000 |
gr 8:0000007c |gr 9:00000000 |gr10:00023456 |gr11:cdeabcde |
gr12:00000000 |gr13:00000000 |gr14:00000000 |gr15:40011000 |
gr16:00000003 |gr17:00000010 |gr18:00000000 |gr19:00000000 |
gr20:00000000 |gr21:00000000 |gr22:00000000 |gr23:00000000 |
gr24:00000000 |gr25:00000000 |gr26:00000000 |gr27:00000000 |
gr28:00000000 |gr29:00000000 |gr30:00000000 |gr31:00000000 |

PC : 000010ee |MCAUSE: 08000000
gr 0:00000005 |gr 1:000000ea |gr 2:00000000 |gr 3:aaaaaaaa |
gr 4:00000000 |gr 5:8000001e |gr 6:80000000 |gr 7:80000000 |
gr 8:0000007c |gr 9:00000000 |gr10:00023456 |gr11:cdeabcde |
gr12:00000000 |gr13:00000000 |gr14:00000000 |gr15:40011000 |
gr16:00000003 |gr17:00000010 |gr18:00000000 |gr19:00000000 |
gr20:00000000 |gr21:00000000 |gr22:00000000 |gr23:00000000 |
gr24:00000000 |gr25:00000000 |gr26:00000000 |gr27:00000000 |
gr28:00000000 |gr29:00000000 |gr30:00000000 |gr31:00000000 |

PC : 000010f0 |MCAUSE: 08000000
gr 0:00000005 |gr 1:000000ea |gr 2:00000000 |gr 3:00000000 |
gr 4:00000000 |gr 5:8000001e |gr 6:80000000 |gr 7:80000000 |
gr 8:0000007c |gr 9:00000000 |gr10:00023456 |gr11:cdeabcde |
gr12:00000000 |gr13:00000000 |gr14:00000000 |gr15:40011000 |
gr16:00000003 |gr17:00000010 |gr18:00000000 |gr19:00000000 |
gr20:00000000 |gr21:00000000 |gr22:00000000 |gr23:00000000 |
gr24:00000000 |gr25:00000000 |gr26:00000000 |gr27:00000000 |
gr28:00000000 |gr29:00000000 |gr30:00000000 |gr31:00000000 |

PC : 000010f2 |MCAUSE: 08000000
gr 0:00000005 |gr 1:000000ea |gr 2:00000000 |gr 3:00000000 |
gr 4:00000000 |gr 5:8000001e |gr 6:80000000 |gr 7:80000000 |
gr 8:0000007c |gr 9:00000000 |gr10:00023456 |gr11:cdeabcde |
gr12:00000000 |gr13:00000000 |gr14:00000000 |gr15:40011000 |
gr16:00000003 |gr17:00000010 |gr18:00000000 |gr19:00000000 |
gr20:00000000 |gr21:00000000 |gr22:00000000 |gr23:00000000 |
gr24:00000000 |gr25:00000000 |gr26:00000000 |gr27:00000000 |
gr28:00000000 |gr29:00000000 |gr30:00000000 |gr31:00000000 |

PC : 000010fa |MCAUSE: 08000000
gr 0:00000005 |gr 1:000000ea |gr 2:00000000 |gr 3:0000b000 |
gr 4:00000000 |gr 5:8000001e |gr 6:80000000 |gr 7:80000000 |
gr 8:0000007c |gr 9:00000000 |gr10:00023456 |gr11:cdeabcde |
gr12:00000000 |gr13:00000000 |gr14:00000000 |gr15:40011000 |
gr16:00000003 |gr17:00000010 |gr18:00000000 |gr19:00000000 |
gr20:00000000 |gr21:00000000 |gr22:00000000 |gr23:00000000 |
gr24:00000000 |gr25:00000000 |gr26:00000000 |gr27:00000000 |
gr28:00000000 |gr29:00000000 |gr30:00000000 |gr31:00000000 |

PC : 000010fe |MCAUSE: 08000000
gr 0:00000005 |gr 1:000000ea |gr 2:00000000 |gr 3:0000aaaa |
gr 4:00000000 |gr 5:8000001e |gr 6:80000000 |gr 7:80000000 |
gr 8:0000007c |gr 9:00000000 |gr10:00023456 |gr11:cdeabcde |
gr12:00000000 |gr13:00000000 |gr14:00000000 |gr15:40011000 |
gr16:00000003 |gr17:00000010 |gr18:00000000 |gr19:00000000 |
gr20:00000000 |gr21:00000000 |gr22:00000000 |gr23:00000000 |
gr24:00000000 |gr25:00000000 |gr26:00000000 |gr27:00000000 |
gr28:00000000 |gr29:00000000 |gr30:00000000 |gr31:00000000 |

PC : 00001102 |MCAUSE: 08000000
gr 0:00000005 |gr 1:000000ea |gr 2:00000000 |gr 3:0000aaaa |
gr 4:55550000 |gr 5:8000001e |gr 6:80000000 |gr 7:80000000 |
gr 8:0000007c |gr 9:00000000 |gr10:00023456 |gr11:cdeabcde |
gr12:00000000 |gr13:00000000 |gr14:00000000 |gr15:40011000 |
gr16:00000003 |gr17:00000010 |gr18:00000000 |gr19:00000000 |
gr20:00000000 |gr21:00000000 |gr22:00000000 |gr23:00000000 |
gr24:00000000 |gr25:00000000 |gr26:00000000 |gr27:00000000 |
gr28:00000000 |gr29:00000000 |gr30:00000000 |gr31:00000000 |

PC : 00001106 |MCAUSE: 08000000
gr 0:00000005 |gr 1:000000ea |gr 2:00000000 |gr 3:55550000 |
gr 4:55550000 |gr 5:8000001e |gr 6:80000000 |gr 7:80000000 |
gr 8:0000007c |gr 9:00000000 |gr10:00023456 |gr11:cdeabcde |
gr12:00000000 |gr13:00000000 |gr14:00000000 |gr15:40011000 |
gr16:00000003 |gr17:00000010 |gr18:00000000 |gr19:00000000 |
gr20:00000000 |gr21:00000000 |gr22:00000000 |gr23:00000000 |
gr24:00000000 |gr25:00000000 |gr26:00000000 |gr27:00000000 |
gr28:00000000 |gr29:00000000 |gr30:00000000 |gr31:00000000 |

PC : 00001108 |MCAUSE: 08000000
gr 0:00000005 |gr 1:000000ea |gr 2:00000000 |gr 3:55550000 |
gr 4:55550000 |gr 5:8000001e |gr 6:80000000 |gr 7:80000000 |
gr 8:0000007c |gr 9:00000000 |gr10:00023456 |gr11:cdeabcde |
gr12:00000000 |gr13:00000000 |gr14:00000000 |gr15:40011000 |
gr16:00000003 |gr17:00000010 |gr18:00000000 |gr19:00000000 |
gr20:00000000 |gr21:00000000 |gr22:00000000 |gr23:00000000 |
gr24:00000000 |gr25:00000000 |gr26:00000000 |gr27:00000000 |
gr28:00000000 |gr29:00000000 |gr30:00000000 |gr31:00000000 |

PC : 00001110 |MCAUSE: 08000000
gr 0:00000005 |gr 1:000000ea |gr 2:00000000 |gr 3:55550000 |
gr 4:55550000 |gr 5:8000001e |gr 6:80000000 |gr 7:80000000 |
gr 8:aaaab000 |gr 9:00000000 |gr10:00023456 |gr11:cdeabcde |
gr12:00000000 |gr13:00000000 |gr14:00000000 |gr15:40011000 |
gr16:00000003 |gr17:00000010 |gr18:00000000 |gr19:00000000 |
gr20:00000000 |gr21:00000000 |gr22:00000000 |gr23:00000000 |
gr24:00000000 |gr25:00000000 |gr26:00000000 |gr27:00000000 |
gr28:00000000 |gr29:00000000 |gr30:00000000 |gr31:00000000 |

PC : 00001114 |MCAUSE: 08000000
gr 0:00000005 |gr 1:000000ea |gr 2:00000000 |gr 3:55550000 |
gr 4:55550000 |gr 5:8000001e |gr 6:80000000 |gr 7:80000000 |
gr 8:aaaaaaaa |gr 9:00000000 |gr10:00023456 |gr11:cdeabcde |
gr12:00000000 |gr13:00000000 |gr14:00000000 |gr15:40011000 |
gr16:00000003 |gr17:00000010 |gr18:00000000 |gr19:00000000 |
gr20:00000000 |gr21:00000000 |gr22:00000000 |gr23:00000000 |
gr24:00000000 |gr25:00000000 |gr26:00000000 |gr27:00000000 |
gr28:00000000 |gr29:00000000 |gr30:00000000 |gr31:00000000 |

PC : 00001118 |MCAUSE: 08000000
gr 0:00000005 |gr 1:000000ea |gr 2:00000000 |gr 3:55550000 |
gr 4:00000001 |gr 5:8000001e |gr 6:80000000 |gr 7:80000000 |
gr 8:aaaaaaaa |gr 9:00000000 |gr10:00023456 |gr11:cdeabcde |
gr12:00000000 |gr13:00000000 |gr14:00000000 |gr15:40011000 |
gr16:00000003 |gr17:00000010 |gr18:00000000 |gr19:00000000 |
gr20:00000000 |gr21:00000000 |gr22:00000000 |gr23:00000000 |
gr24:00000000 |gr25:00000000 |gr26:00000000 |gr27:00000000 |
gr28:00000000 |gr29:00000000 |gr30:00000000 |gr31:00000000 |

PC : 0000111a |MCAUSE: 08000000
gr 0:00000005 |gr 1:000000ea |gr 2:00000000 |gr 3:55550000 |
gr 4:00000001 |gr 5:8000001e |gr 6:80000000 |gr 7:80000000 |
gr 8:00000001 |gr 9:00000000 |gr10:00023456 |gr11:cdeabcde |
gr12:00000000 |gr13:00000000 |gr14:00000000 |gr15:40011000 |
gr16:00000003 |gr17:00000010 |gr18:00000000 |gr19:00000000 |
gr20:00000000 |gr21:00000000 |gr22:00000000 |gr23:00000000 |
gr24:00000000 |gr25:00000000 |gr26:00000000 |gr27:00000000 |
gr28:00000000 |gr29:00000000 |gr30:00000000 |gr31:00000000 |

PC : 0000111c |MCAUSE: 08000000
gr 0:00000005 |gr 1:000000ea |gr 2:00000000 |gr 3:55550000 |
gr 4:00000001 |gr 5:8000001e |gr 6:80000000 |gr 7:80000000 |
gr 8:00000001 |gr 9:00000000 |gr10:00023456 |gr11:cdeabcde |
gr12:00000000 |gr13:00000000 |gr14:00000000 |gr15:40011000 |
gr16:00000003 |gr17:00000010 |gr18:00000000 |gr19:00000000 |
gr20:00000000 |gr21:00000000 |gr22:00000000 |gr23:00000000 |
gr24:00000000 |gr25:00000000 |gr26:00000000 |gr27:00000000 |
gr28:00000000 |gr29:00000000 |gr30:00000000 |gr31:00000000 |

PC : 00001124 |MCAUSE: 08000000
gr 0:00000005 |gr 1:000000ea |gr 2:00000000 |gr 3:55550000 |
gr 4:00000001 |gr 5:8000001e |gr 6:80000000 |gr 7:80000000 |
gr 8:55555000 |gr 9:00000000 |gr10:00023456 |gr11:cdeabcde |
gr12:00000000 |gr13:00000000 |gr14:00000000 |gr15:40011000 |
gr16:00000003 |gr17:00000010 |gr18:00000000 |gr19:00000000 |
gr20:00000000 |gr21:00000000 |gr22:00000000 |gr23:00000000 |
gr24:00000000 |gr25:00000000 |gr26:00000000 |gr27:00000000 |
gr28:00000000 |gr29:00000000 |gr30:00000000 |gr31:00000000 |

PC : 00001128 |MCAUSE: 08000000
gr 0:00000005 |gr 1:000000ea |gr 2:00000000 |gr 3:55550000 |
gr 4:00000001 |gr 5:8000001e |gr 6:80000000 |gr 7:80000000 |
gr 8:55555555 |gr 9:00000000 |gr10:00023456 |gr11:cdeabcde |
gr12:00000000 |gr13:00000000 |gr14:00000000 |gr15:40011000 |
gr16:00000003 |gr17:00000010 |gr18:00000000 |gr19:00000000 |
gr20:00000000 |gr21:00000000 |gr22:00000000 |gr23:00000000 |
gr24:00000000 |gr25:00000000 |gr26:00000000 |gr27:00000000 |
gr28:00000000 |gr29:00000000 |gr30:00000000 |gr31:00000000 |

PC : 0000112c |MCAUSE: 08000000
gr 0:00000005 |gr 1:000000ea |gr 2:00000000 |gr 3:55550000 |
gr 4:05555000 |gr 5:8000001e |gr 6:80000000 |gr 7:80000000 |
gr 8:55555555 |gr 9:00000000 |gr10:00023456 |gr11:cdeabcde |
gr12:00000000 |gr13:00000000 |gr14:00000000 |gr15:40011000 |
gr16:00000003 |gr17:00000010 |gr18:00000000 |gr19:00000000 |
gr20:00000000 |gr21:00000000 |gr22:00000000 |gr23:00000000 |
gr24:00000000 |gr25:00000000 |gr26:00000000 |gr27:00000000 |
gr28:00000000 |gr29:00000000 |gr30:00000000 |gr31:00000000 |

PC : 00001130 |MCAUSE: 08000000
gr 0:00000005 |gr 1:000000ea |gr 2:00000000 |gr 3:55550000 |
gr 4:05555555 |gr 5:8000001e |gr 6:80000000 |gr 7:80000000 |
gr 8:55555555 |gr 9:00000000 |gr10:00023456 |gr11:cdeabcde |
gr12:00000000 |gr13:00000000 |gr14:00000000 |gr15:40011000 |
gr16:00000003 |gr17:00000010 |gr18:00000000 |gr19:00000000 |
gr20:00000000 |gr21:00000000 |gr22:00000000 |gr23:00000000 |
gr24:00000000 |gr25:00000000 |gr26:00000000 |gr27:00000000 |
gr28:00000000 |gr29:00000000 |gr30:00000000 |gr31:00000000 |

PC : 00001134 |MCAUSE: 08000000
gr 0:00000005 |gr 1:000000ea |gr 2:00000000 |gr 3:55550000 |
gr 4:05555555 |gr 5:8000001e |gr 6:80000000 |gr 7:80000000 |
gr 8:05555555 |gr 9:00000000 |gr10:00023456 |gr11:cdeabcde |
gr12:00000000 |gr13:00000000 |gr14:00000000 |gr15:40011000 |
gr16:00000003 |gr17:00000010 |gr18:00000000 |gr19:00000000 |
gr20:00000000 |gr21:00000000 |gr22:00000000 |gr23:00000000 |
gr24:00000000 |gr25:00000000 |gr26:00000000 |gr27:00000000 |
gr28:00000000 |gr29:00000000 |gr30:00000000 |gr31:00000000 |

PC : 00001136 |MCAUSE: 08000000
gr 0:00000005 |gr 1:000000ea |gr 2:00000000 |gr 3:55550000 |
gr 4:05555555 |gr 5:8000001e |gr 6:80000000 |gr 7:80000000 |
gr 8:05555555 |gr 9:00000000 |gr10:00023456 |gr11:cdeabcde |
gr12:00000000 |gr13:00000000 |gr14:00000000 |gr15:40011000 |
gr16:00000003 |gr17:00000010 |gr18:00000000 |gr19:00000000 |
gr20:00000000 |gr21:00000000 |gr22:00000000 |gr23:00000000 |
gr24:00000000 |gr25:00000000 |gr26:00000000 |gr27:00000000 |
gr28:00000000 |gr29:00000000 |gr30:00000000 |gr31:00000000 |

PC : 0000113e |MCAUSE: 08000000
gr 0:00000005 |gr 1:000000ea |gr 2:00000000 |gr 3:55550000 |
gr 4:05555555 |gr 5:8000001e |gr 6:80000000 |gr 7:80000000 |
gr 8:ffffffff |gr 9:00000000 |gr10:00023456 |gr11:cdeabcde |
gr12:00000000 |gr13:00000000 |gr14:00000000 |gr15:40011000 |
gr16:00000003 |gr17:00000010 |gr18:00000000 |gr19:00000000 |
gr20:00000000 |gr21:00000000 |gr22:00000000 |gr23:00000000 |
gr24:00000000 |gr25:00000000 |gr26:00000000 |gr27:00000000 |
gr28:00000000 |gr29:00000000 |gr30:00000000 |gr31:00000000 |

PC : 00001142 |MCAUSE: 08000000
gr 0:00000005 |gr 1:000000ea |gr 2:00000000 |gr 3:55550000 |
gr 4:10000000 |gr 5:8000001e |gr 6:80000000 |gr 7:80000000 |
gr 8:ffffffff |gr 9:00000000 |gr10:00023456 |gr11:cdeabcde |
gr12:00000000 |gr13:00000000 |gr14:00000000 |gr15:40011000 |
gr16:00000003 |gr17:00000010 |gr18:00000000 |gr19:00000000 |
gr20:00000000 |gr21:00000000 |gr22:00000000 |gr23:00000000 |
gr24:00000000 |gr25:00000000 |gr26:00000000 |gr27:00000000 |
gr28:00000000 |gr29:00000000 |gr30:00000000 |gr31:00000000 |

PC : 00001146 |MCAUSE: 08000000
gr 0:00000005 |gr 1:000000ea |gr 2:00000000 |gr 3:55550000 |
gr 4:0fffffff |gr 5:8000001e |gr 6:80000000 |gr 7:80000000 |
gr 8:ffffffff |gr 9:00000000 |gr10:00023456 |gr11:cdeabcde |
gr12:00000000 |gr13:00000000 |gr14:00000000 |gr15:40011000 |
gr16:00000003 |gr17:00000010 |gr18:00000000 |gr19:00000000 |
gr20:00000000 |gr21:00000000 |gr22:00000000 |gr23:00000000 |
gr24:00000000 |gr25:00000000 |gr26:00000000 |gr27:00000000 |
gr28:00000000 |gr29:00000000 |gr30:00000000 |gr31:00000000 |

PC : 0000114a |MCAUSE: 08000000
gr 0:00000005 |gr 1:000000ea |gr 2:00000000 |gr 3:55550000 |
gr 4:0fffffff |gr 5:8000001e |gr 6:80000000 |gr 7:80000000 |
gr 8:0fffffff |gr 9:00000000 |gr10:00023456 |gr11:cdeabcde |
gr12:00000000 |gr13:00000000 |gr14:00000000 |gr15:40011000 |
gr16:00000003 |gr17:00000010 |gr18:00000000 |gr19:00000000 |
gr20:00000000 |gr21:00000000 |gr22:00000000 |gr23:00000000 |
gr24:00000000 |gr25:00000000 |gr26:00000000 |gr27:00000000 |
gr28:00000000 |gr29:00000000 |gr30:00000000 |gr31:00000000 |

PC : 0000114c |MCAUSE: 08000000
gr 0:00000005 |gr 1:000000ea |gr 2:00000000 |gr 3:55550000 |
gr 4:0fffffff |gr 5:8000001e |gr 6:80000000 |gr 7:80000000 |
gr 8:0fffffff |gr 9:00000000 |gr10:00023456 |gr11:cdeabcde |
gr12:00000000 |gr13:00000000 |gr14:00000000 |gr15:40011000 |
gr16:00000003 |gr17:00000010 |gr18:00000000 |gr19:00000000 |
gr20:00000000 |gr21:00000000 |gr22:00000000 |gr23:00000000 |
gr24:00000000 |gr25:00000000 |gr26:00000000 |gr27:00000000 |
gr28:00000000 |gr29:00000000 |gr30:00000000 |gr31:00000000 |

PC : 00001154 |MCAUSE: 08000000
gr 0:00000005 |gr 1:000000ea |gr 2:00000000 |gr 3:55550000 |
gr 4:0fffffff |gr 5:8000001e |gr 6:80000000 |gr 7:80000000 |
gr 8:aaaab000 |gr 9:00000000 |gr10:00023456 |gr11:cdeabcde |
gr12:00000000 |gr13:00000000 |gr14:00000000 |gr15:40011000 |
gr16:00000003 |gr17:00000010 |gr18:00000000 |gr19:00000000 |
gr20:00000000 |gr21:00000000 |gr22:00000000 |gr23:00000000 |
gr24:00000000 |gr25:00000000 |gr26:00000000 |gr27:00000000 |
gr28:00000000 |gr29:00000000 |gr30:00000000 |gr31:00000000 |

PC : 00001158 |MCAUSE: 08000000
gr 0:00000005 |gr 1:000000ea |gr 2:00000000 |gr 3:55550000 |
gr 4:0fffffff |gr 5:8000001e |gr 6:80000000 |gr 7:80000000 |
gr 8:aaaaaaaa |gr 9:00000000 |gr10:00023456 |gr11:cdeabcde |
gr12:00000000 |gr13:00000000 |gr14:00000000 |gr15:40011000 |
gr16:00000003 |gr17:00000010 |gr18:00000000 |gr19:00000000 |
gr20:00000000 |gr21:00000000 |gr22:00000000 |gr23:00000000 |
gr24:00000000 |gr25:00000000 |gr26:00000000 |gr27:00000000 |
gr28:00000000 |gr29:00000000 |gr30:00000000 |gr31:00000000 |

PC : 0000115c |MCAUSE: 08000000
gr 0:00000005 |gr 1:000000ea |gr 2:00000000 |gr 3:55550000 |
gr 4:ffffffff |gr 5:8000001e |gr 6:80000000 |gr 7:80000000 |
gr 8:aaaaaaaa |gr 9:00000000 |gr10:00023456 |gr11:cdeabcde |
gr12:00000000 |gr13:00000000 |gr14:00000000 |gr15:40011000 |
gr16:00000003 |gr17:00000010 |gr18:00000000 |gr19:00000000 |
gr20:00000000 |gr21:00000000 |gr22:00000000 |gr23:00000000 |
gr24:00000000 |gr25:00000000 |gr26:00000000 |gr27:00000000 |
gr28:00000000 |gr29:00000000 |gr30:00000000 |gr31:00000000 |

PC : 00001160 |MCAUSE: 08000000
gr 0:00000005 |gr 1:000000ea |gr 2:00000000 |gr 3:55550000 |
gr 4:ffffffff |gr 5:8000001e |gr 6:80000000 |gr 7:80000000 |
gr 8:ffffffff |gr 9:00000000 |gr10:00023456 |gr11:cdeabcde |
gr12:00000000 |gr13:00000000 |gr14:00000000 |gr15:40011000 |
gr16:00000003 |gr17:00000010 |gr18:00000000 |gr19:00000000 |
gr20:00000000 |gr21:00000000 |gr22:00000000 |gr23:00000000 |
gr24:00000000 |gr25:00000000 |gr26:00000000 |gr27:00000000 |
gr28:00000000 |gr29:00000000 |gr30:00000000 |gr31:00000000 |

PC : 00001162 |MCAUSE: 08000000
gr 0:00000005 |gr 1:000000ea |gr 2:00000000 |gr 3:55550000 |
gr 4:ffffffff |gr 5:8000001e |gr 6:80000000 |gr 7:80000000 |
gr 8:ffffffff |gr 9:00000000 |gr10:00023456 |gr11:cdeabcde |
gr12:00000000 |gr13:00000000 |gr14:00000000 |gr15:40011000 |
gr16:00000003 |gr17:00000010 |gr18:00000000 |gr19:00000000 |
gr20:00000000 |gr21:00000000 |gr22:00000000 |gr23:00000000 |
gr24:00000000 |gr25:00000000 |gr26:00000000 |gr27:00000000 |
gr28:00000000 |gr29:00000000 |gr30:00000000 |gr31:00000000 |

PC : 0000116a |MCAUSE: 08000000
gr 0:00000005 |gr 1:000000ea |gr 2:00000000 |gr 3:55550000 |
gr 4:ffffffff |gr 5:8000001e |gr 6:80000000 |gr 7:80000000 |
gr 8:55555000 |gr 9:00000000 |gr10:00023456 |gr11:cdeabcde |
gr12:00000000 |gr13:00000000 |gr14:00000000 |gr15:40011000 |
gr16:00000003 |gr17:00000010 |gr18:00000000 |gr19:00000000 |
gr20:00000000 |gr21:00000000 |gr22:00000000 |gr23:00000000 |
gr24:00000000 |gr25:00000000 |gr26:00000000 |gr27:00000000 |
gr28:00000000 |gr29:00000000 |gr30:00000000 |gr31:00000000 |

PC : 0000116e |MCAUSE: 08000000
gr 0:00000005 |gr 1:000000ea |gr 2:00000000 |gr 3:55550000 |
gr 4:ffffffff |gr 5:8000001e |gr 6:80000000 |gr 7:80000000 |
gr 8:55555555 |gr 9:00000000 |gr10:00023456 |gr11:cdeabcde |
gr12:00000000 |gr13:00000000 |gr14:00000000 |gr15:40011000 |
gr16:00000003 |gr17:00000010 |gr18:00000000 |gr19:00000000 |
gr20:00000000 |gr21:00000000 |gr22:00000000 |gr23:00000000 |
gr24:00000000 |gr25:00000000 |gr26:00000000 |gr27:00000000 |
gr28:00000000 |gr29:00000000 |gr30:00000000 |gr31:00000000 |

PC : 00001172 |MCAUSE: 08000000
gr 0:00000005 |gr 1:000000ea |gr 2:00000000 |gr 3:55550000 |
gr 4:05555000 |gr 5:8000001e |gr 6:80000000 |gr 7:80000000 |
gr 8:55555555 |gr 9:00000000 |gr10:00023456 |gr11:cdeabcde |
gr12:00000000 |gr13:00000000 |gr14:00000000 |gr15:40011000 |
gr16:00000003 |gr17:00000010 |gr18:00000000 |gr19:00000000 |
gr20:00000000 |gr21:00000000 |gr22:00000000 |gr23:00000000 |
gr24:00000000 |gr25:00000000 |gr26:00000000 |gr27:00000000 |
gr28:00000000 |gr29:00000000 |gr30:00000000 |gr31:00000000 |

PC : 00001176 |MCAUSE: 08000000
gr 0:00000005 |gr 1:000000ea |gr 2:00000000 |gr 3:55550000 |
gr 4:05555555 |gr 5:8000001e |gr 6:80000000 |gr 7:80000000 |
gr 8:55555555 |gr 9:00000000 |gr10:00023456 |gr11:cdeabcde |
gr12:00000000 |gr13:00000000 |gr14:00000000 |gr15:40011000 |
gr16:00000003 |gr17:00000010 |gr18:00000000 |gr19:00000000 |
gr20:00000000 |gr21:00000000 |gr22:00000000 |gr23:00000000 |
gr24:00000000 |gr25:00000000 |gr26:00000000 |gr27:00000000 |
gr28:00000000 |gr29:00000000 |gr30:00000000 |gr31:00000000 |

PC : 0000117a |MCAUSE: 08000000
gr 0:00000005 |gr 1:000000ea |gr 2:00000000 |gr 3:55550000 |
gr 4:05555555 |gr 5:8000001e |gr 6:80000000 |gr 7:80000000 |
gr 8:05555555 |gr 9:00000000 |gr10:00023456 |gr11:cdeabcde |
gr12:00000000 |gr13:00000000 |gr14:00000000 |gr15:40011000 |
gr16:00000003 |gr17:00000010 |gr18:00000000 |gr19:00000000 |
gr20:00000000 |gr21:00000000 |gr22:00000000 |gr23:00000000 |
gr24:00000000 |gr25:00000000 |gr26:00000000 |gr27:00000000 |
gr28:00000000 |gr29:00000000 |gr30:00000000 |gr31:00000000 |

PC : 0000117c |MCAUSE: 08000000
gr 0:00000005 |gr 1:000000ea |gr 2:00000000 |gr 3:55550000 |
gr 4:05555555 |gr 5:8000001e |gr 6:80000000 |gr 7:80000000 |
gr 8:05555555 |gr 9:00000000 |gr10:00023456 |gr11:cdeabcde |
gr12:00000000 |gr13:00000000 |gr14:00000000 |gr15:40011000 |
gr16:00000003 |gr17:00000010 |gr18:00000000 |gr19:00000000 |
gr20:00000000 |gr21:00000000 |gr22:00000000 |gr23:00000000 |
gr24:00000000 |gr25:00000000 |gr26:00000000 |gr27:00000000 |
gr28:00000000 |gr29:00000000 |gr30:00000000 |gr31:00000000 |

PC : 00001184 |MCAUSE: 08000000
gr 0:00000005 |gr 1:000000ea |gr 2:00000000 |gr 3:55550000 |
gr 4:05555555 |gr 5:8000001e |gr 6:80000000 |gr 7:80000000 |
gr 8:aaaab000 |gr 9:00000000 |gr10:00023456 |gr11:cdeabcde |
gr12:00000000 |gr13:00000000 |gr14:00000000 |gr15:40011000 |
gr16:00000003 |gr17:00000010 |gr18:00000000 |gr19:00000000 |
gr20:00000000 |gr21:00000000 |gr22:00000000 |gr23:00000000 |
gr24:00000000 |gr25:00000000 |gr26:00000000 |gr27:00000000 |
gr28:00000000 |gr29:00000000 |gr30:00000000 |gr31:00000000 |

PC : 00001188 |MCAUSE: 08000000
gr 0:00000005 |gr 1:000000ea |gr 2:00000000 |gr 3:55550000 |
gr 4:05555555 |gr 5:8000001e |gr 6:80000000 |gr 7:80000000 |
gr 8:aaaaaaaa |gr 9:00000000 |gr10:00023456 |gr11:cdeabcde |
gr12:00000000 |gr13:00000000 |gr14:00000000 |gr15:40011000 |
gr16:00000003 |gr17:00000010 |gr18:00000000 |gr19:00000000 |
gr20:00000000 |gr21:00000000 |gr22:00000000 |gr23:00000000 |
gr24:00000000 |gr25:00000000 |gr26:00000000 |gr27:00000000 |
gr28:00000000 |gr29:00000000 |gr30:00000000 |gr31:00000000 |

PC : 0000118c |MCAUSE: 08000000
gr 0:00000005 |gr 1:000000ea |gr 2:00000000 |gr 3:55550000 |
gr 4:aaaab000 |gr 5:8000001e |gr 6:80000000 |gr 7:80000000 |
gr 8:aaaaaaaa |gr 9:00000000 |gr10:00023456 |gr11:cdeabcde |
gr12:00000000 |gr13:00000000 |gr14:00000000 |gr15:40011000 |
gr16:00000003 |gr17:00000010 |gr18:00000000 |gr19:00000000 |
gr20:00000000 |gr21:00000000 |gr22:00000000 |gr23:00000000 |
gr24:00000000 |gr25:00000000 |gr26:00000000 |gr27:00000000 |
gr28:00000000 |gr29:00000000 |gr30:00000000 |gr31:00000000 |

PC : 00001190 |MCAUSE: 08000000
gr 0:00000005 |gr 1:000000ea |gr 2:00000000 |gr 3:55550000 |
gr 4:aaaaaaaa |gr 5:8000001e |gr 6:80000000 |gr 7:80000000 |
gr 8:aaaaaaaa |gr 9:00000000 |gr10:00023456 |gr11:cdeabcde |
gr12:00000000 |gr13:00000000 |gr14:00000000 |gr15:40011000 |
gr16:00000003 |gr17:00000010 |gr18:00000000 |gr19:00000000 |
gr20:00000000 |gr21:00000000 |gr22:00000000 |gr23:00000000 |
gr24:00000000 |gr25:00000000 |gr26:00000000 |gr27:00000000 |
gr28:00000000 |gr29:00000000 |gr30:00000000 |gr31:00000000 |

PC : 00001194 |MCAUSE: 08000000
gr 0:00000005 |gr 1:000000ea |gr 2:00000000 |gr 3:55550000 |
gr 4:aaaaaaaa |gr 5:8000001e |gr 6:80000000 |gr 7:80000000 |
gr 8:aaaaaaaa |gr 9:00000000 |gr10:00023456 |gr11:cdeabcde |
gr12:00000000 |gr13:00000000 |gr14:00000000 |gr15:40011000 |
gr16:00000003 |gr17:00000010 |gr18:00000000 |gr19:00000000 |
gr20:00000000 |gr21:00000000 |gr22:00000000 |gr23:00000000 |
gr24:00000000 |gr25:00000000 |gr26:00000000 |gr27:00000000 |
gr28:00000000 |gr29:00000000 |gr30:00000000 |gr31:00000000 |

PC : 00001196 |MCAUSE: 08000000
gr 0:00000005 |gr 1:000000ea |gr 2:00000000 |gr 3:55550000 |
gr 4:aaaaaaaa |gr 5:8000001e |gr 6:80000000 |gr 7:80000000 |
gr 8:aaaaaaaa |gr 9:00000000 |gr10:00023456 |gr11:cdeabcde |
gr12:00000000 |gr13:00000000 |gr14:00000000 |gr15:40011000 |
gr16:00000003 |gr17:00000010 |gr18:00000000 |gr19:00000000 |
gr20:00000000 |gr21:00000000 |gr22:00000000 |gr23:00000000 |
gr24:00000000 |gr25:00000000 |gr26:00000000 |gr27:00000000 |
gr28:00000000 |gr29:00000000 |gr30:00000000 |gr31:00000000 |

PC : 0000119e |MCAUSE: 08000000
gr 0:00000005 |gr 1:000000ea |gr 2:00000000 |gr 3:55550000 |
gr 4:aaaaaaaa |gr 5:8000001e |gr 6:80000000 |gr 7:80000000 |
gr 8:aaaab000 |gr 9:00000000 |gr10:00023456 |gr11:cdeabcde |
gr12:00000000 |gr13:00000000 |gr14:00000000 |gr15:40011000 |
gr16:00000003 |gr17:00000010 |gr18:00000000 |gr19:00000000 |
gr20:00000000 |gr21:00000000 |gr22:00000000 |gr23:00000000 |
gr24:00000000 |gr25:00000000 |gr26:00000000 |gr27:00000000 |
gr28:00000000 |gr29:00000000 |gr30:00000000 |gr31:00000000 |

PC : 000011a2 |MCAUSE: 08000000
gr 0:00000005 |gr 1:000000ea |gr 2:00000000 |gr 3:55550000 |
gr 4:aaaaaaaa |gr 5:8000001e |gr 6:80000000 |gr 7:80000000 |
gr 8:aaaaaaaa |gr 9:00000000 |gr10:00023456 |gr11:cdeabcde |
gr12:00000000 |gr13:00000000 |gr14:00000000 |gr15:40011000 |
gr16:00000003 |gr17:00000010 |gr18:00000000 |gr19:00000000 |
gr20:00000000 |gr21:00000000 |gr22:00000000 |gr23:00000000 |
gr24:00000000 |gr25:00000000 |gr26:00000000 |gr27:00000000 |
gr28:00000000 |gr29:00000000 |gr30:00000000 |gr31:00000000 |

PC : 000011a6 |MCAUSE: 08000000
gr 0:00000005 |gr 1:000000ea |gr 2:00000000 |gr 3:55550000 |
gr 4:0000000a |gr 5:8000001e |gr 6:80000000 |gr 7:80000000 |
gr 8:aaaaaaaa |gr 9:00000000 |gr10:00023456 |gr11:cdeabcde |
gr12:00000000 |gr13:00000000 |gr14:00000000 |gr15:40011000 |
gr16:00000003 |gr17:00000010 |gr18:00000000 |gr19:00000000 |
gr20:00000000 |gr21:00000000 |gr22:00000000 |gr23:00000000 |
gr24:00000000 |gr25:00000000 |gr26:00000000 |gr27:00000000 |
gr28:00000000 |gr29:00000000 |gr30:00000000 |gr31:00000000 |

PC : 000011a8 |MCAUSE: 08000000
gr 0:00000005 |gr 1:000000ea |gr 2:00000000 |gr 3:55550000 |
gr 4:0000000a |gr 5:8000001e |gr 6:80000000 |gr 7:80000000 |
gr 8:0000000a |gr 9:00000000 |gr10:00023456 |gr11:cdeabcde |
gr12:00000000 |gr13:00000000 |gr14:00000000 |gr15:40011000 |
gr16:00000003 |gr17:00000010 |gr18:00000000 |gr19:00000000 |
gr20:00000000 |gr21:00000000 |gr22:00000000 |gr23:00000000 |
gr24:00000000 |gr25:00000000 |gr26:00000000 |gr27:00000000 |
gr28:00000000 |gr29:00000000 |gr30:00000000 |gr31:00000000 |

PC : 000011aa |MCAUSE: 08000000
gr 0:00000005 |gr 1:000000ea |gr 2:00000000 |gr 3:55550000 |
gr 4:0000000a |gr 5:8000001e |gr 6:80000000 |gr 7:80000000 |
gr 8:0000000a |gr 9:00000000 |gr10:00023456 |gr11:cdeabcde |
gr12:00000000 |gr13:00000000 |gr14:00000000 |gr15:40011000 |
gr16:00000003 |gr17:00000010 |gr18:00000000 |gr19:00000000 |
gr20:00000000 |gr21:00000000 |gr22:00000000 |gr23:00000000 |
gr24:00000000 |gr25:00000000 |gr26:00000000 |gr27:00000000 |
gr28:00000000 |gr29:00000000 |gr30:00000000 |gr31:00000000 |

PC : 000011b2 |MCAUSE: 08000000
gr 0:00000005 |gr 1:000000ea |gr 2:00000000 |gr 3:55550000 |
gr 4:0000000a |gr 5:8000001e |gr 6:80000000 |gr 7:80000000 |
gr 8:aaaab000 |gr 9:00000000 |gr10:00023456 |gr11:cdeabcde |
gr12:00000000 |gr13:00000000 |gr14:00000000 |gr15:40011000 |
gr16:00000003 |gr17:00000010 |gr18:00000000 |gr19:00000000 |
gr20:00000000 |gr21:00000000 |gr22:00000000 |gr23:00000000 |
gr24:00000000 |gr25:00000000 |gr26:00000000 |gr27:00000000 |
gr28:00000000 |gr29:00000000 |gr30:00000000 |gr31:00000000 |

PC : 000011b6 |MCAUSE: 08000000
gr 0:00000005 |gr 1:000000ea |gr 2:00000000 |gr 3:55550000 |
gr 4:0000000a |gr 5:8000001e |gr 6:80000000 |gr 7:80000000 |
gr 8:aaaaaaaa |gr 9:00000000 |gr10:00023456 |gr11:cdeabcde |
gr12:00000000 |gr13:00000000 |gr14:00000000 |gr15:40011000 |
gr16:00000003 |gr17:00000010 |gr18:00000000 |gr19:00000000 |
gr20:00000000 |gr21:00000000 |gr22:00000000 |gr23:00000000 |
gr24:00000000 |gr25:00000000 |gr26:00000000 |gr27:00000000 |
gr28:00000000 |gr29:00000000 |gr30:00000000 |gr31:00000000 |

PC : 000011ba |MCAUSE: 08000000
gr 0:00000005 |gr 1:000000ea |gr 2:00000000 |gr 3:55550000 |
gr 4:aaaab000 |gr 5:8000001e |gr 6:80000000 |gr 7:80000000 |
gr 8:aaaaaaaa |gr 9:00000000 |gr10:00023456 |gr11:cdeabcde |
gr12:00000000 |gr13:00000000 |gr14:00000000 |gr15:40011000 |
gr16:00000003 |gr17:00000010 |gr18:00000000 |gr19:00000000 |
gr20:00000000 |gr21:00000000 |gr22:00000000 |gr23:00000000 |
gr24:00000000 |gr25:00000000 |gr26:00000000 |gr27:00000000 |
gr28:00000000 |gr29:00000000 |gr30:00000000 |gr31:00000000 |

PC : 000011be |MCAUSE: 08000000
gr 0:00000005 |gr 1:000000ea |gr 2:00000000 |gr 3:55550000 |
gr 4:aaaaaaa0 |gr 5:8000001e |gr 6:80000000 |gr 7:80000000 |
gr 8:aaaaaaaa |gr 9:00000000 |gr10:00023456 |gr11:cdeabcde |
gr12:00000000 |gr13:00000000 |gr14:00000000 |gr15:40011000 |
gr16:00000003 |gr17:00000010 |gr18:00000000 |gr19:00000000 |
gr20:00000000 |gr21:00000000 |gr22:00000000 |gr23:00000000 |
gr24:00000000 |gr25:00000000 |gr26:00000000 |gr27:00000000 |
gr28:00000000 |gr29:00000000 |gr30:00000000 |gr31:00000000 |

PC : 000011c2 |MCAUSE: 08000000
gr 0:00000005 |gr 1:000000ea |gr 2:00000000 |gr 3:55550000 |
gr 4:aaaaaaa0 |gr 5:8000001e |gr 6:80000000 |gr 7:80000000 |
gr 8:aaaaaaa0 |gr 9:00000000 |gr10:00023456 |gr11:cdeabcde |
gr12:00000000 |gr13:00000000 |gr14:00000000 |gr15:40011000 |
gr16:00000003 |gr17:00000010 |gr18:00000000 |gr19:00000000 |
gr20:00000000 |gr21:00000000 |gr22:00000000 |gr23:00000000 |
gr24:00000000 |gr25:00000000 |gr26:00000000 |gr27:00000000 |
gr28:00000000 |gr29:00000000 |gr30:00000000 |gr31:00000000 |

PC : 000011c4 |MCAUSE: 08000000
gr 0:00000005 |gr 1:000000ea |gr 2:00000000 |gr 3:55550000 |
gr 4:aaaaaaa0 |gr 5:8000001e |gr 6:80000000 |gr 7:80000000 |
gr 8:aaaaaaa0 |gr 9:00000000 |gr10:00023456 |gr11:cdeabcde |
gr12:00000000 |gr13:00000000 |gr14:00000000 |gr15:40011000 |
gr16:00000003 |gr17:00000010 |gr18:00000000 |gr19:00000000 |
gr20:00000000 |gr21:00000000 |gr22:00000000 |gr23:00000000 |
gr24:00000000 |gr25:00000000 |gr26:00000000 |gr27:00000000 |
gr28:00000000 |gr29:00000000 |gr30:00000000 |gr31:00000000 |

PC : 000011cc |MCAUSE: 08000000
gr 0:00000005 |gr 1:000000ea |gr 2:00000000 |gr 3:55550000 |
gr 4:abcdb000 |gr 5:8000001e |gr 6:80000000 |gr 7:80000000 |
gr 8:aaaaaaa0 |gr 9:00000000 |gr10:00023456 |gr11:cdeabcde |
gr12:00000000 |gr13:00000000 |gr14:00000000 |gr15:40011000 |
gr16:00000003 |gr17:00000010 |gr18:00000000 |gr19:00000000 |
gr20:00000000 |gr21:00000000 |gr22:00000000 |gr23:00000000 |
gr24:00000000 |gr25:00000000 |gr26:00000000 |gr27:00000000 |
gr28:00000000 |gr29:00000000 |gr30:00000000 |gr31:00000000 |

PC : 000011d0 |MCAUSE: 08000000
gr 0:00000005 |gr 1:000000ea |gr 2:00000000 |gr 3:55550000 |
gr 4:abcdabcd |gr 5:8000001e |gr 6:80000000 |gr 7:80000000 |
gr 8:aaaaaaa0 |gr 9:00000000 |gr10:00023456 |gr11:cdeabcde |
gr12:00000000 |gr13:00000000 |gr14:00000000 |gr15:40011000 |
gr16:00000003 |gr17:00000010 |gr18:00000000 |gr19:00000000 |
gr20:00000000 |gr21:00000000 |gr22:00000000 |gr23:00000000 |
gr24:00000000 |gr25:00000000 |gr26:00000000 |gr27:00000000 |
gr28:00000000 |gr29:00000000 |gr30:00000000 |gr31:00000000 |

PC : 000011d4 |MCAUSE: 08000000
gr 0:00000005 |gr 1:000000ea |gr 2:00000000 |gr 3:55550000 |
gr 4:abcdabcd |gr 5:00000000 |gr 6:80000000 |gr 7:80000000 |
gr 8:aaaaaaa0 |gr 9:00000000 |gr10:00023456 |gr11:cdeabcde |
gr12:00000000 |gr13:00000000 |gr14:00000000 |gr15:40011000 |
gr16:00000003 |gr17:00000010 |gr18:00000000 |gr19:00000000 |
gr20:00000000 |gr21:00000000 |gr22:00000000 |gr23:00000000 |
gr24:00000000 |gr25:00000000 |gr26:00000000 |gr27:00000000 |
gr28:00000000 |gr29:00000000 |gr30:00000000 |gr31:00000000 |

PC : 000011d6 |MCAUSE: 08000000
gr 0:00000005 |gr 1:000000ea |gr 2:00000000 |gr 3:55550000 |
gr 4:abcdabcd |gr 5:abcdabcd |gr 6:80000000 |gr 7:80000000 |
gr 8:aaaaaaa0 |gr 9:00000000 |gr10:00023456 |gr11:cdeabcde |
gr12:00000000 |gr13:00000000 |gr14:00000000 |gr15:40011000 |
gr16:00000003 |gr17:00000010 |gr18:00000000 |gr19:00000000 |
gr20:00000000 |gr21:00000000 |gr22:00000000 |gr23:00000000 |
gr24:00000000 |gr25:00000000 |gr26:00000000 |gr27:00000000 |
gr28:00000000 |gr29:00000000 |gr30:00000000 |gr31:00000000 |

PC : 000011d8 |MCAUSE: 08000000
gr 0:00000005 |gr 1:000000ea |gr 2:00000000 |gr 3:55550000 |
gr 4:abcdabcd |gr 5:abcdabcd |gr 6:80000000 |gr 7:80000000 |
gr 8:aaaaaaa0 |gr 9:00000000 |gr10:00023456 |gr11:cdeabcde |
gr12:00000000 |gr13:00000000 |gr14:00000000 |gr15:40011000 |
gr16:00000003 |gr17:00000010 |gr18:00000000 |gr19:00000000 |
gr20:00000000 |gr21:00000000 |gr22:00000000 |gr23:00000000 |
gr24:00000000 |gr25:00000000 |gr26:00000000 |gr27:00000000 |
gr28:00000000 |gr29:00000000 |gr30:00000000 |gr31:00000000 |

PC : 000011e0 |MCAUSE: 08000000
gr 0:00000005 |gr 1:000000ea |gr 2:00000000 |gr 3:ffffffff |
gr 4:abcdabcd |gr 5:abcdabcd |gr 6:80000000 |gr 7:80000000 |
gr 8:aaaaaaa0 |gr 9:00000000 |gr10:00023456 |gr11:cdeabcde |
gr12:00000000 |gr13:00000000 |gr14:00000000 |gr15:40011000 |
gr16:00000003 |gr17:00000010 |gr18:00000000 |gr19:00000000 |
gr20:00000000 |gr21:00000000 |gr22:00000000 |gr23:00000000 |
gr24:00000000 |gr25:00000000 |gr26:00000000 |gr27:00000000 |
gr28:00000000 |gr29:00000000 |gr30:00000000 |gr31:00000000 |

PC : 000011e4 |MCAUSE: 08000000
gr 0:00000005 |gr 1:000000ea |gr 2:00000000 |gr 3:ffffffff |
gr 4:ffffffff |gr 5:abcdabcd |gr 6:80000000 |gr 7:80000000 |
gr 8:aaaaaaa0 |gr 9:00000000 |gr10:00023456 |gr11:cdeabcde |
gr12:00000000 |gr13:00000000 |gr14:00000000 |gr15:40011000 |
gr16:00000003 |gr17:00000010 |gr18:00000000 |gr19:00000000 |
gr20:00000000 |gr21:00000000 |gr22:00000000 |gr23:00000000 |
gr24:00000000 |gr25:00000000 |gr26:00000000 |gr27:00000000 |
gr28:00000000 |gr29:00000000 |gr30:00000000 |gr31:00000000 |

PC : 000011e8 |MCAUSE: 08000000
gr 0:00000005 |gr 1:000000ea |gr 2:00000000 |gr 3:fffffffe |
gr 4:ffffffff |gr 5:abcdabcd |gr 6:80000000 |gr 7:80000000 |
gr 8:aaaaaaa0 |gr 9:00000000 |gr10:00023456 |gr11:cdeabcde |
gr12:00000000 |gr13:00000000 |gr14:00000000 |gr15:40011000 |
gr16:00000003 |gr17:00000010 |gr18:00000000 |gr19:00000000 |
gr20:00000000 |gr21:00000000 |gr22:00000000 |gr23:00000000 |
gr24:00000000 |gr25:00000000 |gr26:00000000 |gr27:00000000 |
gr28:00000000 |gr29:00000000 |gr30:00000000 |gr31:00000000 |

PC : 000011ea |MCAUSE: 08000000
gr 0:00000005 |gr 1:000000ea |gr 2:00000000 |gr 3:fffffffe |
gr 4:ffffffff |gr 5:fffffffe |gr 6:80000000 |gr 7:80000000 |
gr 8:aaaaaaa0 |gr 9:00000000 |gr10:00023456 |gr11:cdeabcde |
gr12:00000000 |gr13:00000000 |gr14:00000000 |gr15:40011000 |
gr16:00000003 |gr17:00000010 |gr18:00000000 |gr19:00000000 |
gr20:00000000 |gr21:00000000 |gr22:00000000 |gr23:00000000 |
gr24:00000000 |gr25:00000000 |gr26:00000000 |gr27:00000000 |
gr28:00000000 |gr29:00000000 |gr30:00000000 |gr31:00000000 |

PC : 000011ee |MCAUSE: 08000000
gr 0:00000005 |gr 1:000000ea |gr 2:00000000 |gr 3:fffffffe |
gr 4:ffffffff |gr 5:fffffffe |gr 6:80000000 |gr 7:80000000 |
gr 8:aaaaaaa0 |gr 9:00000000 |gr10:00023456 |gr11:cdeabcde |
gr12:00000000 |gr13:00000000 |gr14:00000000 |gr15:40011000 |
gr16:00000003 |gr17:00000010 |gr18:00000000 |gr19:00000000 |
gr20:00000000 |gr21:00000000 |gr22:00000000 |gr23:00000000 |
gr24:00000000 |gr25:00000000 |gr26:00000000 |gr27:00000000 |
gr28:00000000 |gr29:00000000 |gr30:00000000 |gr31:00000000 |

PC : 000011f6 |MCAUSE: 08000000
gr 0:00000005 |gr 1:000000ea |gr 2:00000000 |gr 3:80000000 |
gr 4:ffffffff |gr 5:fffffffe |gr 6:80000000 |gr 7:80000000 |
gr 8:aaaaaaa0 |gr 9:00000000 |gr10:00023456 |gr11:cdeabcde |
gr12:00000000 |gr13:00000000 |gr14:00000000 |gr15:40011000 |
gr16:00000003 |gr17:00000010 |gr18:00000000 |gr19:00000000 |
gr20:00000000 |gr21:00000000 |gr22:00000000 |gr23:00000000 |
gr24:00000000 |gr25:00000000 |gr26:00000000 |gr27:00000000 |
gr28:00000000 |gr29:00000000 |gr30:00000000 |gr31:00000000 |

PC : 000011fa |MCAUSE: 08000000
gr 0:00000005 |gr 1:000000ea |gr 2:00000000 |gr 3:80000000 |
gr 4:80000000 |gr 5:fffffffe |gr 6:80000000 |gr 7:80000000 |
gr 8:aaaaaaa0 |gr 9:00000000 |gr10:00023456 |gr11:cdeabcde |
gr12:00000000 |gr13:00000000 |gr14:00000000 |gr15:40011000 |
gr16:00000003 |gr17:00000010 |gr18:00000000 |gr19:00000000 |
gr20:00000000 |gr21:00000000 |gr22:00000000 |gr23:00000000 |
gr24:00000000 |gr25:00000000 |gr26:00000000 |gr27:00000000 |
gr28:00000000 |gr29:00000000 |gr30:00000000 |gr31:00000000 |

PC : 000011fe |MCAUSE: 08000000
gr 0:00000005 |gr 1:000000ea |gr 2:00000000 |gr 3:00000000 |
gr 4:80000000 |gr 5:fffffffe |gr 6:80000000 |gr 7:80000000 |
gr 8:aaaaaaa0 |gr 9:00000000 |gr10:00023456 |gr11:cdeabcde |
gr12:00000000 |gr13:00000000 |gr14:00000000 |gr15:40011000 |
gr16:00000003 |gr17:00000010 |gr18:00000000 |gr19:00000000 |
gr20:00000000 |gr21:00000000 |gr22:00000000 |gr23:00000000 |
gr24:00000000 |gr25:00000000 |gr26:00000000 |gr27:00000000 |
gr28:00000000 |gr29:00000000 |gr30:00000000 |gr31:00000000 |

PC : 00001200 |MCAUSE: 08000000
gr 0:00000005 |gr 1:000000ea |gr 2:00000000 |gr 3:00000000 |
gr 4:80000000 |gr 5:00000000 |gr 6:80000000 |gr 7:80000000 |
gr 8:aaaaaaa0 |gr 9:00000000 |gr10:00023456 |gr11:cdeabcde |
gr12:00000000 |gr13:00000000 |gr14:00000000 |gr15:40011000 |
gr16:00000003 |gr17:00000010 |gr18:00000000 |gr19:00000000 |
gr20:00000000 |gr21:00000000 |gr22:00000000 |gr23:00000000 |
gr24:00000000 |gr25:00000000 |gr26:00000000 |gr27:00000000 |
gr28:00000000 |gr29:00000000 |gr30:00000000 |gr31:00000000 |

PC : 00001202 |MCAUSE: 08000000
gr 0:00000005 |gr 1:000000ea |gr 2:00000000 |gr 3:00000000 |
gr 4:80000000 |gr 5:00000000 |gr 6:80000000 |gr 7:80000000 |
gr 8:aaaaaaa0 |gr 9:00000000 |gr10:00023456 |gr11:cdeabcde |
gr12:00000000 |gr13:00000000 |gr14:00000000 |gr15:40011000 |
gr16:00000003 |gr17:00000010 |gr18:00000000 |gr19:00000000 |
gr20:00000000 |gr21:00000000 |gr22:00000000 |gr23:00000000 |
gr24:00000000 |gr25:00000000 |gr26:00000000 |gr27:00000000 |
gr28:00000000 |gr29:00000000 |gr30:00000000 |gr31:00000000 |

PC : 0000120a |MCAUSE: 08000000
gr 0:00000005 |gr 1:000000ea |gr 2:00000000 |gr 3:80000000 |
gr 4:80000000 |gr 5:00000000 |gr 6:80000000 |gr 7:80000000 |
gr 8:aaaaaaa0 |gr 9:00000000 |gr10:00023456 |gr11:cdeabcde |
gr12:00000000 |gr13:00000000 |gr14:00000000 |gr15:40011000 |
gr16:00000003 |gr17:00000010 |gr18:00000000 |gr19:00000000 |
gr20:00000000 |gr21:00000000 |gr22:00000000 |gr23:00000000 |
gr24:00000000 |gr25:00000000 |gr26:00000000 |gr27:00000000 |
gr28:00000000 |gr29:00000000 |gr30:00000000 |gr31:00000000 |

PC : 0000120e |MCAUSE: 08000000
gr 0:00000005 |gr 1:000000ea |gr 2:00000000 |gr 3:7fffffff |
gr 4:80000000 |gr 5:00000000 |gr 6:80000000 |gr 7:80000000 |
gr 8:aaaaaaa0 |gr 9:00000000 |gr10:00023456 |gr11:cdeabcde |
gr12:00000000 |gr13:00000000 |gr14:00000000 |gr15:40011000 |
gr16:00000003 |gr17:00000010 |gr18:00000000 |gr19:00000000 |
gr20:00000000 |gr21:00000000 |gr22:00000000 |gr23:00000000 |
gr24:00000000 |gr25:00000000 |gr26:00000000 |gr27:00000000 |
gr28:00000000 |gr29:00000000 |gr30:00000000 |gr31:00000000 |

PC : 00001212 |MCAUSE: 08000000
gr 0:00000005 |gr 1:000000ea |gr 2:00000000 |gr 3:7fffffff |
gr 4:80000000 |gr 5:00000000 |gr 6:80000000 |gr 7:80000000 |
gr 8:aaaaaaa0 |gr 9:00000000 |gr10:00023456 |gr11:cdeabcde |
gr12:00000000 |gr13:00000000 |gr14:00000000 |gr15:40011000 |
gr16:00000003 |gr17:00000010 |gr18:00000000 |gr19:00000000 |
gr20:00000000 |gr21:00000000 |gr22:00000000 |gr23:00000000 |
gr24:00000000 |gr25:00000000 |gr26:00000000 |gr27:00000000 |
gr28:00000000 |gr29:00000000 |gr30:00000000 |gr31:00000000 |

PC : 00001216 |MCAUSE: 08000000
gr 0:00000005 |gr 1:000000ea |gr 2:00000000 |gr 3:7fffffff |
gr 4:7fffffff |gr 5:00000000 |gr 6:80000000 |gr 7:80000000 |
gr 8:aaaaaaa0 |gr 9:00000000 |gr10:00023456 |gr11:cdeabcde |
gr12:00000000 |gr13:00000000 |gr14:00000000 |gr15:40011000 |
gr16:00000003 |gr17:00000010 |gr18:00000000 |gr19:00000000 |
gr20:00000000 |gr21:00000000 |gr22:00000000 |gr23:00000000 |
gr24:00000000 |gr25:00000000 |gr26:00000000 |gr27:00000000 |
gr28:00000000 |gr29:00000000 |gr30:00000000 |gr31:00000000 |

PC : 0000121a |MCAUSE: 08000000
gr 0:00000005 |gr 1:000000ea |gr 2:00000000 |gr 3:fffffffe |
gr 4:7fffffff |gr 5:00000000 |gr 6:80000000 |gr 7:80000000 |
gr 8:aaaaaaa0 |gr 9:00000000 |gr10:00023456 |gr11:cdeabcde |
gr12:00000000 |gr13:00000000 |gr14:00000000 |gr15:40011000 |
gr16:00000003 |gr17:00000010 |gr18:00000000 |gr19:00000000 |
gr20:00000000 |gr21:00000000 |gr22:00000000 |gr23:00000000 |
gr24:00000000 |gr25:00000000 |gr26:00000000 |gr27:00000000 |
gr28:00000000 |gr29:00000000 |gr30:00000000 |gr31:00000000 |

PC : 0000121c |MCAUSE: 08000000
gr 0:00000005 |gr 1:000000ea |gr 2:00000000 |gr 3:fffffffe |
gr 4:7fffffff |gr 5:fffffffe |gr 6:80000000 |gr 7:80000000 |
gr 8:aaaaaaa0 |gr 9:00000000 |gr10:00023456 |gr11:cdeabcde |
gr12:00000000 |gr13:00000000 |gr14:00000000 |gr15:40011000 |
gr16:00000003 |gr17:00000010 |gr18:00000000 |gr19:00000000 |
gr20:00000000 |gr21:00000000 |gr22:00000000 |gr23:00000000 |
gr24:00000000 |gr25:00000000 |gr26:00000000 |gr27:00000000 |
gr28:00000000 |gr29:00000000 |gr30:00000000 |gr31:00000000 |

PC : 00001220 |MCAUSE: 08000000
gr 0:00000005 |gr 1:000000ea |gr 2:00000000 |gr 3:fffffffe |
gr 4:7fffffff |gr 5:fffffffe |gr 6:80000000 |gr 7:80000000 |
gr 8:aaaaaaa0 |gr 9:00000000 |gr10:00023456 |gr11:cdeabcde |
gr12:00000000 |gr13:00000000 |gr14:00000000 |gr15:40011000 |
gr16:00000003 |gr17:00000010 |gr18:00000000 |gr19:00000000 |
gr20:00000000 |gr21:00000000 |gr22:00000000 |gr23:00000000 |
gr24:00000000 |gr25:00000000 |gr26:00000000 |gr27:00000000 |
gr28:00000000 |gr29:00000000 |gr30:00000000 |gr31:00000000 |

PC : 00001228 |MCAUSE: 08000000
gr 0:00000005 |gr 1:000000ea |gr 2:00000000 |gr 3:fffffffe |
gr 4:7fffffff |gr 5:fffffffe |gr 6:80000000 |gr 7:80000000 |
gr 8:00000000 |gr 9:00000000 |gr10:00023456 |gr11:cdeabcde |
gr12:00000000 |gr13:00000000 |gr14:00000000 |gr15:40011000 |
gr16:00000003 |gr17:00000010 |gr18:00000000 |gr19:00000000 |
gr20:00000000 |gr21:00000000 |gr22:00000000 |gr23:00000000 |
gr24:00000000 |gr25:00000000 |gr26:00000000 |gr27:00000000 |
gr28:00000000 |gr29:00000000 |gr30:00000000 |gr31:00000000 |

PC : 0000122a |MCAUSE: 08000000
gr 0:00000005 |gr 1:000000ea |gr 2:00000000 |gr 3:fffffffe |
gr 4:7fffffff |gr 5:fffffffe |gr 6:80000000 |gr 7:80000000 |
gr 8:00000000 |gr 9:ffffffff |gr10:00023456 |gr11:cdeabcde |
gr12:00000000 |gr13:00000000 |gr14:00000000 |gr15:40011000 |
gr16:00000003 |gr17:00000010 |gr18:00000000 |gr19:00000000 |
gr20:00000000 |gr21:00000000 |gr22:00000000 |gr23:00000000 |
gr24:00000000 |gr25:00000000 |gr26:00000000 |gr27:00000000 |
gr28:00000000 |gr29:00000000 |gr30:00000000 |gr31:00000000 |

PC : 0000122e |MCAUSE: 08000000
gr 0:00000005 |gr 1:000000ea |gr 2:00000000 |gr 3:fffffffe |
gr 4:7fffffff |gr 5:abcdb000 |gr 6:80000000 |gr 7:80000000 |
gr 8:00000000 |gr 9:ffffffff |gr10:00023456 |gr11:cdeabcde |
gr12:00000000 |gr13:00000000 |gr14:00000000 |gr15:40011000 |
gr16:00000003 |gr17:00000010 |gr18:00000000 |gr19:00000000 |
gr20:00000000 |gr21:00000000 |gr22:00000000 |gr23:00000000 |
gr24:00000000 |gr25:00000000 |gr26:00000000 |gr27:00000000 |
gr28:00000000 |gr29:00000000 |gr30:00000000 |gr31:00000000 |

PC : 00001232 |MCAUSE: 08000000
gr 0:00000005 |gr 1:000000ea |gr 2:00000000 |gr 3:fffffffe |
gr 4:7fffffff |gr 5:abcdabcd |gr 6:80000000 |gr 7:80000000 |
gr 8:00000000 |gr 9:ffffffff |gr10:00023456 |gr11:cdeabcde |
gr12:00000000 |gr13:00000000 |gr14:00000000 |gr15:40011000 |
gr16:00000003 |gr17:00000010 |gr18:00000000 |gr19:00000000 |
gr20:00000000 |gr21:00000000 |gr22:00000000 |gr23:00000000 |
gr24:00000000 |gr25:00000000 |gr26:00000000 |gr27:00000000 |
gr28:00000000 |gr29:00000000 |gr30:00000000 |gr31:00000000 |

PC : 00001236 |MCAUSE: 08000000
gr 0:00000005 |gr 1:000000ea |gr 2:00000000 |gr 3:fffffffe |
gr 4:7fffffff |gr 5:abcdabcd |gr 6:80000000 |gr 7:80000000 |
gr 8:00000000 |gr 9:ffffffff |gr10:abcdb000 |gr11:cdeabcde |
gr12:00000000 |gr13:00000000 |gr14:00000000 |gr15:40011000 |
gr16:00000003 |gr17:00000010 |gr18:00000000 |gr19:00000000 |
gr20:00000000 |gr21:00000000 |gr22:00000000 |gr23:00000000 |
gr24:00000000 |gr25:00000000 |gr26:00000000 |gr27:00000000 |
gr28:00000000 |gr29:00000000 |gr30:00000000 |gr31:00000000 |

PC : 0000123a |MCAUSE: 08000000
gr 0:00000005 |gr 1:000000ea |gr 2:00000000 |gr 3:fffffffe |
gr 4:7fffffff |gr 5:abcdabcd |gr 6:80000000 |gr 7:80000000 |
gr 8:00000000 |gr 9:ffffffff |gr10:abcdabcd |gr11:cdeabcde |
gr12:00000000 |gr13:00000000 |gr14:00000000 |gr15:40011000 |
gr16:00000003 |gr17:00000010 |gr18:00000000 |gr19:00000000 |
gr20:00000000 |gr21:00000000 |gr22:00000000 |gr23:00000000 |
gr24:00000000 |gr25:00000000 |gr26:00000000 |gr27:00000000 |
gr28:00000000 |gr29:00000000 |gr30:00000000 |gr31:00000000 |

PC : 0000123e |MCAUSE: 08000000
gr 0:00000005 |gr 1:000000ea |gr 2:00000000 |gr 3:fffffffe |
gr 4:7fffffff |gr 5:abcdabcd |gr 6:80000000 |gr 7:80000000 |
gr 8:00000000 |gr 9:ffffffff |gr10:abcdabcd |gr11:cdeabcde |
gr12:00000000 |gr13:00000000 |gr14:00000000 |gr15:40011000 |
gr16:00000003 |gr17:00000010 |gr18:00000000 |gr19:00000000 |
gr20:00000000 |gr21:00000000 |gr22:00000000 |gr23:00000000 |
gr24:00000000 |gr25:00000000 |gr26:00000000 |gr27:00000000 |
gr28:00000000 |gr29:00000000 |gr30:00000000 |gr31:00000000 |

PC : 00001240 |MCAUSE: 08000000
gr 0:00000005 |gr 1:000000ea |gr 2:00000000 |gr 3:fffffffe |
gr 4:7fffffff |gr 5:abcdabcd |gr 6:80000000 |gr 7:80000000 |
gr 8:00000000 |gr 9:ffffffff |gr10:abcdabcd |gr11:cdeabcde |
gr12:00000000 |gr13:00000000 |gr14:00000000 |gr15:40011000 |
gr16:00000003 |gr17:00000010 |gr18:00000000 |gr19:00000000 |
gr20:00000000 |gr21:00000000 |gr22:00000000 |gr23:00000000 |
gr24:00000000 |gr25:00000000 |gr26:00000000 |gr27:00000000 |
gr28:00000000 |gr29:00000000 |gr30:00000000 |gr31:00000000 |

PC : 00001248 |MCAUSE: 08000000
gr 0:00000005 |gr 1:000000ea |gr 2:00000000 |gr 3:fffffffe |
gr 4:7fffffff |gr 5:abcdabcd |gr 6:80000000 |gr 7:80000000 |
gr 8:00000000 |gr 9:ffffffff |gr10:abcdb000 |gr11:cdeabcde |
gr12:00000000 |gr13:00000000 |gr14:00000000 |gr15:40011000 |
gr16:00000003 |gr17:00000010 |gr18:00000000 |gr19:00000000 |
gr20:00000000 |gr21:00000000 |gr22:00000000 |gr23:00000000 |
gr24:00000000 |gr25:00000000 |gr26:00000000 |gr27:00000000 |
gr28:00000000 |gr29:00000000 |gr30:00000000 |gr31:00000000 |

PC : 0000124c |MCAUSE: 08000000
gr 0:00000005 |gr 1:000000ea |gr 2:00000000 |gr 3:fffffffe |
gr 4:7fffffff |gr 5:abcdabcd |gr 6:80000000 |gr 7:80000000 |
gr 8:00000000 |gr 9:ffffffff |gr10:abcdabcd |gr11:cdeabcde |
gr12:00000000 |gr13:00000000 |gr14:00000000 |gr15:40011000 |
gr16:00000003 |gr17:00000010 |gr18:00000000 |gr19:00000000 |
gr20:00000000 |gr21:00000000 |gr22:00000000 |gr23:00000000 |
gr24:00000000 |gr25:00000000 |gr26:00000000 |gr27:00000000 |
gr28:00000000 |gr29:00000000 |gr30:00000000 |gr31:00000000 |

PC : 00001250 |MCAUSE: 08000000
gr 0:00000005 |gr 1:000000ea |gr 2:00000000 |gr 3:fffffffe |
gr 4:7fffffff |gr 5:abcdabcd |gr 6:80000000 |gr 7:80000000 |
gr 8:00000000 |gr 9:ffffffff |gr10:00000000 |gr11:cdeabcde |
gr12:00000000 |gr13:00000000 |gr14:00000000 |gr15:40011000 |
gr16:00000003 |gr17:00000010 |gr18:00000000 |gr19:00000000 |
gr20:00000000 |gr21:00000000 |gr22:00000000 |gr23:00000000 |
gr24:00000000 |gr25:00000000 |gr26:00000000 |gr27:00000000 |
gr28:00000000 |gr29:00000000 |gr30:00000000 |gr31:00000000 |

PC : 00001252 |MCAUSE: 08000000
gr 0:00000005 |gr 1:000000ea |gr 2:00000000 |gr 3:fffffffe |
gr 4:7fffffff |gr 5:abcdabcd |gr 6:80000000 |gr 7:80000000 |
gr 8:00000000 |gr 9:ffffffff |gr10:00000000 |gr11:cdeabcde |
gr12:00000000 |gr13:00000000 |gr14:00000000 |gr15:40011000 |
gr16:00000003 |gr17:00000010 |gr18:00000000 |gr19:00000000 |
gr20:00000000 |gr21:00000000 |gr22:00000000 |gr23:00000000 |
gr24:00000000 |gr25:00000000 |gr26:00000000 |gr27:00000000 |
gr28:00000000 |gr29:00000000 |gr30:00000000 |gr31:00000000 |

PC : 0000125a |MCAUSE: 08000000
gr 0:00000005 |gr 1:000000ea |gr 2:00000000 |gr 3:fffffffe |
gr 4:7fffffff |gr 5:abcdabcd |gr 6:80000000 |gr 7:80000000 |
gr 8:00000000 |gr 9:ffffffff |gr10:00000000 |gr11:cdeabcde |
gr12:00000000 |gr13:00000000 |gr14:00000000 |gr15:40011000 |
gr16:00000003 |gr17:00000010 |gr18:00000000 |gr19:00000000 |
gr20:00000000 |gr21:00000000 |gr22:00000000 |gr23:00000000 |
gr24:00000000 |gr25:00000000 |gr26:00000000 |gr27:00000000 |
gr28:00000000 |gr29:00000000 |gr30:00000000 |gr31:00000000 |

PC : 0000125c |MCAUSE: 08000000
gr 0:00000005 |gr 1:000000ea |gr 2:00000000 |gr 3:fffffffe |
gr 4:7fffffff |gr 5:abcdabcd |gr 6:80000000 |gr 7:80000000 |
gr 8:00000000 |gr 9:ffffffff |gr10:00000000 |gr11:cdeabcde |
gr12:00000000 |gr13:00000000 |gr14:00000000 |gr15:40011000 |
gr16:00000003 |gr17:00000010 |gr18:00000000 |gr19:00000000 |
gr20:00000000 |gr21:00000000 |gr22:00000000 |gr23:00000000 |
gr24:00000000 |gr25:00000000 |gr26:00000000 |gr27:00000000 |
gr28:00000000 |gr29:00000000 |gr30:00000000 |gr31:00000000 |

PC : 00001260 |MCAUSE: 08000000
gr 0:00000005 |gr 1:000000ea |gr 2:00000000 |gr 3:fffffffe |
gr 4:7fffffff |gr 5:abcdb000 |gr 6:80000000 |gr 7:80000000 |
gr 8:00000000 |gr 9:ffffffff |gr10:00000000 |gr11:cdeabcde |
gr12:00000000 |gr13:00000000 |gr14:00000000 |gr15:40011000 |
gr16:00000003 |gr17:00000010 |gr18:00000000 |gr19:00000000 |
gr20:00000000 |gr21:00000000 |gr22:00000000 |gr23:00000000 |
gr24:00000000 |gr25:00000000 |gr26:00000000 |gr27:00000000 |
gr28:00000000 |gr29:00000000 |gr30:00000000 |gr31:00000000 |

PC : 00001264 |MCAUSE: 08000000
gr 0:00000005 |gr 1:000000ea |gr 2:00000000 |gr 3:fffffffe |
gr 4:7fffffff |gr 5:abcdabcd |gr 6:80000000 |gr 7:80000000 |
gr 8:00000000 |gr 9:ffffffff |gr10:00000000 |gr11:cdeabcde |
gr12:00000000 |gr13:00000000 |gr14:00000000 |gr15:40011000 |
gr16:00000003 |gr17:00000010 |gr18:00000000 |gr19:00000000 |
gr20:00000000 |gr21:00000000 |gr22:00000000 |gr23:00000000 |
gr24:00000000 |gr25:00000000 |gr26:00000000 |gr27:00000000 |
gr28:00000000 |gr29:00000000 |gr30:00000000 |gr31:00000000 |

PC : 00001268 |MCAUSE: 08000000
gr 0:00000005 |gr 1:000000ea |gr 2:00000000 |gr 3:fffffffe |
gr 4:7fffffff |gr 5:abcdabcd |gr 6:80000000 |gr 7:80000000 |
gr 8:00000000 |gr 9:ffffffff |gr10:abcdb000 |gr11:cdeabcde |
gr12:00000000 |gr13:00000000 |gr14:00000000 |gr15:40011000 |
gr16:00000003 |gr17:00000010 |gr18:00000000 |gr19:00000000 |
gr20:00000000 |gr21:00000000 |gr22:00000000 |gr23:00000000 |
gr24:00000000 |gr25:00000000 |gr26:00000000 |gr27:00000000 |
gr28:00000000 |gr29:00000000 |gr30:00000000 |gr31:00000000 |

PC : 0000126c |MCAUSE: 08000000
gr 0:00000005 |gr 1:000000ea |gr 2:00000000 |gr 3:fffffffe |
gr 4:7fffffff |gr 5:abcdabcd |gr 6:80000000 |gr 7:80000000 |
gr 8:00000000 |gr 9:ffffffff |gr10:abcdabcd |gr11:cdeabcde |
gr12:00000000 |gr13:00000000 |gr14:00000000 |gr15:40011000 |
gr16:00000003 |gr17:00000010 |gr18:00000000 |gr19:00000000 |
gr20:00000000 |gr21:00000000 |gr22:00000000 |gr23:00000000 |
gr24:00000000 |gr25:00000000 |gr26:00000000 |gr27:00000000 |
gr28:00000000 |gr29:00000000 |gr30:00000000 |gr31:00000000 |

PC : 00001270 |MCAUSE: 08000000
gr 0:00000005 |gr 1:000000ea |gr 2:00000000 |gr 3:fffffffe |
gr 4:7fffffff |gr 5:abcdabcd |gr 6:80000000 |gr 7:80000000 |
gr 8:00000000 |gr 9:ffffffff |gr10:ffffffff |gr11:cdeabcde |
gr12:00000000 |gr13:00000000 |gr14:00000000 |gr15:40011000 |
gr16:00000003 |gr17:00000010 |gr18:00000000 |gr19:00000000 |
gr20:00000000 |gr21:00000000 |gr22:00000000 |gr23:00000000 |
gr24:00000000 |gr25:00000000 |gr26:00000000 |gr27:00000000 |
gr28:00000000 |gr29:00000000 |gr30:00000000 |gr31:00000000 |

PC : 00001272 |MCAUSE: 08000000
gr 0:00000005 |gr 1:000000ea |gr 2:00000000 |gr 3:fffffffe |
gr 4:7fffffff |gr 5:abcdabcd |gr 6:80000000 |gr 7:80000000 |
gr 8:00000000 |gr 9:ffffffff |gr10:ffffffff |gr11:cdeabcde |
gr12:00000000 |gr13:00000000 |gr14:00000000 |gr15:40011000 |
gr16:00000003 |gr17:00000010 |gr18:00000000 |gr19:00000000 |
gr20:00000000 |gr21:00000000 |gr22:00000000 |gr23:00000000 |
gr24:00000000 |gr25:00000000 |gr26:00000000 |gr27:00000000 |
gr28:00000000 |gr29:00000000 |gr30:00000000 |gr31:00000000 |

PC : 0000127a |MCAUSE: 08000000
gr 0:00000005 |gr 1:000000ea |gr 2:00000000 |gr 3:fffffffe |
gr 4:7fffffff |gr 5:abcdb000 |gr 6:80000000 |gr 7:80000000 |
gr 8:00000000 |gr 9:ffffffff |gr10:ffffffff |gr11:cdeabcde |
gr12:00000000 |gr13:00000000 |gr14:00000000 |gr15:40011000 |
gr16:00000003 |gr17:00000010 |gr18:00000000 |gr19:00000000 |
gr20:00000000 |gr21:00000000 |gr22:00000000 |gr23:00000000 |
gr24:00000000 |gr25:00000000 |gr26:00000000 |gr27:00000000 |
gr28:00000000 |gr29:00000000 |gr30:00000000 |gr31:00000000 |

PC : 0000127e |MCAUSE: 08000000
gr 0:00000005 |gr 1:000000ea |gr 2:00000000 |gr 3:fffffffe |
gr 4:7fffffff |gr 5:abcdabcd |gr 6:80000000 |gr 7:80000000 |
gr 8:00000000 |gr 9:ffffffff |gr10:ffffffff |gr11:cdeabcde |
gr12:00000000 |gr13:00000000 |gr14:00000000 |gr15:40011000 |
gr16:00000003 |gr17:00000010 |gr18:00000000 |gr19:00000000 |
gr20:00000000 |gr21:00000000 |gr22:00000000 |gr23:00000000 |
gr24:00000000 |gr25:00000000 |gr26:00000000 |gr27:00000000 |
gr28:00000000 |gr29:00000000 |gr30:00000000 |gr31:00000000 |

PC : 00001282 |MCAUSE: 08000000
gr 0:00000005 |gr 1:000000ea |gr 2:00000000 |gr 3:fffffffe |
gr 4:7fffffff |gr 5:abcdabcd |gr 6:80000000 |gr 7:80000000 |
gr 8:00000000 |gr 9:ffffffff |gr10:abcdb000 |gr11:cdeabcde |
gr12:00000000 |gr13:00000000 |gr14:00000000 |gr15:40011000 |
gr16:00000003 |gr17:00000010 |gr18:00000000 |gr19:00000000 |
gr20:00000000 |gr21:00000000 |gr22:00000000 |gr23:00000000 |
gr24:00000000 |gr25:00000000 |gr26:00000000 |gr27:00000000 |
gr28:00000000 |gr29:00000000 |gr30:00000000 |gr31:00000000 |

PC : 00001286 |MCAUSE: 08000000
gr 0:00000005 |gr 1:000000ea |gr 2:00000000 |gr 3:fffffffe |
gr 4:7fffffff |gr 5:abcdabcd |gr 6:80000000 |gr 7:80000000 |
gr 8:00000000 |gr 9:ffffffff |gr10:abcdabcd |gr11:cdeabcde |
gr12:00000000 |gr13:00000000 |gr14:00000000 |gr15:40011000 |
gr16:00000003 |gr17:00000010 |gr18:00000000 |gr19:00000000 |
gr20:00000000 |gr21:00000000 |gr22:00000000 |gr23:00000000 |
gr24:00000000 |gr25:00000000 |gr26:00000000 |gr27:00000000 |
gr28:00000000 |gr29:00000000 |gr30:00000000 |gr31:00000000 |

PC : 0000128a |MCAUSE: 08000000
gr 0:00000005 |gr 1:000000ea |gr 2:00000000 |gr 3:fffffffe |
gr 4:7fffffff |gr 5:abcdabcd |gr 6:80000000 |gr 7:80000000 |
gr 8:00000000 |gr 9:ffffffff |gr10:abcdabcd |gr11:cdeabcde |
gr12:00000000 |gr13:00000000 |gr14:00000000 |gr15:40011000 |
gr16:00000003 |gr17:00000010 |gr18:00000000 |gr19:00000000 |
gr20:00000000 |gr21:00000000 |gr22:00000000 |gr23:00000000 |
gr24:00000000 |gr25:00000000 |gr26:00000000 |gr27:00000000 |
gr28:00000000 |gr29:00000000 |gr30:00000000 |gr31:00000000 |

PC : 0000128c |MCAUSE: 08000000
gr 0:00000005 |gr 1:000000ea |gr 2:00000000 |gr 3:fffffffe |
gr 4:7fffffff |gr 5:abcdabcd |gr 6:80000000 |gr 7:80000000 |
gr 8:00000000 |gr 9:ffffffff |gr10:abcdabcd |gr11:cdeabcde |
gr12:00000000 |gr13:00000000 |gr14:00000000 |gr15:40011000 |
gr16:00000003 |gr17:00000010 |gr18:00000000 |gr19:00000000 |
gr20:00000000 |gr21:00000000 |gr22:00000000 |gr23:00000000 |
gr24:00000000 |gr25:00000000 |gr26:00000000 |gr27:00000000 |
gr28:00000000 |gr29:00000000 |gr30:00000000 |gr31:00000000 |

PC : 00001294 |MCAUSE: 08000000
gr 0:00000005 |gr 1:000000ea |gr 2:00000000 |gr 3:fffffffe |
gr 4:7fffffff |gr 5:abcdabcd |gr 6:80000000 |gr 7:80000000 |
gr 8:00000000 |gr 9:ffffffff |gr10:abcdabcd |gr11:cdeabcde |
gr12:00000000 |gr13:00000000 |gr14:00000000 |gr15:40011000 |
gr16:00000003 |gr17:00000010 |gr18:00000000 |gr19:00000000 |
gr20:00000000 |gr21:00000000 |gr22:00000000 |gr23:00000000 |
gr24:00000000 |gr25:00000000 |gr26:00000000 |gr27:00000000 |
gr28:00000000 |gr29:00000000 |gr30:00000000 |gr31:00000000 |

PC : 00001296 |MCAUSE: 08000000
gr 0:00000005 |gr 1:000000ea |gr 2:00000000 |gr 3:fffffffe |
gr 4:7fffffff |gr 5:abcdabcd |gr 6:80000000 |gr 7:80000000 |
gr 8:00000000 |gr 9:ffffffff |gr10:abcdabcd |gr11:cdeabcde |
gr12:00000000 |gr13:00000000 |gr14:00000000 |gr15:40011000 |
gr16:00000003 |gr17:00000010 |gr18:00000000 |gr19:00000000 |
gr20:00000000 |gr21:00000000 |gr22:00000000 |gr23:00000000 |
gr24:00000000 |gr25:00000000 |gr26:00000000 |gr27:00000000 |
gr28:00000000 |gr29:00000000 |gr30:00000000 |gr31:00000000 |

PC : 0000129a |MCAUSE: 08000000
gr 0:00000005 |gr 1:000000ea |gr 2:00000000 |gr 3:fffffffe |
gr 4:7fffffff |gr 5:abcdabcd |gr 6:80000000 |gr 7:80000000 |
gr 8:00000000 |gr 9:ffffffff |gr10:abcdb000 |gr11:cdeabcde |
gr12:00000000 |gr13:00000000 |gr14:00000000 |gr15:40011000 |
gr16:00000003 |gr17:00000010 |gr18:00000000 |gr19:00000000 |
gr20:00000000 |gr21:00000000 |gr22:00000000 |gr23:00000000 |
gr24:00000000 |gr25:00000000 |gr26:00000000 |gr27:00000000 |
gr28:00000000 |gr29:00000000 |gr30:00000000 |gr31:00000000 |

PC : 0000129e |MCAUSE: 08000000
gr 0:00000005 |gr 1:000000ea |gr 2:00000000 |gr 3:fffffffe |
gr 4:7fffffff |gr 5:abcdabcd |gr 6:80000000 |gr 7:80000000 |
gr 8:00000000 |gr 9:ffffffff |gr10:abcdabcd |gr11:cdeabcde |
gr12:00000000 |gr13:00000000 |gr14:00000000 |gr15:40011000 |
gr16:00000003 |gr17:00000010 |gr18:00000000 |gr19:00000000 |
gr20:00000000 |gr21:00000000 |gr22:00000000 |gr23:00000000 |
gr24:00000000 |gr25:00000000 |gr26:00000000 |gr27:00000000 |
gr28:00000000 |gr29:00000000 |gr30:00000000 |gr31:00000000 |

PC : 000012a2 |MCAUSE: 08000000
gr 0:00000005 |gr 1:000000ea |gr 2:00000000 |gr 3:fffffffe |
gr 4:7fffffff |gr 5:54325432 |gr 6:80000000 |gr 7:80000000 |
gr 8:00000000 |gr 9:ffffffff |gr10:abcdabcd |gr11:cdeabcde |
gr12:00000000 |gr13:00000000 |gr14:00000000 |gr15:40011000 |
gr16:00000003 |gr17:00000010 |gr18:00000000 |gr19:00000000 |
gr20:00000000 |gr21:00000000 |gr22:00000000 |gr23:00000000 |
gr24:00000000 |gr25:00000000 |gr26:00000000 |gr27:00000000 |
gr28:00000000 |gr29:00000000 |gr30:00000000 |gr31:00000000 |

PC : 000012a6 |MCAUSE: 08000000
gr 0:00000005 |gr 1:000000ea |gr 2:00000000 |gr 3:fffffffe |
gr 4:7fffffff |gr 5:54325432 |gr 6:80000000 |gr 7:80000000 |
gr 8:00000000 |gr 9:ffffffff |gr10:54325432 |gr11:cdeabcde |
gr12:00000000 |gr13:00000000 |gr14:00000000 |gr15:40011000 |
gr16:00000003 |gr17:00000010 |gr18:00000000 |gr19:00000000 |
gr20:00000000 |gr21:00000000 |gr22:00000000 |gr23:00000000 |
gr24:00000000 |gr25:00000000 |gr26:00000000 |gr27:00000000 |
gr28:00000000 |gr29:00000000 |gr30:00000000 |gr31:00000000 |

PC : 000012a8 |MCAUSE: 08000000
gr 0:00000005 |gr 1:000000ea |gr 2:00000000 |gr 3:fffffffe |
gr 4:7fffffff |gr 5:54325432 |gr 6:80000000 |gr 7:80000000 |
gr 8:00000000 |gr 9:ffffffff |gr10:54325432 |gr11:cdeabcde |
gr12:00000000 |gr13:00000000 |gr14:00000000 |gr15:40011000 |
gr16:00000003 |gr17:00000010 |gr18:00000000 |gr19:00000000 |
gr20:00000000 |gr21:00000000 |gr22:00000000 |gr23:00000000 |
gr24:00000000 |gr25:00000000 |gr26:00000000 |gr27:00000000 |
gr28:00000000 |gr29:00000000 |gr30:00000000 |gr31:00000000 |

PC : 000012b0 |MCAUSE: 08000000
gr 0:00000005 |gr 1:000000ea |gr 2:00000000 |gr 3:fffffffe |
gr 4:7fffffff |gr 5:abcdb000 |gr 6:80000000 |gr 7:80000000 |
gr 8:00000000 |gr 9:ffffffff |gr10:54325432 |gr11:cdeabcde |
gr12:00000000 |gr13:00000000 |gr14:00000000 |gr15:40011000 |
gr16:00000003 |gr17:00000010 |gr18:00000000 |gr19:00000000 |
gr20:00000000 |gr21:00000000 |gr22:00000000 |gr23:00000000 |
gr24:00000000 |gr25:00000000 |gr26:00000000 |gr27:00000000 |
gr28:00000000 |gr29:00000000 |gr30:00000000 |gr31:00000000 |

PC : 000012b4 |MCAUSE: 08000000
gr 0:00000005 |gr 1:000000ea |gr 2:00000000 |gr 3:fffffffe |
gr 4:7fffffff |gr 5:abcdabcd |gr 6:80000000 |gr 7:80000000 |
gr 8:00000000 |gr 9:ffffffff |gr10:54325432 |gr11:cdeabcde |
gr12:00000000 |gr13:00000000 |gr14:00000000 |gr15:40011000 |
gr16:00000003 |gr17:00000010 |gr18:00000000 |gr19:00000000 |
gr20:00000000 |gr21:00000000 |gr22:00000000 |gr23:00000000 |
gr24:00000000 |gr25:00000000 |gr26:00000000 |gr27:00000000 |
gr28:00000000 |gr29:00000000 |gr30:00000000 |gr31:00000000 |

PC : 000012b8 |MCAUSE: 08000000
gr 0:00000005 |gr 1:000000ea |gr 2:00000000 |gr 3:fffffffe |
gr 4:7fffffff |gr 5:abcdabcd |gr 6:80000000 |gr 7:80000000 |
gr 8:00000000 |gr 9:ffffffff |gr10:abcdb000 |gr11:cdeabcde |
gr12:00000000 |gr13:00000000 |gr14:00000000 |gr15:40011000 |
gr16:00000003 |gr17:00000010 |gr18:00000000 |gr19:00000000 |
gr20:00000000 |gr21:00000000 |gr22:00000000 |gr23:00000000 |
gr24:00000000 |gr25:00000000 |gr26:00000000 |gr27:00000000 |
gr28:00000000 |gr29:00000000 |gr30:00000000 |gr31:00000000 |

PC : 000012bc |MCAUSE: 08000000
gr 0:00000005 |gr 1:000000ea |gr 2:00000000 |gr 3:fffffffe |
gr 4:7fffffff |gr 5:abcdabcd |gr 6:80000000 |gr 7:80000000 |
gr 8:00000000 |gr 9:ffffffff |gr10:abcdabcd |gr11:cdeabcde |
gr12:00000000 |gr13:00000000 |gr14:00000000 |gr15:40011000 |
gr16:00000003 |gr17:00000010 |gr18:00000000 |gr19:00000000 |
gr20:00000000 |gr21:00000000 |gr22:00000000 |gr23:00000000 |
gr24:00000000 |gr25:00000000 |gr26:00000000 |gr27:00000000 |
gr28:00000000 |gr29:00000000 |gr30:00000000 |gr31:00000000 |

PC : 000012c0 |MCAUSE: 08000000
gr 0:00000005 |gr 1:000000ea |gr 2:00000000 |gr 3:fffffffe |
gr 4:7fffffff |gr 5:abcdabcd |gr 6:80000000 |gr 7:80000000 |
gr 8:00000000 |gr 9:ffffffff |gr10:abcdabcd |gr11:cdeabcde |
gr12:00000000 |gr13:00000000 |gr14:00000000 |gr15:40011000 |
gr16:00000003 |gr17:00000010 |gr18:00000000 |gr19:00000000 |
gr20:00000000 |gr21:00000000 |gr22:00000000 |gr23:00000000 |
gr24:00000000 |gr25:00000000 |gr26:00000000 |gr27:00000000 |
gr28:00000000 |gr29:00000000 |gr30:00000000 |gr31:00000000 |

PC : 000012c2 |MCAUSE: 08000000
gr 0:00000005 |gr 1:000000ea |gr 2:00000000 |gr 3:fffffffe |
gr 4:7fffffff |gr 5:abcdabcd |gr 6:80000000 |gr 7:80000000 |
gr 8:00000000 |gr 9:ffffffff |gr10:abcdabcd |gr11:cdeabcde |
gr12:00000000 |gr13:00000000 |gr14:00000000 |gr15:40011000 |
gr16:00000003 |gr17:00000010 |gr18:00000000 |gr19:00000000 |
gr20:00000000 |gr21:00000000 |gr22:00000000 |gr23:00000000 |
gr24:00000000 |gr25:00000000 |gr26:00000000 |gr27:00000000 |
gr28:00000000 |gr29:00000000 |gr30:00000000 |gr31:00000000 |

PC : 000012ca |MCAUSE: 08000000
gr 0:00000005 |gr 1:000000ea |gr 2:00000000 |gr 3:fffffffe |
gr 4:7fffffff |gr 5:abcdabcd |gr 6:80000000 |gr 7:80000000 |
gr 8:80000000 |gr 9:ffffffff |gr10:abcdabcd |gr11:cdeabcde |
gr12:00000000 |gr13:00000000 |gr14:00000000 |gr15:40011000 |
gr16:00000003 |gr17:00000010 |gr18:00000000 |gr19:00000000 |
gr20:00000000 |gr21:00000000 |gr22:00000000 |gr23:00000000 |
gr24:00000000 |gr25:00000000 |gr26:00000000 |gr27:00000000 |
gr28:00000000 |gr29:00000000 |gr30:00000000 |gr31:00000000 |

PC : 000012ce |MCAUSE: 08000000
gr 0:00000005 |gr 1:000000ea |gr 2:00000000 |gr 3:fffffffe |
gr 4:7fffffff |gr 5:abcdabcd |gr 6:80000000 |gr 7:80000000 |
gr 8:80000000 |gr 9:80000000 |gr10:abcdabcd |gr11:cdeabcde |
gr12:00000000 |gr13:00000000 |gr14:00000000 |gr15:40011000 |
gr16:00000003 |gr17:00000010 |gr18:00000000 |gr19:00000000 |
gr20:00000000 |gr21:00000000 |gr22:00000000 |gr23:00000000 |
gr24:00000000 |gr25:00000000 |gr26:00000000 |gr27:00000000 |
gr28:00000000 |gr29:00000000 |gr30:00000000 |gr31:00000000 |

PC : 000012d2 |MCAUSE: 08000000
gr 0:00000005 |gr 1:000000ea |gr 2:00000000 |gr 3:fffffffe |
gr 4:7fffffff |gr 5:abcdabcd |gr 6:80000000 |gr 7:80000000 |
gr 8:80000000 |gr 9:7fffffff |gr10:abcdabcd |gr11:cdeabcde |
gr12:00000000 |gr13:00000000 |gr14:00000000 |gr15:40011000 |
gr16:00000003 |gr17:00000010 |gr18:00000000 |gr19:00000000 |
gr20:00000000 |gr21:00000000 |gr22:00000000 |gr23:00000000 |
gr24:00000000 |gr25:00000000 |gr26:00000000 |gr27:00000000 |
gr28:00000000 |gr29:00000000 |gr30:00000000 |gr31:00000000 |

PC : 000012d6 |MCAUSE: 08000000
gr 0:00000005 |gr 1:000000ea |gr 2:00000000 |gr 3:fffffffe |
gr 4:7fffffff |gr 5:abcdabcd |gr 6:80000000 |gr 7:80000000 |
gr 8:00000001 |gr 9:7fffffff |gr10:abcdabcd |gr11:cdeabcde |
gr12:00000000 |gr13:00000000 |gr14:00000000 |gr15:40011000 |
gr16:00000003 |gr17:00000010 |gr18:00000000 |gr19:00000000 |
gr20:00000000 |gr21:00000000 |gr22:00000000 |gr23:00000000 |
gr24:00000000 |gr25:00000000 |gr26:00000000 |gr27:00000000 |
gr28:00000000 |gr29:00000000 |gr30:00000000 |gr31:00000000 |

PC : 000012d8 |MCAUSE: 08000000
gr 0:00000005 |gr 1:000000ea |gr 2:00000000 |gr 3:fffffffe |
gr 4:7fffffff |gr 5:00000001 |gr 6:80000000 |gr 7:80000000 |
gr 8:00000001 |gr 9:7fffffff |gr10:abcdabcd |gr11:cdeabcde |
gr12:00000000 |gr13:00000000 |gr14:00000000 |gr15:40011000 |
gr16:00000003 |gr17:00000010 |gr18:00000000 |gr19:00000000 |
gr20:00000000 |gr21:00000000 |gr22:00000000 |gr23:00000000 |
gr24:00000000 |gr25:00000000 |gr26:00000000 |gr27:00000000 |
gr28:00000000 |gr29:00000000 |gr30:00000000 |gr31:00000000 |

PC : 000012da |MCAUSE: 08000000
gr 0:00000005 |gr 1:000000ea |gr 2:00000000 |gr 3:fffffffe |
gr 4:7fffffff |gr 5:00000001 |gr 6:80000000 |gr 7:80000000 |
gr 8:00000001 |gr 9:7fffffff |gr10:abcdabcd |gr11:cdeabcde |
gr12:00000000 |gr13:00000000 |gr14:00000000 |gr15:40011000 |
gr16:00000003 |gr17:00000010 |gr18:00000000 |gr19:00000000 |
gr20:00000000 |gr21:00000000 |gr22:00000000 |gr23:00000000 |
gr24:00000000 |gr25:00000000 |gr26:00000000 |gr27:00000000 |
gr28:00000000 |gr29:00000000 |gr30:00000000 |gr31:00000000 |

PC : 000012e2 |MCAUSE: 08000000
gr 0:00000005 |gr 1:000000ea |gr 2:00000000 |gr 3:fffffffe |
gr 4:7fffffff |gr 5:00000001 |gr 6:80000000 |gr 7:80000000 |
gr 8:80000000 |gr 9:7fffffff |gr10:abcdabcd |gr11:cdeabcde |
gr12:00000000 |gr13:00000000 |gr14:00000000 |gr15:40011000 |
gr16:00000003 |gr17:00000010 |gr18:00000000 |gr19:00000000 |
gr20:00000000 |gr21:00000000 |gr22:00000000 |gr23:00000000 |
gr24:00000000 |gr25:00000000 |gr26:00000000 |gr27:00000000 |
gr28:00000000 |gr29:00000000 |gr30:00000000 |gr31:00000000 |

PC : 000012e6 |MCAUSE: 08000000
gr 0:00000005 |gr 1:000000ea |gr 2:00000000 |gr 3:fffffffe |
gr 4:7fffffff |gr 5:00000001 |gr 6:80000000 |gr 7:80000000 |
gr 8:7fffffff |gr 9:7fffffff |gr10:abcdabcd |gr11:cdeabcde |
gr12:00000000 |gr13:00000000 |gr14:00000000 |gr15:40011000 |
gr16:00000003 |gr17:00000010 |gr18:00000000 |gr19:00000000 |
gr20:00000000 |gr21:00000000 |gr22:00000000 |gr23:00000000 |
gr24:00000000 |gr25:00000000 |gr26:00000000 |gr27:00000000 |
gr28:00000000 |gr29:00000000 |gr30:00000000 |gr31:00000000 |

PC : 000012ea |MCAUSE: 08000000
gr 0:00000005 |gr 1:000000ea |gr 2:00000000 |gr 3:fffffffe |
gr 4:7fffffff |gr 5:00000001 |gr 6:80000000 |gr 7:80000000 |
gr 8:7fffffff |gr 9:80000000 |gr10:abcdabcd |gr11:cdeabcde |
gr12:00000000 |gr13:00000000 |gr14:00000000 |gr15:40011000 |
gr16:00000003 |gr17:00000010 |gr18:00000000 |gr19:00000000 |
gr20:00000000 |gr21:00000000 |gr22:00000000 |gr23:00000000 |
gr24:00000000 |gr25:00000000 |gr26:00000000 |gr27:00000000 |
gr28:00000000 |gr29:00000000 |gr30:00000000 |gr31:00000000 |

PC : 000012ee |MCAUSE: 08000000
gr 0:00000005 |gr 1:000000ea |gr 2:00000000 |gr 3:fffffffe |
gr 4:7fffffff |gr 5:00000001 |gr 6:80000000 |gr 7:80000000 |
gr 8:ffffffff |gr 9:80000000 |gr10:abcdabcd |gr11:cdeabcde |
gr12:00000000 |gr13:00000000 |gr14:00000000 |gr15:40011000 |
gr16:00000003 |gr17:00000010 |gr18:00000000 |gr19:00000000 |
gr20:00000000 |gr21:00000000 |gr22:00000000 |gr23:00000000 |
gr24:00000000 |gr25:00000000 |gr26:00000000 |gr27:00000000 |
gr28:00000000 |gr29:00000000 |gr30:00000000 |gr31:00000000 |

PC : 000012f0 |MCAUSE: 08000000
gr 0:00000005 |gr 1:000000ea |gr 2:00000000 |gr 3:fffffffe |
gr 4:7fffffff |gr 5:ffffffff |gr 6:80000000 |gr 7:80000000 |
gr 8:ffffffff |gr 9:80000000 |gr10:abcdabcd |gr11:cdeabcde |
gr12:00000000 |gr13:00000000 |gr14:00000000 |gr15:40011000 |
gr16:00000003 |gr17:00000010 |gr18:00000000 |gr19:00000000 |
gr20:00000000 |gr21:00000000 |gr22:00000000 |gr23:00000000 |
gr24:00000000 |gr25:00000000 |gr26:00000000 |gr27:00000000 |
gr28:00000000 |gr29:00000000 |gr30:00000000 |gr31:00000000 |

PC : 000012f4 |MCAUSE: 08000000
gr 0:00000005 |gr 1:000000ea |gr 2:00000000 |gr 3:fffffffe |
gr 4:7fffffff |gr 5:ffffffff |gr 6:80000000 |gr 7:80000000 |
gr 8:ffffffff |gr 9:80000000 |gr10:abcdabcd |gr11:cdeabcde |
gr12:00000000 |gr13:00000000 |gr14:00000000 |gr15:40011000 |
gr16:00000003 |gr17:00000010 |gr18:00000000 |gr19:00000000 |
gr20:00000000 |gr21:00000000 |gr22:00000000 |gr23:00000000 |
gr24:00000000 |gr25:00000000 |gr26:00000000 |gr27:00000000 |
gr28:00000000 |gr29:00000000 |gr30:00000000 |gr31:00000000 |

PC : 000012fc |MCAUSE: 08000000
gr 0:00000005 |gr 1:000000ea |gr 2:00000000 |gr 3:fffffffe |
gr 4:7fffffff |gr 5:ffffffff |gr 6:80000000 |gr 7:80000000 |
gr 8:0000000f |gr 9:80000000 |gr10:abcdabcd |gr11:cdeabcde |
gr12:00000000 |gr13:00000000 |gr14:00000000 |gr15:40011000 |
gr16:00000003 |gr17:00000010 |gr18:00000000 |gr19:00000000 |
gr20:00000000 |gr21:00000000 |gr22:00000000 |gr23:00000000 |
gr24:00000000 |gr25:00000000 |gr26:00000000 |gr27:00000000 |
gr28:00000000 |gr29:00000000 |gr30:00000000 |gr31:00000000 |

PC : 000012fe |MCAUSE: 08000000
gr 0:00000005 |gr 1:000000ea |gr 2:00000000 |gr 3:fffffffe |
gr 4:7fffffff |gr 5:ffffffff |gr 6:80000000 |gr 7:80000000 |
gr 8:0000000f |gr 9:00000002 |gr10:abcdabcd |gr11:cdeabcde |
gr12:00000000 |gr13:00000000 |gr14:00000000 |gr15:40011000 |
gr16:00000003 |gr17:00000010 |gr18:00000000 |gr19:00000000 |
gr20:00000000 |gr21:00000000 |gr22:00000000 |gr23:00000000 |
gr24:00000000 |gr25:00000000 |gr26:00000000 |gr27:00000000 |
gr28:00000000 |gr29:00000000 |gr30:00000000 |gr31:00000000 |

PC : 00001300 |MCAUSE: 08000000
gr 0:00000005 |gr 1:000000ea |gr 2:00000000 |gr 3:fffffffe |
gr 4:7fffffff |gr 5:ffffffff |gr 6:80000000 |gr 7:80000000 |
gr 8:0000000d |gr 9:00000002 |gr10:abcdabcd |gr11:cdeabcde |
gr12:00000000 |gr13:00000000 |gr14:00000000 |gr15:40011000 |
gr16:00000003 |gr17:00000010 |gr18:00000000 |gr19:00000000 |
gr20:00000000 |gr21:00000000 |gr22:00000000 |gr23:00000000 |
gr24:00000000 |gr25:00000000 |gr26:00000000 |gr27:00000000 |
gr28:00000000 |gr29:00000000 |gr30:00000000 |gr31:00000000 |

PC : 00001302 |MCAUSE: 08000000
gr 0:00000005 |gr 1:000000ea |gr 2:00000000 |gr 3:fffffffe |
gr 4:7fffffff |gr 5:0000000d |gr 6:80000000 |gr 7:80000000 |
gr 8:0000000d |gr 9:00000002 |gr10:abcdabcd |gr11:cdeabcde |
gr12:00000000 |gr13:00000000 |gr14:00000000 |gr15:40011000 |
gr16:00000003 |gr17:00000010 |gr18:00000000 |gr19:00000000 |
gr20:00000000 |gr21:00000000 |gr22:00000000 |gr23:00000000 |
gr24:00000000 |gr25:00000000 |gr26:00000000 |gr27:00000000 |
gr28:00000000 |gr29:00000000 |gr30:00000000 |gr31:00000000 |

PC : 00001304 |MCAUSE: 08000000
gr 0:00000005 |gr 1:000000ea |gr 2:00000000 |gr 3:fffffffe |
gr 4:7fffffff |gr 5:0000000d |gr 6:80000000 |gr 7:80000000 |
gr 8:0000000d |gr 9:00000002 |gr10:abcdabcd |gr11:cdeabcde |
gr12:00000000 |gr13:00000000 |gr14:00000000 |gr15:40011000 |
gr16:00000003 |gr17:00000010 |gr18:00000000 |gr19:00000000 |
gr20:00000000 |gr21:00000000 |gr22:00000000 |gr23:00000000 |
gr24:00000000 |gr25:00000000 |gr26:00000000 |gr27:00000000 |
gr28:00000000 |gr29:00000000 |gr30:00000000 |gr31:00000000 |

PC : 0000130c |MCAUSE: 08000000
gr 0:00000005 |gr 1:00001310 |gr 2:00000000 |gr 3:fffffffe |
gr 4:7fffffff |gr 5:0000000d |gr 6:80000000 |gr 7:80000000 |
gr 8:0000000d |gr 9:00000002 |gr10:abcdabcd |gr11:cdeabcde |
gr12:00000000 |gr13:00000000 |gr14:00000000 |gr15:40011000 |
gr16:00000003 |gr17:00000010 |gr18:00000000 |gr19:00000000 |
gr20:00000000 |gr21:00000000 |gr22:00000000 |gr23:00000000 |
gr24:00000000 |gr25:00000000 |gr26:00000000 |gr27:00000000 |
gr28:00000000 |gr29:00000000 |gr30:00000000 |gr31:00000000 |

PC : 00001314 |MCAUSE: 08000000
gr 0:00000005 |gr 1:00001310 |gr 2:00000000 |gr 3:fffffffe |
gr 4:80000000 |gr 5:0000000d |gr 6:80000000 |gr 7:80000000 |
gr 8:0000000d |gr 9:00000002 |gr10:abcdabcd |gr11:cdeabcde |
gr12:00000000 |gr13:00000000 |gr14:00000000 |gr15:40011000 |
gr16:00000003 |gr17:00000010 |gr18:00000000 |gr19:00000000 |
gr20:00000000 |gr21:00000000 |gr22:00000000 |gr23:00000000 |
gr24:00000000 |gr25:00000000 |gr26:00000000 |gr27:00000000 |
gr28:00000000 |gr29:00000000 |gr30:00000000 |gr31:00000000 |

PC : 00001318 |MCAUSE: 08000000
gr 0:00000005 |gr 1:00001310 |gr 2:00000000 |gr 3:ffffffff |
gr 4:80000000 |gr 5:0000000d |gr 6:80000000 |gr 7:80000000 |
gr 8:0000000d |gr 9:00000002 |gr10:abcdabcd |gr11:cdeabcde |
gr12:00000000 |gr13:00000000 |gr14:00000000 |gr15:40011000 |
gr16:00000003 |gr17:00000010 |gr18:00000000 |gr19:00000000 |
gr20:00000000 |gr21:00000000 |gr22:00000000 |gr23:00000000 |
gr24:00000000 |gr25:00000000 |gr26:00000000 |gr27:00000000 |
gr28:00000000 |gr29:00000000 |gr30:00000000 |gr31:00000000 |

PC : 0000131c |MCAUSE: 08000000
gr 0:00000005 |gr 1:00001310 |gr 2:00000000 |gr 3:ffffffff |
gr 4:80000000 |gr 5:0000000d |gr 6:80000000 |gr 7:80000000 |
gr 8:0000000d |gr 9:00000002 |gr10:abcdabcd |gr11:cdeabcde |
gr12:00000000 |gr13:00000000 |gr14:00000000 |gr15:40011000 |
gr16:00000003 |gr17:00000010 |gr18:00000000 |gr19:00000000 |
gr20:00000000 |gr21:00000000 |gr22:00000000 |gr23:00000000 |
gr24:00000000 |gr25:00000000 |gr26:00000000 |gr27:00000000 |
gr28:00000000 |gr29:00000000 |gr30:00000000 |gr31:00000000 |

PC : 00001324 |MCAUSE: 08000000
gr 0:00000005 |gr 1:00001310 |gr 2:00000000 |gr 3:ffffffff |
gr 4:80000000 |gr 5:0000000d |gr 6:80000000 |gr 7:80000000 |
gr 8:0000000d |gr 9:00000002 |gr10:abcdabcd |gr11:cdeabcde |
gr12:00000000 |gr13:00000000 |gr14:00000000 |gr15:40011000 |
gr16:00000003 |gr17:00000010 |gr18:00000000 |gr19:00000000 |
gr20:00000000 |gr21:00000000 |gr22:00000000 |gr23:00000000 |
gr24:00000000 |gr25:00000000 |gr26:00000000 |gr27:00000000 |
gr28:00000000 |gr29:00000000 |gr30:00000000 |gr31:00000000 |

PC : 00001330 |MCAUSE: 08000000
gr 0:00000005 |gr 1:00001310 |gr 2:00000000 |gr 3:ffffffff |
gr 4:80000000 |gr 5:0000000d |gr 6:80000000 |gr 7:80000000 |
gr 8:0000000d |gr 9:00000002 |gr10:abcdabcd |gr11:cdeabcde |
gr12:00000000 |gr13:00000000 |gr14:00000000 |gr15:40011000 |
gr16:00000003 |gr17:00000010 |gr18:00000000 |gr19:00000000 |
gr20:00000000 |gr21:00000000 |gr22:00000000 |gr23:00000000 |
gr24:00000000 |gr25:00000000 |gr26:00000000 |gr27:00000000 |
gr28:00000000 |gr29:00000000 |gr30:00000000 |gr31:00000000 |

PC : 00001338 |MCAUSE: 08000000
gr 0:00000005 |gr 1:00001310 |gr 2:00000000 |gr 3:ffffffff |
gr 4:80000000 |gr 5:0000000d |gr 6:80000000 |gr 7:80000000 |
gr 8:0000000d |gr 9:00000002 |gr10:abcdabcd |gr11:cdeabcde |
gr12:00000000 |gr13:00000000 |gr14:00000000 |gr15:40011000 |
gr16:00000003 |gr17:00000010 |gr18:00000000 |gr19:00000000 |
gr20:00000000 |gr21:00000000 |gr22:00000000 |gr23:00000000 |
gr24:00000000 |gr25:00000000 |gr26:00000000 |gr27:00000000 |
gr28:00000000 |gr29:00000000 |gr30:00000000 |gr31:00000000 |

PC : 00001344 |MCAUSE: 08000000
gr 0:00000005 |gr 1:00001310 |gr 2:00000000 |gr 3:ffffffff |
gr 4:80000000 |gr 5:0000000d |gr 6:80000000 |gr 7:80000000 |
gr 8:0000000d |gr 9:00000002 |gr10:abcdabcd |gr11:cdeabcde |
gr12:00000000 |gr13:00000000 |gr14:00000000 |gr15:40011000 |
gr16:00000003 |gr17:00000010 |gr18:00000000 |gr19:00000000 |
gr20:00000000 |gr21:00000000 |gr22:00000000 |gr23:00000000 |
gr24:00000000 |gr25:00000000 |gr26:00000000 |gr27:00000000 |
gr28:00000000 |gr29:00000000 |gr30:00000000 |gr31:00000000 |

PC : 0000134c |MCAUSE: 08000000
gr 0:00000005 |gr 1:00001310 |gr 2:00000000 |gr 3:ffffffff |
gr 4:80000000 |gr 5:0000000d |gr 6:80000000 |gr 7:80000000 |
gr 8:0000000d |gr 9:00000002 |gr10:abcdabcd |gr11:cdeabcde |
gr12:00000000 |gr13:00000000 |gr14:00000000 |gr15:40011000 |
gr16:00000003 |gr17:00000010 |gr18:00000000 |gr19:00000000 |
gr20:00000000 |gr21:00000000 |gr22:00000000 |gr23:00000000 |
gr24:00000000 |gr25:00000000 |gr26:00000000 |gr27:00000000 |
gr28:00000000 |gr29:00000000 |gr30:00000000 |gr31:00000000 |

PC : 00001354 |MCAUSE: 08000000
gr 0:00000005 |gr 1:00001310 |gr 2:00000000 |gr 3:ffffffff |
gr 4:80000000 |gr 5:0000000d |gr 6:80000000 |gr 7:80000000 |
gr 8:0000000d |gr 9:00000002 |gr10:abcdabcd |gr11:cdeabcde |
gr12:00000000 |gr13:00000000 |gr14:00000000 |gr15:40011000 |
gr16:00000003 |gr17:00000010 |gr18:00000000 |gr19:00000000 |
gr20:00000000 |gr21:00000000 |gr22:00000000 |gr23:00000000 |
gr24:00000000 |gr25:00000000 |gr26:00000000 |gr27:00000000 |
gr28:00000000 |gr29:00000000 |gr30:00000000 |gr31:00000000 |

PC : 00001360 |MCAUSE: 08000000
gr 0:00000005 |gr 1:00001310 |gr 2:00000000 |gr 3:ffffffff |
gr 4:80000000 |gr 5:0000000d |gr 6:80000000 |gr 7:80000000 |
gr 8:0000000d |gr 9:00000002 |gr10:abcdabcd |gr11:cdeabcde |
gr12:00000000 |gr13:00000000 |gr14:00000000 |gr15:40011000 |
gr16:00000003 |gr17:00000010 |gr18:00000000 |gr19:00000000 |
gr20:00000000 |gr21:00000000 |gr22:00000000 |gr23:00000000 |
gr24:00000000 |gr25:00000000 |gr26:00000000 |gr27:00000000 |
gr28:00000000 |gr29:00000000 |gr30:00000000 |gr31:00000000 |

PC : 00001368 |MCAUSE: 08000000
gr 0:00000005 |gr 1:00001310 |gr 2:00000000 |gr 3:ffffffff |
gr 4:80000000 |gr 5:0000000d |gr 6:80000000 |gr 7:80000000 |
gr 8:0000000d |gr 9:00000002 |gr10:abcdabcd |gr11:cdeabcde |
gr12:00000000 |gr13:00000000 |gr14:00000000 |gr15:40011000 |
gr16:00000003 |gr17:00000010 |gr18:00000000 |gr19:00000000 |
gr20:00000000 |gr21:00000000 |gr22:00000000 |gr23:00000000 |
gr24:00000000 |gr25:00000000 |gr26:00000000 |gr27:00000000 |
gr28:00000000 |gr29:00000000 |gr30:00000000 |gr31:00000000 |

PC : 00001374 |MCAUSE: 08000000
gr 0:00000005 |gr 1:00001310 |gr 2:00000000 |gr 3:ffffffff |
gr 4:80000000 |gr 5:0000000d |gr 6:80000000 |gr 7:80000000 |
gr 8:0000000d |gr 9:00000002 |gr10:abcdabcd |gr11:cdeabcde |
gr12:00000000 |gr13:00000000 |gr14:00000000 |gr15:40011000 |
gr16:00000003 |gr17:00000010 |gr18:00000000 |gr19:00000000 |
gr20:00000000 |gr21:00000000 |gr22:00000000 |gr23:00000000 |
gr24:00000000 |gr25:00000000 |gr26:00000000 |gr27:00000000 |
gr28:00000000 |gr29:00000000 |gr30:00000000 |gr31:00000000 |

PC : 00001380 |MCAUSE: 08000000
gr 0:00000005 |gr 1:00001310 |gr 2:00000000 |gr 3:ffffffff |
gr 4:80000000 |gr 5:0000000d |gr 6:80000000 |gr 7:80000000 |
gr 8:0000000d |gr 9:00000002 |gr10:abcdabcd |gr11:cdeabcde |
gr12:00000000 |gr13:00000000 |gr14:00000000 |gr15:40011000 |
gr16:00000003 |gr17:00000010 |gr18:00000000 |gr19:00000000 |
gr20:00000000 |gr21:00000000 |gr22:00000000 |gr23:00000000 |
gr24:00000000 |gr25:00000000 |gr26:00000000 |gr27:00000000 |
gr28:00000000 |gr29:00000000 |gr30:00000000 |gr31:00000000 |

PC : 00001388 |MCAUSE: 08000000
gr 0:00000005 |gr 1:00001310 |gr 2:00000000 |gr 3:ffffffff |
gr 4:80000000 |gr 5:0000000d |gr 6:80000000 |gr 7:80000000 |
gr 8:0000000d |gr 9:00000002 |gr10:abcdabcd |gr11:cdeabcde |
gr12:00000000 |gr13:00000000 |gr14:00000000 |gr15:40011000 |
gr16:00000003 |gr17:00000010 |gr18:00000000 |gr19:00000000 |
gr20:00000000 |gr21:00000000 |gr22:00000000 |gr23:00000000 |
gr24:00000000 |gr25:00000000 |gr26:00000000 |gr27:00000000 |
gr28:00000000 |gr29:00000000 |gr30:00000000 |gr31:00000000 |

PC : 00001394 |MCAUSE: 08000000
gr 0:00000005 |gr 1:00001310 |gr 2:00000000 |gr 3:ffffffff |
gr 4:80000000 |gr 5:0000000d |gr 6:80000000 |gr 7:80000000 |
gr 8:0000000d |gr 9:00000002 |gr10:abcdabcd |gr11:cdeabcde |
gr12:00000000 |gr13:00000000 |gr14:00000000 |gr15:40011000 |
gr16:00000003 |gr17:00000010 |gr18:00000000 |gr19:00000000 |
gr20:00000000 |gr21:00000000 |gr22:00000000 |gr23:00000000 |
gr24:00000000 |gr25:00000000 |gr26:00000000 |gr27:00000000 |
gr28:00000000 |gr29:00000000 |gr30:00000000 |gr31:00000000 |

PC : 000013a0 |MCAUSE: 08000000
gr 0:00000005 |gr 1:00001310 |gr 2:00000000 |gr 3:ffffffff |
gr 4:80000000 |gr 5:0000000d |gr 6:80000000 |gr 7:80000000 |
gr 8:0000000d |gr 9:00000002 |gr10:abcdabcd |gr11:cdeabcde |
gr12:00000000 |gr13:00000000 |gr14:00000000 |gr15:40011000 |
gr16:00000003 |gr17:00000010 |gr18:00000000 |gr19:00000000 |
gr20:00000000 |gr21:00000000 |gr22:00000000 |gr23:00000000 |
gr24:00000000 |gr25:00000000 |gr26:00000000 |gr27:00000000 |
gr28:00000000 |gr29:00000000 |gr30:00000000 |gr31:00000000 |

PC : 000013a8 |MCAUSE: 08000000
gr 0:00000005 |gr 1:00001310 |gr 2:00000000 |gr 3:ffffffff |
gr 4:80000000 |gr 5:0000000d |gr 6:80000000 |gr 7:80000000 |
gr 8:0000000d |gr 9:00000002 |gr10:abcdabcd |gr11:cdeabcde |
gr12:00000000 |gr13:00000000 |gr14:00000000 |gr15:40011000 |
gr16:00000003 |gr17:00000010 |gr18:00000000 |gr19:00000000 |
gr20:00000000 |gr21:00000000 |gr22:00000000 |gr23:00000000 |
gr24:00000000 |gr25:00000000 |gr26:00000000 |gr27:00000000 |
gr28:00000000 |gr29:00000000 |gr30:00000000 |gr31:00000000 |

PC : 000013b0 |MCAUSE: 08000000
gr 0:00000005 |gr 1:00001310 |gr 2:00000000 |gr 3:ffffffff |
gr 4:80000000 |gr 5:0000000d |gr 6:80000000 |gr 7:80000000 |
gr 8:0000000d |gr 9:00000002 |gr10:abcdabcd |gr11:cdeabcde |
gr12:00000000 |gr13:00000000 |gr14:00000000 |gr15:40011000 |
gr16:00000003 |gr17:00000010 |gr18:00000000 |gr19:00000000 |
gr20:00000000 |gr21:00000000 |gr22:00000000 |gr23:00000000 |
gr24:00000000 |gr25:00000000 |gr26:00000000 |gr27:00000000 |
gr28:00000000 |gr29:00000000 |gr30:00000000 |gr31:00000000 |

PC : 000013bc |MCAUSE: 08000000
gr 0:00000005 |gr 1:000013c0 |gr 2:00000000 |gr 3:ffffffff |
gr 4:80000000 |gr 5:0000000d |gr 6:80000000 |gr 7:80000000 |
gr 8:0000000d |gr 9:00000002 |gr10:abcdabcd |gr11:cdeabcde |
gr12:00000000 |gr13:00000000 |gr14:00000000 |gr15:40011000 |
gr16:00000003 |gr17:00000010 |gr18:00000000 |gr19:00000000 |
gr20:00000000 |gr21:00000000 |gr22:00000000 |gr23:00000000 |
gr24:00000000 |gr25:00000000 |gr26:00000000 |gr27:00000000 |
gr28:00000000 |gr29:00000000 |gr30:00000000 |gr31:00000000 |

PC : 00001310 |MCAUSE: 08000000
gr 0:00001314 |gr 1:000013c0 |gr 2:00000000 |gr 3:ffffffff |
gr 4:80000000 |gr 5:0000000d |gr 6:80000000 |gr 7:80000000 |
gr 8:0000000d |gr 9:00000002 |gr10:abcdabcd |gr11:cdeabcde |
gr12:00000000 |gr13:00000000 |gr14:00000000 |gr15:40011000 |
gr16:00000003 |gr17:00000010 |gr18:00000000 |gr19:00000000 |
gr20:00000000 |gr21:00000000 |gr22:00000000 |gr23:00000000 |
gr24:00000000 |gr25:00000000 |gr26:00000000 |gr27:00000000 |
gr28:00000000 |gr29:00000000 |gr30:00000000 |gr31:00000000 |

PC : 000013c4 |MCAUSE: 08000000
gr 0:000013c8 |gr 1:000013c0 |gr 2:00000000 |gr 3:ffffffff |
gr 4:80000000 |gr 5:0000000d |gr 6:80000000 |gr 7:80000000 |
gr 8:0000000d |gr 9:00000002 |gr10:abcdabcd |gr11:cdeabcde |
gr12:00000000 |gr13:00000000 |gr14:00000000 |gr15:40011000 |
gr16:00000003 |gr17:00000010 |gr18:00000000 |gr19:00000000 |
gr20:00000000 |gr21:00000000 |gr22:00000000 |gr23:00000000 |
gr24:00000000 |gr25:00000000 |gr26:00000000 |gr27:00000000 |
gr28:00000000 |gr29:00000000 |gr30:00000000 |gr31:00000000 |

PC : 000013c0 |MCAUSE: 08000000
gr 0:000013c4 |gr 1:000013c0 |gr 2:00000000 |gr 3:ffffffff |
gr 4:80000000 |gr 5:0000000d |gr 6:80000000 |gr 7:80000000 |
gr 8:0000000d |gr 9:00000002 |gr10:abcdabcd |gr11:cdeabcde |
gr12:00000000 |gr13:00000000 |gr14:00000000 |gr15:40011000 |
gr16:00000003 |gr17:00000010 |gr18:00000000 |gr19:00000000 |
gr20:00000000 |gr21:00000000 |gr22:00000000 |gr23:00000000 |
gr24:00000000 |gr25:00000000 |gr26:00000000 |gr27:00000000 |
gr28:00000000 |gr29:00000000 |gr30:00000000 |gr31:00000000 |

PC : 000013c8 |MCAUSE: 08000000
gr 0:00000000 |gr 1:000013c0 |gr 2:00000000 |gr 3:ffffffff |
gr 4:80000000 |gr 5:0000000d |gr 6:80000000 |gr 7:80000000 |
gr 8:0000000d |gr 9:00000002 |gr10:abcdabcd |gr11:cdeabcde |
gr12:00000000 |gr13:00000000 |gr14:00000000 |gr15:40011000 |
gr16:00000003 |gr17:00000010 |gr18:00000000 |gr19:00000000 |
gr20:00000000 |gr21:00000000 |gr22:00000000 |gr23:00000000 |
gr24:00000000 |gr25:00000000 |gr26:00000000 |gr27:00000000 |
gr28:00000000 |gr29:00000000 |gr30:00000000 |gr31:00000000 |

PC : 000013ca |MCAUSE: 08000000
gr 0:00000000 |gr 1:000013c0 |gr 2:000013ce |gr 3:ffffffff |
gr 4:80000000 |gr 5:0000000d |gr 6:80000000 |gr 7:80000000 |
gr 8:0000000d |gr 9:00000002 |gr10:abcdabcd |gr11:cdeabcde |
gr12:00000000 |gr13:00000000 |gr14:00000000 |gr15:40011000 |
gr16:00000003 |gr17:00000010 |gr18:00000000 |gr19:00000000 |
gr20:00000000 |gr21:00000000 |gr22:00000000 |gr23:00000000 |
gr24:00000000 |gr25:00000000 |gr26:00000000 |gr27:00000000 |
gr28:00000000 |gr29:00000000 |gr30:00000000 |gr31:00000000 |

PC : 000013d0 |MCAUSE: 08000000
gr 0:00000000 |gr 1:000013c0 |gr 2:000013ce |gr 3:ffffffff |
gr 4:80000000 |gr 5:0000000d |gr 6:80000000 |gr 7:80000000 |
gr 8:0000000d |gr 9:00000002 |gr10:abcdabcd |gr11:cdeabcde |
gr12:00000000 |gr13:00000000 |gr14:00000000 |gr15:40011000 |
gr16:00000003 |gr17:00000010 |gr18:00000000 |gr19:00000000 |
gr20:00000000 |gr21:00000000 |gr22:00000000 |gr23:00000000 |
gr24:00000000 |gr25:00000000 |gr26:00000000 |gr27:00000000 |
gr28:00000000 |gr29:00000000 |gr30:00000000 |gr31:00000000 |

PC : 000013da |MCAUSE: 08000000
gr 0:00000000 |gr 1:000013c0 |gr 2:000013ce |gr 3:ffffffff |
gr 4:80000000 |gr 5:0000000d |gr 6:80000000 |gr 7:80000000 |
gr 8:0000000d |gr 9:00000002 |gr10:80000000 |gr11:cdeabcde |
gr12:00000000 |gr13:00000000 |gr14:00000000 |gr15:40011000 |
gr16:00000003 |gr17:00000010 |gr18:00000000 |gr19:00000000 |
gr20:00000000 |gr21:00000000 |gr22:00000000 |gr23:00000000 |
gr24:00000000 |gr25:00000000 |gr26:00000000 |gr27:00000000 |
gr28:00000000 |gr29:00000000 |gr30:00000000 |gr31:00000000 |

PC : 000013de |MCAUSE: 08000000
gr 0:00000000 |gr 1:000013c0 |gr 2:000013ce |gr 3:ffffffff |
gr 4:80000000 |gr 5:0000000d |gr 6:80000000 |gr 7:80000000 |
gr 8:0000000d |gr 9:00000000 |gr10:80000000 |gr11:cdeabcde |
gr12:00000000 |gr13:00000000 |gr14:00000000 |gr15:40011000 |
gr16:00000003 |gr17:00000010 |gr18:00000000 |gr19:00000000 |
gr20:00000000 |gr21:00000000 |gr22:00000000 |gr23:00000000 |
gr24:00000000 |gr25:00000000 |gr26:00000000 |gr27:00000000 |
gr28:00000000 |gr29:00000000 |gr30:00000000 |gr31:00000000 |

PC : 000013e0 |MCAUSE: 08000000
gr 0:00000000 |gr 1:000013c0 |gr 2:000013ce |gr 3:ffffffff |
gr 4:80000000 |gr 5:0000000d |gr 6:80000000 |gr 7:80000000 |
gr 8:ffffffff |gr 9:00000000 |gr10:80000000 |gr11:cdeabcde |
gr12:00000000 |gr13:00000000 |gr14:00000000 |gr15:40011000 |
gr16:00000003 |gr17:00000010 |gr18:00000000 |gr19:00000000 |
gr20:00000000 |gr21:00000000 |gr22:00000000 |gr23:00000000 |
gr24:00000000 |gr25:00000000 |gr26:00000000 |gr27:00000000 |
gr28:00000000 |gr29:00000000 |gr30:00000000 |gr31:00000000 |

PC : 000013e4 |MCAUSE: 08000000
gr 0:00000000 |gr 1:000013c0 |gr 2:000013ce |gr 3:ffffffff |
gr 4:80000000 |gr 5:0000000d |gr 6:80000000 |gr 7:80000000 |
gr 8:ffffffff |gr 9:00000000 |gr10:80000000 |gr11:cdeabcde |
gr12:00000000 |gr13:00000000 |gr14:00000000 |gr15:40011000 |
gr16:00000003 |gr17:00000010 |gr18:00000000 |gr19:00000000 |
gr20:00000000 |gr21:00000000 |gr22:00000000 |gr23:00000000 |
gr24:00000000 |gr25:00000000 |gr26:00000000 |gr27:00000000 |
gr28:00000000 |gr29:00000000 |gr30:00000000 |gr31:00000000 |

PC : 000013e6 |MCAUSE: 08000000
gr 0:00000000 |gr 1:000013c0 |gr 2:000013ce |gr 3:ffffffff |
gr 4:80000000 |gr 5:0000000d |gr 6:80000000 |gr 7:80000000 |
gr 8:ffffffff |gr 9:00000000 |gr10:80000000 |gr11:cdeabcde |
gr12:00000000 |gr13:00000000 |gr14:00000000 |gr15:40011000 |
gr16:00000003 |gr17:00000010 |gr18:00000000 |gr19:00000000 |
gr20:00000000 |gr21:00000000 |gr22:00000000 |gr23:00000000 |
gr24:00000000 |gr25:00000000 |gr26:00000000 |gr27:00000000 |
gr28:00000000 |gr29:00000000 |gr30:00000000 |gr31:00000000 |

PC : 000013ea |MCAUSE: 08000000
gr 0:00000000 |gr 1:000013c0 |gr 2:000013ce |gr 3:ffffffff |
gr 4:80000000 |gr 5:0000000d |gr 6:80000000 |gr 7:80000000 |
gr 8:ffffffff |gr 9:00000000 |gr10:80000000 |gr11:cdeabcde |
gr12:00000000 |gr13:00000000 |gr14:00000000 |gr15:40011000 |
gr16:00000003 |gr17:00000010 |gr18:00000000 |gr19:00000000 |
gr20:00000000 |gr21:00000000 |gr22:00000000 |gr23:00000000 |
gr24:00000000 |gr25:00000000 |gr26:00000000 |gr27:00000000 |
gr28:00000000 |gr29:00000000 |gr30:00000000 |gr31:00000000 |

PC : 000013f6 |MCAUSE: 08000000
gr 0:00000000 |gr 1:000013c0 |gr 2:000013ce |gr 3:ffffffff |
gr 4:80000000 |gr 5:0000000d |gr 6:80000000 |gr 7:80000000 |
gr 8:ffffffff |gr 9:00000000 |gr10:80000000 |gr11:cdeabcde |
gr12:00000000 |gr13:00000000 |gr14:00000000 |gr15:40011000 |
gr16:00000003 |gr17:00000010 |gr18:00000000 |gr19:00000000 |
gr20:00000000 |gr21:00000000 |gr22:00000000 |gr23:00000000 |
gr24:00000000 |gr25:00000000 |gr26:00000000 |gr27:00000000 |
gr28:00000000 |gr29:00000000 |gr30:00000000 |gr31:00000000 |

PC : 000013fa |MCAUSE: 08000000
gr 0:00000000 |gr 1:000013c0 |gr 2:000013ce |gr 3:ffffffff |
gr 4:80000000 |gr 5:0000000d |gr 6:80000000 |gr 7:80000000 |
gr 8:ffffffff |gr 9:00000000 |gr10:80000000 |gr11:cdeabcde |
gr12:00000000 |gr13:00000000 |gr14:00000000 |gr15:40011000 |
gr16:00000003 |gr17:00000010 |gr18:00000000 |gr19:00000000 |
gr20:00000000 |gr21:00000000 |gr22:00000000 |gr23:00000000 |
gr24:00000000 |gr25:00000000 |gr26:00000000 |gr27:00000000 |
gr28:00000000 |gr29:00000000 |gr30:00000000 |gr31:00000000 |

PC : 000013fe |MCAUSE: 08000000
gr 0:00000000 |gr 1:00001400 |gr 2:000013ce |gr 3:ffffffff |
gr 4:80000000 |gr 5:0000000d |gr 6:80000000 |gr 7:80000000 |
gr 8:ffffffff |gr 9:00000000 |gr10:80000000 |gr11:cdeabcde |
gr12:00000000 |gr13:00000000 |gr14:00000000 |gr15:40011000 |
gr16:00000003 |gr17:00000010 |gr18:00000000 |gr19:00000000 |
gr20:00000000 |gr21:00000000 |gr22:00000000 |gr23:00000000 |
gr24:00000000 |gr25:00000000 |gr26:00000000 |gr27:00000000 |
gr28:00000000 |gr29:00000000 |gr30:00000000 |gr31:00000000 |

PC : 000013ce |MCAUSE: 08000000
gr 0:00000000 |gr 1:00001400 |gr 2:000013ce |gr 3:ffffffff |
gr 4:80000000 |gr 5:0000000d |gr 6:80000000 |gr 7:80000000 |
gr 8:ffffffff |gr 9:00000000 |gr10:80000000 |gr11:cdeabcde |
gr12:00000000 |gr13:00000000 |gr14:00000000 |gr15:40011000 |
gr16:00000003 |gr17:00000010 |gr18:00000000 |gr19:00000000 |
gr20:00000000 |gr21:00000000 |gr22:00000000 |gr23:00000000 |
gr24:00000000 |gr25:00000000 |gr26:00000000 |gr27:00000000 |
gr28:00000000 |gr29:00000000 |gr30:00000000 |gr31:00000000 |

PC : 00001400 |MCAUSE: 08000000
gr 0:00000000 |gr 1:00001404 |gr 2:000013ce |gr 3:ffffffff |
gr 4:80000000 |gr 5:0000000d |gr 6:80000000 |gr 7:80000000 |
gr 8:ffffffff |gr 9:00000000 |gr10:80000000 |gr11:cdeabcde |
gr12:00000000 |gr13:00000000 |gr14:00000000 |gr15:40011000 |
gr16:00000003 |gr17:00000010 |gr18:00000000 |gr19:00000000 |
gr20:00000000 |gr21:00000000 |gr22:00000000 |gr23:00000000 |
gr24:00000000 |gr25:00000000 |gr26:00000000 |gr27:00000000 |
gr28:00000000 |gr29:00000000 |gr30:00000000 |gr31:00000000 |

PC : 00001410 |MCAUSE: 08000000
gr 0:00000000 |gr 1:00001404 |gr 2:000013ce |gr 3:ffffffff |
gr 4:80000000 |gr 5:0000000d |gr 6:80000000 |gr 7:80000000 |
gr 8:ffffffff |gr 9:00000000 |gr10:80000000 |gr11:cdeabcde |
gr12:00000000 |gr13:00000000 |gr14:00000000 |gr15:00001410 |
gr16:00000003 |gr17:00000010 |gr18:00000000 |gr19:00000000 |
gr20:00000000 |gr21:00000000 |gr22:00000000 |gr23:00000000 |
gr24:00000000 |gr25:00000000 |gr26:00000000 |gr27:00000000 |
gr28:00000000 |gr29:00000000 |gr30:00000000 |gr31:00000000 |

PC : 00001414 |MCAUSE: 08000000
gr 0:00000000 |gr 1:00001404 |gr 2:000013ce |gr 3:ffffffff |
gr 4:80000000 |gr 5:0000000d |gr 6:80000000 |gr 7:80000000 |
gr 8:ffffffff |gr 9:00000000 |gr10:80000000 |gr11:cdeabcde |
gr12:00000000 |gr13:00000000 |gr14:00000000 |gr15:0000141a |
gr16:00000003 |gr17:00000010 |gr18:00000000 |gr19:00000000 |
gr20:00000000 |gr21:00000000 |gr22:00000000 |gr23:00000000 |
gr24:00000000 |gr25:00000000 |gr26:00000000 |gr27:00000000 |
gr28:00000000 |gr29:00000000 |gr30:00000000 |gr31:00000000 |

PC : 00001418 |MCAUSE: 08000000
gr 0:00000000 |gr 1:0000141a |gr 2:000013ce |gr 3:ffffffff |
gr 4:80000000 |gr 5:0000000d |gr 6:80000000 |gr 7:80000000 |
gr 8:ffffffff |gr 9:00000000 |gr10:80000000 |gr11:cdeabcde |
gr12:00000000 |gr13:00000000 |gr14:00000000 |gr15:0000141a |
gr16:00000003 |gr17:00000010 |gr18:00000000 |gr19:00000000 |
gr20:00000000 |gr21:00000000 |gr22:00000000 |gr23:00000000 |
gr24:00000000 |gr25:00000000 |gr26:00000000 |gr27:00000000 |
gr28:00000000 |gr29:00000000 |gr30:00000000 |gr31:00000000 |

PC : 0000141a |MCAUSE: 08000000
gr 0:00000000 |gr 1:0000141a |gr 2:000013ce |gr 3:ffffffff |
gr 4:80000000 |gr 5:0000000d |gr 6:80000000 |gr 7:80000000 |
gr 8:ffffffff |gr 9:00000000 |gr10:80000000 |gr11:cdeabcde |
gr12:00000000 |gr13:00000000 |gr14:00000000 |gr15:0000141a |
gr16:00000003 |gr17:00000010 |gr18:00000000 |gr19:00000000 |
gr20:00000000 |gr21:00000000 |gr22:00000000 |gr23:00000000 |
gr24:00000000 |gr25:00000000 |gr26:00000000 |gr27:00000000 |
gr28:00000000 |gr29:00000000 |gr30:00000000 |gr31:00000000 |

PC : 00001422 |MCAUSE: 08000000
gr 0:00000000 |gr 1:0000141a |gr 2:000013ce |gr 3:ffffffff |
gr 4:80000000 |gr 5:0000000d |gr 6:80000000 |gr 7:80000000 |
gr 8:ffffffff |gr 9:00000000 |gr10:80000000 |gr11:cdeabcde |
gr12:00000000 |gr13:00000000 |gr14:00000000 |gr15:0000141a |
gr16:00000003 |gr17:00000010 |gr18:00000000 |gr19:00000000 |
gr20:00000000 |gr21:00000000 |gr22:00000000 |gr23:00000000 |
gr24:00000000 |gr25:00000000 |gr26:00000000 |gr27:00000000 |
gr28:00000000 |gr29:00000000 |gr30:00000000 |gr31:00000000 |

PC : 00001426 |MCAUSE: 08000000
gr 0:00000000 |gr 1:0000141a |gr 2:000013ce |gr 3:ffffffff |
gr 4:80000000 |gr 5:0000000d |gr 6:80000000 |gr 7:80000000 |
gr 8:ffffffff |gr 9:00000000 |gr10:80000000 |gr11:cdeabcde |
gr12:00000000 |gr13:00000000 |gr14:00000000 |gr15:0000141a |
gr16:00000003 |gr17:00000010 |gr18:00000000 |gr19:00000000 |
gr20:00000000 |gr21:00000000 |gr22:00000000 |gr23:00000000 |
gr24:00000000 |gr25:00000000 |gr26:00000000 |gr27:00000000 |
gr28:00000000 |gr29:00000000 |gr30:00000000 |gr31:00000000 |

PC : 0000142a |MCAUSE: 08000000
gr 0:00000000 |gr 1:0000141a |gr 2:000013ce |gr 3:ffffffff |
gr 4:0000a000 |gr 5:0000000d |gr 6:80000000 |gr 7:80000000 |
gr 8:ffffffff |gr 9:00000000 |gr10:80000000 |gr11:cdeabcde |
gr12:00000000 |gr13:00000000 |gr14:00000000 |gr15:0000141a |
gr16:00000003 |gr17:00000010 |gr18:00000000 |gr19:00000000 |
gr20:00000000 |gr21:00000000 |gr22:00000000 |gr23:00000000 |
gr24:00000000 |gr25:00000000 |gr26:00000000 |gr27:00000000 |
gr28:00000000 |gr29:00000000 |gr30:00000000 |gr31:00000000 |

PC : 0000142e |MCAUSE: 08000000
gr 0:00000000 |gr 1:0000141a |gr 2:000013ce |gr 3:ffffffff |
gr 4:0000a000 |gr 5:0000000d |gr 6:80000000 |gr 7:80000000 |
gr 8:ffffffff |gr 9:00000000 |gr10:80000000 |gr11:cdeabcde |
gr12:00000000 |gr13:00000000 |gr14:00000000 |gr15:0000141a |
gr16:00000003 |gr17:00000010 |gr18:00000000 |gr19:00000000 |
gr20:00000000 |gr21:00000000 |gr22:00000000 |gr23:00000000 |
gr24:00000000 |gr25:00000000 |gr26:00000000 |gr27:00000000 |
gr28:00000000 |gr29:00000000 |gr30:00000000 |gr31:00000000 |

PC : 00001432 |MCAUSE: 08000000
gr 0:00000000 |gr 1:0000141a |gr 2:000013ce |gr 3:ffffffff |
gr 4:0000a000 |gr 5:0000000d |gr 6:80000000 |gr 7:80000000 |
gr 8:ffffffff |gr 9:00000000 |gr10:80000000 |gr11:cdeabcde |
gr12:00000000 |gr13:00000000 |gr14:00000000 |gr15:0000141a |
gr16:00000003 |gr17:00000010 |gr18:00000000 |gr19:00000000 |
gr20:00000000 |gr21:00000000 |gr22:00000000 |gr23:00000000 |
gr24:00000000 |gr25:00000000 |gr26:00000000 |gr27:00000000 |
gr28:00000000 |gr29:00000000 |gr30:00000000 |gr31:00000000 |

PC : 00001436 |MCAUSE: 08000000
gr 0:00000000 |gr 1:0000141a |gr 2:000013ce |gr 3:ffffffff |
gr 4:0000a000 |gr 5:0000000d |gr 6:80000000 |gr 7:80000000 |
gr 8:ffffffff |gr 9:00000000 |gr10:80000000 |gr11:cdeabcde |
gr12:00000000 |gr13:00000000 |gr14:00000000 |gr15:0000141a |
gr16:00000003 |gr17:00000010 |gr18:00000000 |gr19:00000000 |
gr20:00000000 |gr21:00000000 |gr22:00000000 |gr23:00000000 |
gr24:00000000 |gr25:00000000 |gr26:00000000 |gr27:00000000 |
gr28:00000000 |gr29:00000000 |gr30:00000000 |gr31:00000000 |

PC : 0000143a |MCAUSE: 08000000
gr 0:00000000 |gr 1:0000141a |gr 2:000013ce |gr 3:ffffffff |
gr 4:0000a000 |gr 5:0000000d |gr 6:80000000 |gr 7:80000000 |
gr 8:ffffffff |gr 9:00000000 |gr10:80000000 |gr11:cdeabcde |
gr12:00000000 |gr13:00000000 |gr14:00000000 |gr15:0000141a |
gr16:00000003 |gr17:00000010 |gr18:00000000 |gr19:00000000 |
gr20:00000000 |gr21:00000000 |gr22:00000000 |gr23:00000000 |
gr24:00000000 |gr25:00000000 |gr26:00000000 |gr27:00000000 |
gr28:00000000 |gr29:00000000 |gr30:00000000 |gr31:00000000 |

PC : 00001442 |MCAUSE: 08000000
gr 0:00000000 |gr 1:0000141a |gr 2:000013ce |gr 3:ffffffff |
gr 4:0000a000 |gr 5:0000000d |gr 6:ffff8000 |gr 7:80000000 |
gr 8:ffffffff |gr 9:00000000 |gr10:80000000 |gr11:cdeabcde |
gr12:00000000 |gr13:00000000 |gr14:00000000 |gr15:0000141a |
gr16:00000003 |gr17:00000010 |gr18:00000000 |gr19:00000000 |
gr20:00000000 |gr21:00000000 |gr22:00000000 |gr23:00000000 |
gr24:00000000 |gr25:00000000 |gr26:00000000 |gr27:00000000 |
gr28:00000000 |gr29:00000000 |gr30:00000000 |gr31:00000000 |

PC : 00001446 |MCAUSE: 08000000
gr 0:00000000 |gr 1:0000141a |gr 2:000013ce |gr 3:ffffffff |
gr 4:0000a000 |gr 5:0000000d |gr 6:ffff8000 |gr 7:80000000 |
gr 8:00008000 |gr 9:00000000 |gr10:80000000 |gr11:cdeabcde |
gr12:00000000 |gr13:00000000 |gr14:00000000 |gr15:0000141a |
gr16:00000003 |gr17:00000010 |gr18:00000000 |gr19:00000000 |
gr20:00000000 |gr21:00000000 |gr22:00000000 |gr23:00000000 |
gr24:00000000 |gr25:00000000 |gr26:00000000 |gr27:00000000 |
gr28:00000000 |gr29:00000000 |gr30:00000000 |gr31:00000000 |

PC : 0000144a |MCAUSE: 08000000
gr 0:00000000 |gr 1:0000141a |gr 2:000013ce |gr 3:ffffffff |
gr 4:0000a000 |gr 5:0000000d |gr 6:ffff8000 |gr 7:80000000 |
gr 8:00008000 |gr 9:aaaab000 |gr10:80000000 |gr11:cdeabcde |
gr12:00000000 |gr13:00000000 |gr14:00000000 |gr15:0000141a |
gr16:00000003 |gr17:00000010 |gr18:00000000 |gr19:00000000 |
gr20:00000000 |gr21:00000000 |gr22:00000000 |gr23:00000000 |
gr24:00000000 |gr25:00000000 |gr26:00000000 |gr27:00000000 |
gr28:00000000 |gr29:00000000 |gr30:00000000 |gr31:00000000 |

PC : 0000144e |MCAUSE: 08000000
gr 0:00000000 |gr 1:0000141a |gr 2:000013ce |gr 3:ffffffff |
gr 4:0000a000 |gr 5:0000000d |gr 6:ffff8000 |gr 7:80000000 |
gr 8:00008000 |gr 9:aaaaaaaa |gr10:80000000 |gr11:cdeabcde |
gr12:00000000 |gr13:00000000 |gr14:00000000 |gr15:0000141a |
gr16:00000003 |gr17:00000010 |gr18:00000000 |gr19:00000000 |
gr20:00000000 |gr21:00000000 |gr22:00000000 |gr23:00000000 |
gr24:00000000 |gr25:00000000 |gr26:00000000 |gr27:00000000 |
gr28:00000000 |gr29:00000000 |gr30:00000000 |gr31:00000000 |

PC : 00001452 |MCAUSE: 08000000
gr 0:00000000 |gr 1:0000141a |gr 2:000013ce |gr 3:ffffffff |
gr 4:0000a000 |gr 5:0000000d |gr 6:ffff8000 |gr 7:80000000 |
gr 8:00008000 |gr 9:aaaaaaaa |gr10:80000000 |gr11:cdeabcde |
gr12:00000000 |gr13:00000000 |gr14:00000000 |gr15:0000141a |
gr16:00000003 |gr17:00000010 |gr18:00000000 |gr19:00000000 |
gr20:00000000 |gr21:00000000 |gr22:00000000 |gr23:00000000 |
gr24:00000000 |gr25:00000000 |gr26:00000000 |gr27:00000000 |
gr28:00000000 |gr29:00000000 |gr30:00000000 |gr31:aaaa8000 |

PC : 00001456 |MCAUSE: 08000000
gr 0:00000000 |gr 1:0000141a |gr 2:000013ce |gr 3:ffffffff |
gr 4:0000a000 |gr 5:0000000d |gr 6:ffff8000 |gr 7:80000000 |
gr 8:00008000 |gr 9:aaaaaaaa |gr10:80000000 |gr11:cdeabcde |
gr12:00000000 |gr13:00000000 |gr14:00000000 |gr15:0000141a |
gr16:00000003 |gr17:00000010 |gr18:00000000 |gr19:00000000 |
gr20:00000000 |gr21:00000000 |gr22:00000000 |gr23:00000000 |
gr24:00000000 |gr25:00000000 |gr26:00000000 |gr27:00000000 |
gr28:00000000 |gr29:00000000 |gr30:00000000 |gr31:aaaa8000 |

PC : 0000145a |MCAUSE: 08000000
gr 0:00000000 |gr 1:0000141a |gr 2:000013ce |gr 3:ffffffff |
gr 4:0000a000 |gr 5:0000000d |gr 6:ffff8000 |gr 7:80000000 |
gr 8:00008000 |gr 9:aaaaaaaa |gr10:80000000 |gr11:cdeabcde |
gr12:00000000 |gr13:00000000 |gr14:00000000 |gr15:0000141a |
gr16:00000003 |gr17:00000010 |gr18:00000000 |gr19:00000000 |
gr20:00000000 |gr21:00000000 |gr22:00000000 |gr23:00000000 |
gr24:00000000 |gr25:00000000 |gr26:00000000 |gr27:00000000 |
gr28:00000000 |gr29:00000000 |gr30:00000000 |gr31:aaaa8000 |

PC : 0000145e |MCAUSE: 08000000
gr 0:00000000 |gr 1:0000141a |gr 2:000013ce |gr 3:ffffffff |
gr 4:0000a000 |gr 5:0000000d |gr 6:ffff8000 |gr 7:80000000 |
gr 8:00008000 |gr 9:aaaaaaaa |gr10:80000000 |gr11:cdeabcde |
gr12:00000000 |gr13:00000000 |gr14:00000000 |gr15:0000141a |
gr16:00000003 |gr17:00000010 |gr18:00000000 |gr19:00000000 |
gr20:00000000 |gr21:00000000 |gr22:00000000 |gr23:00000000 |
gr24:00000000 |gr25:00000000 |gr26:00000000 |gr27:00000000 |
gr28:00000000 |gr29:00000000 |gr30:00000000 |gr31:aaaa8000 |

PC : 00001462 |MCAUSE: 08000000
gr 0:00000000 |gr 1:0000141a |gr 2:000013ce |gr 3:ffffffff |
gr 4:0000a000 |gr 5:0000000d |gr 6:ffff8000 |gr 7:80000000 |
gr 8:00008000 |gr 9:aaaaaaaa |gr10:80000000 |gr11:cdeabcde |
gr12:00000000 |gr13:00000000 |gr14:00000000 |gr15:0000141a |
gr16:00000003 |gr17:00000010 |gr18:00000000 |gr19:00000000 |
gr20:00000000 |gr21:00000000 |gr22:00000000 |gr23:00000000 |
gr24:00000000 |gr25:00000000 |gr26:00000000 |gr27:00000000 |
gr28:00000000 |gr29:00000000 |gr30:00000000 |gr31:aaaa8000 |

PC : 00001466 |MCAUSE: 08000000
gr 0:00000000 |gr 1:0000141a |gr 2:000013ce |gr 3:ffffffff |
gr 4:0000a000 |gr 5:0000000d |gr 6:ffff8000 |gr 7:80000000 |
gr 8:00008000 |gr 9:aaaaaaaa |gr10:80000000 |gr11:cdeabcde |
gr12:00000000 |gr13:00000000 |gr14:00000000 |gr15:0000141a |
gr16:00000003 |gr17:00000010 |gr18:00000000 |gr19:00000000 |
gr20:00000000 |gr21:00000000 |gr22:00000000 |gr23:00000000 |
gr24:00000000 |gr25:00000000 |gr26:00000000 |gr27:00000000 |
gr28:00000000 |gr29:00000000 |gr30:00000000 |gr31:aaaa8000 |

PC : 0000146a |MCAUSE: 08000000
gr 0:00000000 |gr 1:0000141a |gr 2:000013ce |gr 3:ffffffff |
gr 4:0000a000 |gr 5:0000000d |gr 6:ffff8000 |gr 7:80000000 |
gr 8:00008000 |gr 9:aaaaaaaa |gr10:80000000 |gr11:cdeabcde |
gr12:00000000 |gr13:00000000 |gr14:00000000 |gr15:0000141a |
gr16:00000003 |gr17:00000010 |gr18:00000000 |gr19:00000000 |
gr20:00000000 |gr21:00000000 |gr22:00000000 |gr23:00000000 |
gr24:00000000 |gr25:00000000 |gr26:00000000 |gr27:00000000 |
gr28:00000000 |gr29:00000000 |gr30:00000000 |gr31:aaaa8000 |

PC : 00001472 |MCAUSE: 08000000
gr 0:00000000 |gr 1:0000141a |gr 2:000013ce |gr 3:ffffffff |
gr 4:0000a000 |gr 5:0000000d |gr 6:ffff8000 |gr 7:80000000 |
gr 8:00008000 |gr 9:aaaaaaaa |gr10:80000000 |gr11:cdeabcde |
gr12:00000000 |gr13:00000000 |gr14:00000000 |gr15:0000141a |
gr16:00000003 |gr17:00000010 |gr18:00000000 |gr19:00000000 |
gr20:00000000 |gr21:00000000 |gr22:00000000 |gr23:00000000 |
gr24:00000000 |gr25:00000000 |gr26:00000000 |gr27:00000000 |
gr28:00000000 |gr29:00000000 |gr30:00000000 |gr31:aaaa8000 |

PC : 0000147a |MCAUSE: 08000000
gr 0:00000000 |gr 1:0000141a |gr 2:000013ce |gr 3:ffffffff |
gr 4:0000a000 |gr 5:0000000d |gr 6:ffff8000 |gr 7:80000000 |
gr 8:00008000 |gr 9:aaaaaaaa |gr10:80000000 |gr11:cdeabcde |
gr12:00000000 |gr13:00000000 |gr14:00000000 |gr15:0000141a |
gr16:00000003 |gr17:00000010 |gr18:00000000 |gr19:00000000 |
gr20:00000000 |gr21:00000000 |gr22:00000000 |gr23:00000000 |
gr24:00000000 |gr25:00000000 |gr26:00000000 |gr27:00000000 |
gr28:00000000 |gr29:00000000 |gr30:00000000 |gr31:aaaa8000 |

PC : 00001482 |MCAUSE: 08000000
gr 0:00000000 |gr 1:0000141a |gr 2:000013ce |gr 3:ffffffff |
gr 4:0000a000 |gr 5:0000000d |gr 6:ffff8000 |gr 7:80000000 |
gr 8:00008000 |gr 9:aaaaaaaa |gr10:80000000 |gr11:cdeabcde |
gr12:00000000 |gr13:00000000 |gr14:00000000 |gr15:0000141a |
gr16:00000003 |gr17:00000010 |gr18:00000000 |gr19:00000000 |
gr20:00000000 |gr21:00000000 |gr22:00000000 |gr23:00000000 |
gr24:00000000 |gr25:00000000 |gr26:00000000 |gr27:00000000 |
gr28:00000000 |gr29:00000000 |gr30:00000000 |gr31:aaaa8000 |

PC : 00001486 |MCAUSE: 08000000
gr 0:00000000 |gr 1:0000141a |gr 2:000013ce |gr 3:ffffffff |
gr 4:0000a000 |gr 5:0000000d |gr 6:ffff8000 |gr 7:80000000 |
gr 8:000000ff |gr 9:aaaaaaaa |gr10:80000000 |gr11:cdeabcde |
gr12:00000000 |gr13:00000000 |gr14:00000000 |gr15:0000141a |
gr16:00000003 |gr17:00000010 |gr18:00000000 |gr19:00000000 |
gr20:00000000 |gr21:00000000 |gr22:00000000 |gr23:00000000 |
gr24:00000000 |gr25:00000000 |gr26:00000000 |gr27:00000000 |
gr28:00000000 |gr29:00000000 |gr30:00000000 |gr31:aaaa8000 |

PC : 0000148a |MCAUSE: 08000000
gr 0:00000000 |gr 1:0000141a |gr 2:000013ce |gr 3:ffffffff |
gr 4:0000a000 |gr 5:0000000d |gr 6:ffff8000 |gr 7:80000000 |
gr 8:000000ff |gr 9:aaaab000 |gr10:80000000 |gr11:cdeabcde |
gr12:00000000 |gr13:00000000 |gr14:00000000 |gr15:0000141a |
gr16:00000003 |gr17:00000010 |gr18:00000000 |gr19:00000000 |
gr20:00000000 |gr21:00000000 |gr22:00000000 |gr23:00000000 |
gr24:00000000 |gr25:00000000 |gr26:00000000 |gr27:00000000 |
gr28:00000000 |gr29:00000000 |gr30:00000000 |gr31:aaaa8000 |

PC : 0000148e |MCAUSE: 08000000
gr 0:00000000 |gr 1:0000141a |gr 2:000013ce |gr 3:ffffffff |
gr 4:0000a000 |gr 5:0000000d |gr 6:ffff8000 |gr 7:80000000 |
gr 8:000000ff |gr 9:aaaaaaaa |gr10:80000000 |gr11:cdeabcde |
gr12:00000000 |gr13:00000000 |gr14:00000000 |gr15:0000141a |
gr16:00000003 |gr17:00000010 |gr18:00000000 |gr19:00000000 |
gr20:00000000 |gr21:00000000 |gr22:00000000 |gr23:00000000 |
gr24:00000000 |gr25:00000000 |gr26:00000000 |gr27:00000000 |
gr28:00000000 |gr29:00000000 |gr30:00000000 |gr31:aaaa8000 |

PC : 00001492 |MCAUSE: 08000000
gr 0:00000000 |gr 1:0000141a |gr 2:000013ce |gr 3:ffffffff |
gr 4:0000a000 |gr 5:0000000d |gr 6:ffff8000 |gr 7:80000000 |
gr 8:000000ff |gr 9:aaaaaaaa |gr10:80000000 |gr11:cdeabcde |
gr12:00000000 |gr13:00000000 |gr14:00000000 |gr15:0000141a |
gr16:00000003 |gr17:00000010 |gr18:00000000 |gr19:00000000 |
gr20:00000000 |gr21:00000000 |gr22:00000000 |gr23:00000000 |
gr24:00000000 |gr25:00000000 |gr26:00000000 |gr27:00000000 |
gr28:00000000 |gr29:00000000 |gr30:00000000 |gr31:aaaab000 |

PC : 00001496 |MCAUSE: 08000000
gr 0:00000000 |gr 1:0000141a |gr 2:000013ce |gr 3:ffffffff |
gr 4:0000a000 |gr 5:0000000d |gr 6:ffff8000 |gr 7:80000000 |
gr 8:000000ff |gr 9:aaaaaaaa |gr10:80000000 |gr11:cdeabcde |
gr12:00000000 |gr13:00000000 |gr14:00000000 |gr15:0000141a |
gr16:00000003 |gr17:00000010 |gr18:00000000 |gr19:00000000 |
gr20:00000000 |gr21:00000000 |gr22:00000000 |gr23:00000000 |
gr24:00000000 |gr25:00000000 |gr26:00000000 |gr27:00000000 |
gr28:00000000 |gr29:00000000 |gr30:00000000 |gr31:aaaaaaff |

PC : 0000149a |MCAUSE: 08000000
gr 0:00000000 |gr 1:0000141a |gr 2:000013ce |gr 3:ffffffff |
gr 4:0000a000 |gr 5:0000000d |gr 6:ffff8000 |gr 7:80000000 |
gr 8:000000ff |gr 9:aaaaaaaa |gr10:80000000 |gr11:cdeabcde |
gr12:00000000 |gr13:00000000 |gr14:00000000 |gr15:0000141a |
gr16:00000003 |gr17:00000010 |gr18:00000000 |gr19:00000000 |
gr20:00000000 |gr21:00000000 |gr22:00000000 |gr23:00000000 |
gr24:00000000 |gr25:00000000 |gr26:00000000 |gr27:00000000 |
gr28:00000000 |gr29:00000000 |gr30:00000000 |gr31:aaaaaaff |

PC : 0000149e |MCAUSE: 08000000
gr 0:00000000 |gr 1:0000141a |gr 2:000013ce |gr 3:ffffffff |
gr 4:0000a000 |gr 5:0000000d |gr 6:ffff8000 |gr 7:80000000 |
gr 8:000000ff |gr 9:aaaaaaaa |gr10:80000000 |gr11:cdeabcde |
gr12:00000000 |gr13:00000000 |gr14:00000000 |gr15:0000141a |
gr16:00000003 |gr17:00000010 |gr18:00000000 |gr19:00000000 |
gr20:00000000 |gr21:00000000 |gr22:00000000 |gr23:00000000 |
gr24:00000000 |gr25:00000000 |gr26:00000000 |gr27:00000000 |
gr28:00000000 |gr29:00000000 |gr30:00000000 |gr31:aaaaaaff |

PC : 000014a2 |MCAUSE: 08000000
gr 0:00000000 |gr 1:0000141a |gr 2:000013ce |gr 3:ffffffff |
gr 4:0000a000 |gr 5:0000000d |gr 6:ffff8000 |gr 7:80000000 |
gr 8:000000ff |gr 9:aaaaaaaa |gr10:80000000 |gr11:cdeabcde |
gr12:00000000 |gr13:00000000 |gr14:00000000 |gr15:0000141a |
gr16:00000003 |gr17:00000010 |gr18:00000000 |gr19:00000000 |
gr20:00000000 |gr21:00000000 |gr22:00000000 |gr23:00000000 |
gr24:00000000 |gr25:00000000 |gr26:00000000 |gr27:00000000 |
gr28:00000000 |gr29:00000000 |gr30:00000000 |gr31:aaaaaaff |

PC : 000014a6 |MCAUSE: 08000000
gr 0:00000000 |gr 1:0000141a |gr 2:000013ce |gr 3:ffffffff |
gr 4:0000a000 |gr 5:0000000d |gr 6:ffff8000 |gr 7:80000000 |
gr 8:000000ff |gr 9:aaaaaaaa |gr10:80000000 |gr11:cdeabcde |
gr12:00000000 |gr13:00000000 |gr14:00000000 |gr15:0000141a |
gr16:00000003 |gr17:00000010 |gr18:00000000 |gr19:00000000 |
gr20:00000000 |gr21:00000000 |gr22:00000000 |gr23:00000000 |
gr24:00000000 |gr25:00000000 |gr26:00000000 |gr27:00000000 |
gr28:00000000 |gr29:00000000 |gr30:00000000 |gr31:aaaaaaff |

PC : 000014aa |MCAUSE: 08000000
gr 0:00000000 |gr 1:0000141a |gr 2:000013ce |gr 3:ffffffff |
gr 4:0000a000 |gr 5:0000000d |gr 6:ffff8000 |gr 7:80000000 |
gr 8:000000ff |gr 9:aaaaaaaa |gr10:80000000 |gr11:cdeabcde |
gr12:00000000 |gr13:00000000 |gr14:00000000 |gr15:0000141a |
gr16:00000003 |gr17:00000010 |gr18:00000000 |gr19:00000000 |
gr20:00000000 |gr21:00000000 |gr22:00000000 |gr23:00000000 |
gr24:00000000 |gr25:00000000 |gr26:00000000 |gr27:00000000 |
gr28:00000000 |gr29:00000000 |gr30:00000000 |gr31:aaaaaaff |

PC : 000014ae |MCAUSE: 08000000
gr 0:00000000 |gr 1:0000141a |gr 2:000013ce |gr 3:ffffffff |
gr 4:0000a000 |gr 5:0000000d |gr 6:ffff8000 |gr 7:80000000 |
gr 8:000000ff |gr 9:aaaaaaaa |gr10:80000000 |gr11:cdeabcde |
gr12:00000000 |gr13:00000000 |gr14:00000000 |gr15:0000141a |
gr16:00000003 |gr17:00000010 |gr18:00000000 |gr19:00000000 |
gr20:00000000 |gr21:00000000 |gr22:00000000 |gr23:00000000 |
gr24:00000000 |gr25:00000000 |gr26:00000000 |gr27:00000000 |
gr28:00000000 |gr29:00000000 |gr30:00000000 |gr31:aaaaaaff |

PC : 000014b6 |MCAUSE: 08000000
gr 0:00000000 |gr 1:0000141a |gr 2:000013ce |gr 3:ffffffff |
gr 4:0000a000 |gr 5:0000000d |gr 6:ffff8000 |gr 7:80000000 |
gr 8:000000ff |gr 9:aaaaaaaa |gr10:80000000 |gr11:cdeabcde |
gr12:00000000 |gr13:00000000 |gr14:00000000 |gr15:0000141a |
gr16:00000003 |gr17:00000010 |gr18:00000000 |gr19:00000000 |
gr20:00000000 |gr21:00000000 |gr22:00000000 |gr23:00000000 |
gr24:00000000 |gr25:00000000 |gr26:00000000 |gr27:00000000 |
gr28:00000000 |gr29:00000000 |gr30:00000000 |gr31:aaaaaaff |

PC : 000014be |MCAUSE: 08000000
gr 0:00000000 |gr 1:0000141a |gr 2:000013ce |gr 3:ffffffff |
gr 4:0000a000 |gr 5:0000000d |gr 6:ffff8000 |gr 7:80000000 |
gr 8:000000ff |gr 9:aaaaaaaa |gr10:80000000 |gr11:cdeabcde |
gr12:00000000 |gr13:00000000 |gr14:00000000 |gr15:0000141a |
gr16:00000003 |gr17:00000010 |gr18:00000000 |gr19:00000000 |
gr20:00000000 |gr21:00000000 |gr22:00000000 |gr23:00000000 |
gr24:00000000 |gr25:00000000 |gr26:00000000 |gr27:00000000 |
gr28:00000000 |gr29:00000000 |gr30:00000000 |gr31:aaaaaaff |

PC : 000014c6 |MCAUSE: 08000000
gr 0:00000000 |gr 1:0000141a |gr 2:000013ce |gr 3:ffffffff |
gr 4:0000a000 |gr 5:0000000d |gr 6:ffff8000 |gr 7:80000000 |
gr 8:ffffffff |gr 9:aaaaaaaa |gr10:80000000 |gr11:cdeabcde |
gr12:00000000 |gr13:00000000 |gr14:00000000 |gr15:0000141a |
gr16:00000003 |gr17:00000010 |gr18:00000000 |gr19:00000000 |
gr20:00000000 |gr21:00000000 |gr22:00000000 |gr23:00000000 |
gr24:00000000 |gr25:00000000 |gr26:00000000 |gr27:00000000 |
gr28:00000000 |gr29:00000000 |gr30:00000000 |gr31:aaaaaaff |

PC : 000014ca |MCAUSE: 08000000
gr 0:00000000 |gr 1:0000141a |gr 2:000013ce |gr 3:ffffffff |
gr 4:0000a000 |gr 5:0000000d |gr 6:ffff8000 |gr 7:80000000 |
gr 8:ffffffff |gr 9:aaaab000 |gr10:80000000 |gr11:cdeabcde |
gr12:00000000 |gr13:00000000 |gr14:00000000 |gr15:0000141a |
gr16:00000003 |gr17:00000010 |gr18:00000000 |gr19:00000000 |
gr20:00000000 |gr21:00000000 |gr22:00000000 |gr23:00000000 |
gr24:00000000 |gr25:00000000 |gr26:00000000 |gr27:00000000 |
gr28:00000000 |gr29:00000000 |gr30:00000000 |gr31:aaaaaaff |

PC : 000014ce |MCAUSE: 08000000
gr 0:00000000 |gr 1:0000141a |gr 2:000013ce |gr 3:ffffffff |
gr 4:0000a000 |gr 5:0000000d |gr 6:ffff8000 |gr 7:80000000 |
gr 8:ffffffff |gr 9:aaaaaaaa |gr10:80000000 |gr11:cdeabcde |
gr12:00000000 |gr13:00000000 |gr14:00000000 |gr15:0000141a |
gr16:00000003 |gr17:00000010 |gr18:00000000 |gr19:00000000 |
gr20:00000000 |gr21:00000000 |gr22:00000000 |gr23:00000000 |
gr24:00000000 |gr25:00000000 |gr26:00000000 |gr27:00000000 |
gr28:00000000 |gr29:00000000 |gr30:00000000 |gr31:aaaaaaff |

PC : 000014d2 |MCAUSE: 08000000
gr 0:00000000 |gr 1:0000141a |gr 2:000013ce |gr 3:ffffffff |
gr 4:0000a000 |gr 5:0000000d |gr 6:ffff8000 |gr 7:80000000 |
gr 8:ffffffff |gr 9:aaaaaaaa |gr10:0000b000 |gr11:cdeabcde |
gr12:00000000 |gr13:00000000 |gr14:00000000 |gr15:0000141a |
gr16:00000003 |gr17:00000010 |gr18:00000000 |gr19:00000000 |
gr20:00000000 |gr21:00000000 |gr22:00000000 |gr23:00000000 |
gr24:00000000 |gr25:00000000 |gr26:00000000 |gr27:00000000 |
gr28:00000000 |gr29:00000000 |gr30:00000000 |gr31:aaaaaaff |

PC : 000014d4 |MCAUSE: 08000000
gr 0:00000000 |gr 1:0000141a |gr 2:000013ce |gr 3:ffffffff |
gr 4:0000a000 |gr 5:0000000d |gr 6:ffff8000 |gr 7:80000000 |
gr 8:ffffffff |gr 9:aaaaaaaa |gr10:0000b000 |gr11:cdeabcde |
gr12:00000000 |gr13:00000000 |gr14:00000000 |gr15:0000141a |
gr16:00000003 |gr17:00000010 |gr18:00000000 |gr19:00000000 |
gr20:00000000 |gr21:00000000 |gr22:00000000 |gr23:00000000 |
gr24:00000000 |gr25:00000000 |gr26:00000000 |gr27:00000000 |
gr28:00000000 |gr29:00000000 |gr30:00000000 |gr31:aaaaaaff |

PC : 000014d6 |MCAUSE: 08000000
gr 0:00000000 |gr 1:0000141a |gr 2:000013ce |gr 3:ffffffff |
gr 4:0000a000 |gr 5:0000000d |gr 6:ffff8000 |gr 7:80000000 |
gr 8:ffffffff |gr 9:aaaaaaaa |gr10:0000b000 |gr11:cdeabcde |
gr12:00000000 |gr13:00000000 |gr14:00000000 |gr15:0000141a |
gr16:00000003 |gr17:00000010 |gr18:00000000 |gr19:00000000 |
gr20:00000000 |gr21:00000000 |gr22:00000000 |gr23:00000000 |
gr24:00000000 |gr25:00000000 |gr26:00000000 |gr27:00000000 |
gr28:00000000 |gr29:00000000 |gr30:00000000 |gr31:aaaaaaff |

PC : 000014d8 |MCAUSE: 08000000
gr 0:00000000 |gr 1:0000141a |gr 2:000013ce |gr 3:ffffffff |
gr 4:0000a000 |gr 5:0000000d |gr 6:ffff8000 |gr 7:80000000 |
gr 8:ffffffff |gr 9:aaaaaaaa |gr10:0000b000 |gr11:cdeabcde |
gr12:00000000 |gr13:00000000 |gr14:00000000 |gr15:0000141a |
gr16:00000003 |gr17:00000010 |gr18:00000000 |gr19:00000000 |
gr20:00000000 |gr21:00000000 |gr22:00000000 |gr23:00000000 |
gr24:00000000 |gr25:00000000 |gr26:00000000 |gr27:00000000 |
gr28:00000000 |gr29:00000000 |gr30:00000000 |gr31:aaaaaaff |

PC : 000014e0 |MCAUSE: 08000000
gr 0:00000000 |gr 1:0000141a |gr 2:000013ce |gr 3:ffffffff |
gr 4:0000a000 |gr 5:0000000d |gr 6:ffff8000 |gr 7:80000000 |
gr 8:ffffffff |gr 9:aaaaaaaa |gr10:0000b000 |gr11:cdeabcde |
gr12:00000000 |gr13:00000000 |gr14:00000000 |gr15:0000141a |
gr16:00000003 |gr17:00000010 |gr18:00000000 |gr19:00000000 |
gr20:00000000 |gr21:00000000 |gr22:00000000 |gr23:00000000 |
gr24:00000000 |gr25:00000000 |gr26:00000000 |gr27:00000000 |
gr28:00000000 |gr29:00000000 |gr30:00000000 |gr31:aaaaaaff |

PC : 000014e2 |MCAUSE: 08000000
gr 0:00000000 |gr 1:0000141a |gr 2:000013ce |gr 3:ffffffff |
gr 4:0000a000 |gr 5:0000000d |gr 6:ffff8000 |gr 7:80000000 |
gr 8:ffffffff |gr 9:aaaaaaaa |gr10:0000b000 |gr11:cdeabcde |
gr12:00000000 |gr13:00000000 |gr14:00000000 |gr15:0000141a |
gr16:00000003 |gr17:00000010 |gr18:00000000 |gr19:00000000 |
gr20:00000000 |gr21:00000000 |gr22:00000000 |gr23:00000000 |
gr24:00000000 |gr25:00000000 |gr26:00000000 |gr27:00000000 |
gr28:00000000 |gr29:00000000 |gr30:00000000 |gr31:aaaaaaff |

PC : 000014e4 |MCAUSE: 08000000
gr 0:00000000 |gr 1:0000141a |gr 2:000013ce |gr 3:ffffffff |
gr 4:0000a000 |gr 5:0000000d |gr 6:ffff8000 |gr 7:80000000 |
gr 8:ffffffff |gr 9:aaaaaaaa |gr10:0000b000 |gr11:cdeabcde |
gr12:00000000 |gr13:00000000 |gr14:00000000 |gr15:0000141a |
gr16:00000003 |gr17:00000010 |gr18:00000000 |gr19:00000000 |
gr20:00000000 |gr21:00000000 |gr22:00000000 |gr23:00000000 |
gr24:00000000 |gr25:00000000 |gr26:00000000 |gr27:00000000 |
gr28:00000000 |gr29:00000000 |gr30:00000000 |gr31:aaaaaaff |

PC : 000014ec |MCAUSE: 08000000
gr 0:00000000 |gr 1:0000141a |gr 2:000013ce |gr 3:ffffffff |
gr 4:0000a000 |gr 5:0000000d |gr 6:ffff8000 |gr 7:80000000 |
gr 8:ffffffff |gr 9:aaaaaaaa |gr10:0000b000 |gr11:cdeabcde |
gr12:00000000 |gr13:00000000 |gr14:00000000 |gr15:0000141a |
gr16:00000003 |gr17:00000010 |gr18:00000000 |gr19:00000000 |
gr20:00000000 |gr21:00000000 |gr22:00000000 |gr23:00000000 |
gr24:00000000 |gr25:00000000 |gr26:00000000 |gr27:00000000 |
gr28:00000000 |gr29:00000000 |gr30:00000000 |gr31:aaaaaaff |

PC : 000014ee |MCAUSE: 08000000
gr 0:00000000 |gr 1:0000141a |gr 2:000013ce |gr 3:ffffffff |
gr 4:0000a000 |gr 5:0000000d |gr 6:ffff8000 |gr 7:80000000 |
gr 8:ffffffff |gr 9:aaaaaaaa |gr10:0000b000 |gr11:cdeabcde |
gr12:00000000 |gr13:00000000 |gr14:00000000 |gr15:0000141a |
gr16:00000003 |gr17:00000010 |gr18:00000000 |gr19:00000000 |
gr20:00000000 |gr21:00000000 |gr22:00000000 |gr23:00000000 |
gr24:00000000 |gr25:00000000 |gr26:00000000 |gr27:00000000 |
gr28:00000000 |gr29:00000000 |gr30:00000000 |gr31:aaaaaaff |

PC : 000014f0 |MCAUSE: 08000000
gr 0:00000000 |gr 1:0000141a |gr 2:000013ce |gr 3:ffffffff |
gr 4:0000a000 |gr 5:0000000d |gr 6:ffff8000 |gr 7:80000000 |
gr 8:ffffffff |gr 9:aaaaaaaa |gr10:0000b000 |gr11:cdeabcde |
gr12:00000000 |gr13:00000000 |gr14:00000000 |gr15:0000141a |
gr16:00000003 |gr17:00000010 |gr18:00000000 |gr19:00000000 |
gr20:00000000 |gr21:00000000 |gr22:00000000 |gr23:00000000 |
gr24:00000000 |gr25:00000000 |gr26:00000000 |gr27:00000000 |
gr28:00000000 |gr29:00000000 |gr30:00000000 |gr31:aaaaaaff |

PC : 000014f8 |MCAUSE: 08000000
gr 0:00000000 |gr 1:0000141a |gr 2:000013ce |gr 3:ffffffff |
gr 4:0000a000 |gr 5:0000000d |gr 6:ffff8000 |gr 7:80000000 |
gr 8:ffffffff |gr 9:aaaaaaaa |gr10:0000b000 |gr11:cdeabcde |
gr12:00000000 |gr13:00000000 |gr14:00000000 |gr15:0000141a |
gr16:00000003 |gr17:00000010 |gr18:00000000 |gr19:00000000 |
gr20:00000000 |gr21:00000000 |gr22:00000000 |gr23:00000000 |
gr24:00000000 |gr25:00000000 |gr26:00000000 |gr27:00000000 |
gr28:00000000 |gr29:00000000 |gr30:00000000 |gr31:aaaaaaff |

PC : 000014fa |MCAUSE: 08000000
gr 0:00000000 |gr 1:0000141a |gr 2:000013ce |gr 3:ffffffff |
gr 4:0000a000 |gr 5:0000000d |gr 6:ffff8000 |gr 7:80000000 |
gr 8:ffffffff |gr 9:aaaaaaaa |gr10:0000b000 |gr11:cdeabcde |
gr12:00000000 |gr13:00000000 |gr14:00000000 |gr15:0000141a |
gr16:00000003 |gr17:00000010 |gr18:00000000 |gr19:00000000 |
gr20:00000000 |gr21:00000000 |gr22:00000000 |gr23:00000000 |
gr24:00000000 |gr25:00000000 |gr26:00000000 |gr27:00000000 |
gr28:00000000 |gr29:00000000 |gr30:00000000 |gr31:aaaaaaff |

PC : 000014fc |MCAUSE: 08000000
gr 0:00000000 |gr 1:0000141a |gr 2:000013ce |gr 3:ffffffff |
gr 4:0000a000 |gr 5:0000000d |gr 6:ffff8000 |gr 7:80000000 |
gr 8:ffffffff |gr 9:aaaaaaaa |gr10:0000b000 |gr11:cdeabcde |
gr12:00000000 |gr13:00000000 |gr14:00000000 |gr15:0000141a |
gr16:00000003 |gr17:00000010 |gr18:00000000 |gr19:00000000 |
gr20:00000000 |gr21:00000000 |gr22:00000000 |gr23:00000000 |
gr24:00000000 |gr25:00000000 |gr26:00000000 |gr27:00000000 |
gr28:00000000 |gr29:00000000 |gr30:00000000 |gr31:aaaaaaff |

PC : 00001504 |MCAUSE: 08000000
gr 0:00000000 |gr 1:0000141a |gr 2:000013ce |gr 3:ffffffff |
gr 4:0000a000 |gr 5:0000000d |gr 6:ffff8000 |gr 7:80000000 |
gr 8:ffffffff |gr 9:aaaaaaaa |gr10:0000b000 |gr11:cdeabcde |
gr12:00000000 |gr13:00000000 |gr14:00000000 |gr15:0000141a |
gr16:00000003 |gr17:00000010 |gr18:00000000 |gr19:00000000 |
gr20:00000000 |gr21:00000000 |gr22:00000000 |gr23:00000000 |
gr24:00000000 |gr25:00000000 |gr26:00000000 |gr27:00000000 |
gr28:00000000 |gr29:00000000 |gr30:00000000 |gr31:aaaaaaff |

PC : 00001506 |MCAUSE: 08000000
gr 0:00000000 |gr 1:0000141a |gr 2:000013ce |gr 3:ffffffff |
gr 4:0000a000 |gr 5:0000000d |gr 6:ffff8000 |gr 7:80000000 |
gr 8:ffffffff |gr 9:aaaaaaaa |gr10:0000b000 |gr11:cdeabcde |
gr12:00000000 |gr13:00000000 |gr14:00000000 |gr15:0000141a |
gr16:00000003 |gr17:00000010 |gr18:00000000 |gr19:00000000 |
gr20:00000000 |gr21:00000000 |gr22:00000000 |gr23:00000000 |
gr24:00000000 |gr25:00000000 |gr26:00000000 |gr27:00000000 |
gr28:00000000 |gr29:00000000 |gr30:00000000 |gr31:aaaaaaff |

PC : 00001508 |MCAUSE: 08000000
gr 0:00000000 |gr 1:0000141a |gr 2:000013ce |gr 3:ffffffff |
gr 4:0000a000 |gr 5:0000000d |gr 6:ffff8000 |gr 7:80000000 |
gr 8:ffffffff |gr 9:aaaaaaaa |gr10:0000b000 |gr11:cdeabcde |
gr12:00000000 |gr13:00000000 |gr14:00000000 |gr15:0000141a |
gr16:00000003 |gr17:00000010 |gr18:00000000 |gr19:00000000 |
gr20:00000000 |gr21:00000000 |gr22:00000000 |gr23:00000000 |
gr24:00000000 |gr25:00000000 |gr26:00000000 |gr27:00000000 |
gr28:00000000 |gr29:00000000 |gr30:00000000 |gr31:aaaab000 |

PC : 0000150c |MCAUSE: 08000000
gr 0:00000000 |gr 1:0000141a |gr 2:000013ce |gr 3:ffffffff |
gr 4:0000a000 |gr 5:0000000d |gr 6:ffff8000 |gr 7:80000000 |
gr 8:ffffffff |gr 9:aaaaaaaa |gr10:0000b000 |gr11:cdeabcde |
gr12:00000000 |gr13:00000000 |gr14:00000000 |gr15:0000141a |
gr16:00000003 |gr17:00000010 |gr18:00000000 |gr19:00000000 |
gr20:00000000 |gr21:00000000 |gr22:00000000 |gr23:00000000 |
gr24:00000000 |gr25:00000000 |gr26:00000000 |gr27:00000000 |
gr28:00000000 |gr29:00000000 |gr30:00000000 |gr31:aaaaaaaa |

PC : 00001510 |MCAUSE: 08000000
gr 0:00000000 |gr 1:0000141a |gr 2:000013ce |gr 3:ffffffff |
gr 4:0000a000 |gr 5:0000000d |gr 6:ffff8000 |gr 7:80000000 |
gr 8:ffffffff |gr 9:aaaaaaaa |gr10:0000b000 |gr11:cdeabcde |
gr12:00000000 |gr13:00000000 |gr14:00000000 |gr15:0000141a |
gr16:00000003 |gr17:00000010 |gr18:00000000 |gr19:00000000 |
gr20:00000000 |gr21:00000000 |gr22:00000000 |gr23:00000000 |
gr24:00000000 |gr25:00000000 |gr26:00000000 |gr27:00000000 |
gr28:00000000 |gr29:00000000 |gr30:00000000 |gr31:aaaaaaaa |

PC : 00001518 |MCAUSE: 08000000
gr 0:00000000 |gr 1:0000141a |gr 2:000013ce |gr 3:ffffffff |
gr 4:0000a000 |gr 5:0000000d |gr 6:ffff8000 |gr 7:80000000 |
gr 8:ffffffff |gr 9:aaaaaaaa |gr10:0000b000 |gr11:cdeabcde |
gr12:00000000 |gr13:00000000 |gr14:00000000 |gr15:0000141a |
gr16:00000003 |gr17:00000010 |gr18:00000000 |gr19:00000000 |
gr20:00000000 |gr21:00000000 |gr22:00000000 |gr23:00000000 |
gr24:00000000 |gr25:00000000 |gr26:00000000 |gr27:00000000 |
gr28:00000000 |gr29:00000000 |gr30:00000000 |gr31:aaaaaaaa |

PC : 0000151a |MCAUSE: 08000000
gr 0:00000000 |gr 1:0000141a |gr 2:000013ce |gr 3:ffffffff |
gr 4:0000a000 |gr 5:0000000d |gr 6:ffff8000 |gr 7:80000000 |
gr 8:ffffffff |gr 9:aaaaaaaa |gr10:0000b000 |gr11:cdeabcde |
gr12:00000000 |gr13:00000000 |gr14:00000000 |gr15:0000141a |
gr16:00000003 |gr17:00000010 |gr18:00000000 |gr19:00000000 |
gr20:00000000 |gr21:00000000 |gr22:00000000 |gr23:00000000 |
gr24:00000000 |gr25:00000000 |gr26:00000000 |gr27:00000000 |
gr28:00000000 |gr29:00000000 |gr30:00000000 |gr31:aaaaaaaa |

PC : 0000151c |MCAUSE: 08000000
gr 0:00000000 |gr 1:0000141a |gr 2:000013ce |gr 3:ffffffff |
gr 4:0000a000 |gr 5:0000000d |gr 6:ffff8000 |gr 7:80000000 |
gr 8:ffffffff |gr 9:aaaaaaaa |gr10:0000b000 |gr11:cdeabcde |
gr12:00000000 |gr13:00000000 |gr14:00000000 |gr15:0000141a |
gr16:00000003 |gr17:00000010 |gr18:00000000 |gr19:00000000 |
gr20:00000000 |gr21:00000000 |gr22:00000000 |gr23:00000000 |
gr24:00000000 |gr25:00000000 |gr26:00000000 |gr27:00000000 |
gr28:00000000 |gr29:00000000 |gr30:00000000 |gr31:aaaab000 |

PC : 00001520 |MCAUSE: 08000000
gr 0:00000000 |gr 1:0000141a |gr 2:000013ce |gr 3:ffffffff |
gr 4:0000a000 |gr 5:0000000d |gr 6:ffff8000 |gr 7:80000000 |
gr 8:ffffffff |gr 9:aaaaaaaa |gr10:0000b000 |gr11:cdeabcde |
gr12:00000000 |gr13:00000000 |gr14:00000000 |gr15:0000141a |
gr16:00000003 |gr17:00000010 |gr18:00000000 |gr19:00000000 |
gr20:00000000 |gr21:00000000 |gr22:00000000 |gr23:00000000 |
gr24:00000000 |gr25:00000000 |gr26:00000000 |gr27:00000000 |
gr28:00000000 |gr29:00000000 |gr30:00000000 |gr31:aaaaaaaa |

PC : 00001524 |MCAUSE: 08000000
gr 0:00000000 |gr 1:0000141a |gr 2:000013ce |gr 3:ffffffff |
gr 4:0000a000 |gr 5:0000000d |gr 6:ffff8000 |gr 7:80000000 |
gr 8:ffffffff |gr 9:aaaaaaaa |gr10:0000b000 |gr11:cdeabcde |
gr12:00000000 |gr13:00000000 |gr14:00000000 |gr15:0000141a |
gr16:00000003 |gr17:00000010 |gr18:00000000 |gr19:00000000 |
gr20:00000000 |gr21:00000000 |gr22:00000000 |gr23:00000000 |
gr24:00000000 |gr25:00000000 |gr26:00000000 |gr27:00000000 |
gr28:00000000 |gr29:00000000 |gr30:00000000 |gr31:aaaaaaaa |

PC : 0000152c |MCAUSE: 08000000
gr 0:00000000 |gr 1:0000141a |gr 2:000013ce |gr 3:ffffffff |
gr 4:0000a000 |gr 5:0000000d |gr 6:ffff8000 |gr 7:80000000 |
gr 8:ffffffff |gr 9:aaaaaaaa |gr10:0000b000 |gr11:cdeabcde |
gr12:00000000 |gr13:00000000 |gr14:00000000 |gr15:0000141a |
gr16:00000003 |gr17:00000010 |gr18:00000000 |gr19:00000000 |
gr20:00000000 |gr21:00000000 |gr22:00000000 |gr23:00000000 |
gr24:00000000 |gr25:00000000 |gr26:00000000 |gr27:00000000 |
gr28:00000000 |gr29:00000000 |gr30:00000000 |gr31:aaaaaaaa |

PC : 0000152e |MCAUSE: 08000000
gr 0:00000000 |gr 1:0000141a |gr 2:000013ce |gr 3:ffffffff |
gr 4:0000a000 |gr 5:0000000d |gr 6:ffff8000 |gr 7:80000000 |
gr 8:ffffffff |gr 9:aaaaaaaa |gr10:0000b000 |gr11:cdeabcde |
gr12:00000000 |gr13:00000000 |gr14:00000000 |gr15:0000141a |
gr16:00000003 |gr17:00000010 |gr18:00000000 |gr19:00000000 |
gr20:00000000 |gr21:00000000 |gr22:00000000 |gr23:00000000 |
gr24:00000000 |gr25:00000000 |gr26:00000000 |gr27:00000000 |
gr28:00000000 |gr29:00000000 |gr30:00000000 |gr31:aaaaaaaa |

PC : 00001530 |MCAUSE: 08000000
gr 0:00000000 |gr 1:0000141a |gr 2:000013ce |gr 3:ffffffff |
gr 4:0000a000 |gr 5:0000000d |gr 6:ffff8000 |gr 7:80000000 |
gr 8:ffffffff |gr 9:aaaaaaaa |gr10:0000b000 |gr11:cdeabcde |
gr12:00000000 |gr13:00000000 |gr14:00000000 |gr15:0000141a |
gr16:00000003 |gr17:00000010 |gr18:00000000 |gr19:00000000 |
gr20:00000000 |gr21:00000000 |gr22:00000000 |gr23:00000000 |
gr24:00000000 |gr25:00000000 |gr26:00000000 |gr27:00000000 |
gr28:00000000 |gr29:00000000 |gr30:00000000 |gr31:aaaab000 |

PC : 00001534 |MCAUSE: 08000000
gr 0:00000000 |gr 1:0000141a |gr 2:000013ce |gr 3:ffffffff |
gr 4:0000a000 |gr 5:0000000d |gr 6:ffff8000 |gr 7:80000000 |
gr 8:ffffffff |gr 9:aaaaaaaa |gr10:0000b000 |gr11:cdeabcde |
gr12:00000000 |gr13:00000000 |gr14:00000000 |gr15:0000141a |
gr16:00000003 |gr17:00000010 |gr18:00000000 |gr19:00000000 |
gr20:00000000 |gr21:00000000 |gr22:00000000 |gr23:00000000 |
gr24:00000000 |gr25:00000000 |gr26:00000000 |gr27:00000000 |
gr28:00000000 |gr29:00000000 |gr30:00000000 |gr31:aaaaaaaa |

PC : 00001538 |MCAUSE: 08000000
gr 0:00000000 |gr 1:0000141a |gr 2:000013ce |gr 3:ffffffff |
gr 4:0000a000 |gr 5:0000000d |gr 6:ffff8000 |gr 7:80000000 |
gr 8:ffffffff |gr 9:aaaaaaaa |gr10:0000b000 |gr11:cdeabcde |
gr12:00000000 |gr13:00000000 |gr14:00000000 |gr15:0000141a |
gr16:00000003 |gr17:00000010 |gr18:00000000 |gr19:00000000 |
gr20:00000000 |gr21:00000000 |gr22:00000000 |gr23:00000000 |
gr24:00000000 |gr25:00000000 |gr26:00000000 |gr27:00000000 |
gr28:00000000 |gr29:00000000 |gr30:00000000 |gr31:aaaaaaaa |

PC : 00001540 |MCAUSE: 08000000
gr 0:00000000 |gr 1:0000141a |gr 2:000013ce |gr 3:ffffffff |
gr 4:0000a000 |gr 5:0000000d |gr 6:ffff8000 |gr 7:80000000 |
gr 8:ffffffff |gr 9:aaaaaaaa |gr10:0000b000 |gr11:cdeabcde |
gr12:00000000 |gr13:00000000 |gr14:00000000 |gr15:0000141a |
gr16:00000003 |gr17:00000010 |gr18:00000000 |gr19:00000000 |
gr20:00000000 |gr21:00000000 |gr22:00000000 |gr23:00000000 |
gr24:00000000 |gr25:00000000 |gr26:00000000 |gr27:00000000 |
gr28:00000000 |gr29:00000000 |gr30:00000000 |gr31:aaaaaaaa |

PC : 00001542 |MCAUSE: 08000000
gr 0:00000000 |gr 1:0000141a |gr 2:000013ce |gr 3:ffffffff |
gr 4:0000a000 |gr 5:0000000d |gr 6:ffff8000 |gr 7:80000000 |
gr 8:ffffffff |gr 9:aaaaaaaa |gr10:0000b000 |gr11:cdeabcde |
gr12:00000000 |gr13:00000000 |gr14:00000000 |gr15:0000141a |
gr16:00000003 |gr17:00000010 |gr18:00000000 |gr19:00000000 |
gr20:00000000 |gr21:00000000 |gr22:00000000 |gr23:00000000 |
gr24:00000000 |gr25:00000000 |gr26:00000000 |gr27:00000000 |
gr28:00000000 |gr29:00000000 |gr30:00000000 |gr31:aaaaaaaa |

PC : 00001544 |MCAUSE: 08000000
gr 0:00000000 |gr 1:0000141a |gr 2:000013ce |gr 3:ffffffff |
gr 4:0000a000 |gr 5:0000000d |gr 6:ffff8000 |gr 7:80000000 |
gr 8:ffffffff |gr 9:aaaaaaaa |gr10:0000b000 |gr11:cdeabcde |
gr12:00000000 |gr13:00000000 |gr14:00000000 |gr15:0000141a |
gr16:00000003 |gr17:00000010 |gr18:00000000 |gr19:00000000 |
gr20:00000000 |gr21:00000000 |gr22:00000000 |gr23:00000000 |
gr24:00000000 |gr25:00000000 |gr26:00000000 |gr27:00000000 |
gr28:00000000 |gr29:00000000 |gr30:00000000 |gr31:aaaab000 |

PC : 00001548 |MCAUSE: 08000000
gr 0:00000000 |gr 1:0000141a |gr 2:000013ce |gr 3:ffffffff |
gr 4:0000a000 |gr 5:0000000d |gr 6:ffff8000 |gr 7:80000000 |
gr 8:ffffffff |gr 9:aaaaaaaa |gr10:0000b000 |gr11:cdeabcde |
gr12:00000000 |gr13:00000000 |gr14:00000000 |gr15:0000141a |
gr16:00000003 |gr17:00000010 |gr18:00000000 |gr19:00000000 |
gr20:00000000 |gr21:00000000 |gr22:00000000 |gr23:00000000 |
gr24:00000000 |gr25:00000000 |gr26:00000000 |gr27:00000000 |
gr28:00000000 |gr29:00000000 |gr30:00000000 |gr31:aaaaaaaa |

PC : 0000154c |MCAUSE: 08000000
gr 0:00000000 |gr 1:0000141a |gr 2:000013ce |gr 3:ffffffff |
gr 4:0000a000 |gr 5:0000000d |gr 6:ffff8000 |gr 7:80000000 |
gr 8:ffffffff |gr 9:aaaaaaaa |gr10:0000b000 |gr11:cdeabcde |
gr12:00000000 |gr13:00000000 |gr14:00000000 |gr15:0000141a |
gr16:00000003 |gr17:00000010 |gr18:00000000 |gr19:00000000 |
gr20:00000000 |gr21:00000000 |gr22:00000000 |gr23:00000000 |
gr24:00000000 |gr25:00000000 |gr26:00000000 |gr27:00000000 |
gr28:00000000 |gr29:00000000 |gr30:00000000 |gr31:aaaaaaaa |

PC : 00001554 |MCAUSE: 08000000
gr 0:00000000 |gr 1:0000141a |gr 2:000013ce |gr 3:ffffffff |
gr 4:0000a000 |gr 5:0000000d |gr 6:ffff8000 |gr 7:80000000 |
gr 8:55555000 |gr 9:aaaaaaaa |gr10:0000b000 |gr11:cdeabcde |
gr12:00000000 |gr13:00000000 |gr14:00000000 |gr15:0000141a |
gr16:00000003 |gr17:00000010 |gr18:00000000 |gr19:00000000 |
gr20:00000000 |gr21:00000000 |gr22:00000000 |gr23:00000000 |
gr24:00000000 |gr25:00000000 |gr26:00000000 |gr27:00000000 |
gr28:00000000 |gr29:00000000 |gr30:00000000 |gr31:aaaaaaaa |

PC : 00001558 |MCAUSE: 08000000
gr 0:00000000 |gr 1:0000141a |gr 2:000013ce |gr 3:ffffffff |
gr 4:0000a000 |gr 5:0000000d |gr 6:ffff8000 |gr 7:80000000 |
gr 8:55555555 |gr 9:aaaaaaaa |gr10:0000b000 |gr11:cdeabcde |
gr12:00000000 |gr13:00000000 |gr14:00000000 |gr15:0000141a |
gr16:00000003 |gr17:00000010 |gr18:00000000 |gr19:00000000 |
gr20:00000000 |gr21:00000000 |gr22:00000000 |gr23:00000000 |
gr24:00000000 |gr25:00000000 |gr26:00000000 |gr27:00000000 |
gr28:00000000 |gr29:00000000 |gr30:00000000 |gr31:aaaaaaaa |

PC : 0000155c |MCAUSE: 08000000
gr 0:00000000 |gr 1:0000141a |gr 2:000013ce |gr 3:ffffffff |
gr 4:0000a000 |gr 5:0000000d |gr 6:ffff8000 |gr 7:80000000 |
gr 8:55555555 |gr 9:aaaab000 |gr10:0000b000 |gr11:cdeabcde |
gr12:00000000 |gr13:00000000 |gr14:00000000 |gr15:0000141a |
gr16:00000003 |gr17:00000010 |gr18:00000000 |gr19:00000000 |
gr20:00000000 |gr21:00000000 |gr22:00000000 |gr23:00000000 |
gr24:00000000 |gr25:00000000 |gr26:00000000 |gr27:00000000 |
gr28:00000000 |gr29:00000000 |gr30:00000000 |gr31:aaaaaaaa |

PC : 00001560 |MCAUSE: 08000000
gr 0:00000000 |gr 1:0000141a |gr 2:000013ce |gr 3:ffffffff |
gr 4:0000a000 |gr 5:0000000d |gr 6:ffff8000 |gr 7:80000000 |
gr 8:55555555 |gr 9:aaaaaaaa |gr10:0000b000 |gr11:cdeabcde |
gr12:00000000 |gr13:00000000 |gr14:00000000 |gr15:0000141a |
gr16:00000003 |gr17:00000010 |gr18:00000000 |gr19:00000000 |
gr20:00000000 |gr21:00000000 |gr22:00000000 |gr23:00000000 |
gr24:00000000 |gr25:00000000 |gr26:00000000 |gr27:00000000 |
gr28:00000000 |gr29:00000000 |gr30:00000000 |gr31:aaaaaaaa |

PC : 00001564 |MCAUSE: 08000000
gr 0:00000000 |gr 1:0000141a |gr 2:0001b000 |gr 3:ffffffff |
gr 4:0000a000 |gr 5:0000000d |gr 6:ffff8000 |gr 7:80000000 |
gr 8:55555555 |gr 9:aaaaaaaa |gr10:0000b000 |gr11:cdeabcde |
gr12:00000000 |gr13:00000000 |gr14:00000000 |gr15:0000141a |
gr16:00000003 |gr17:00000010 |gr18:00000000 |gr19:00000000 |
gr20:00000000 |gr21:00000000 |gr22:00000000 |gr23:00000000 |
gr24:00000000 |gr25:00000000 |gr26:00000000 |gr27:00000000 |
gr28:00000000 |gr29:00000000 |gr30:00000000 |gr31:aaaaaaaa |

PC : 00001568 |MCAUSE: 08000000
gr 0:00000000 |gr 1:0000141a |gr 2:0001adb0 |gr 3:ffffffff |
gr 4:0000a000 |gr 5:0000000d |gr 6:ffff8000 |gr 7:80000000 |
gr 8:55555555 |gr 9:aaaaaaaa |gr10:0000b000 |gr11:cdeabcde |
gr12:00000000 |gr13:00000000 |gr14:00000000 |gr15:0000141a |
gr16:00000003 |gr17:00000010 |gr18:00000000 |gr19:00000000 |
gr20:00000000 |gr21:00000000 |gr22:00000000 |gr23:00000000 |
gr24:00000000 |gr25:00000000 |gr26:00000000 |gr27:00000000 |
gr28:00000000 |gr29:00000000 |gr30:00000000 |gr31:aaaaaaaa |

PC : 0000156c |MCAUSE: 08000000
gr 0:00000000 |gr 1:0000141a |gr 2:0001adb0 |gr 3:ffffffff |
gr 4:0000a000 |gr 5:0000000d |gr 6:ffff8000 |gr 7:0001adb0 |
gr 8:55555555 |gr 9:aaaaaaaa |gr10:0000b000 |gr11:cdeabcde |
gr12:00000000 |gr13:00000000 |gr14:00000000 |gr15:0000141a |
gr16:00000003 |gr17:00000010 |gr18:00000000 |gr19:00000000 |
gr20:00000000 |gr21:00000000 |gr22:00000000 |gr23:00000000 |
gr24:00000000 |gr25:00000000 |gr26:00000000 |gr27:00000000 |
gr28:00000000 |gr29:00000000 |gr30:00000000 |gr31:aaaaaaaa |

PC : 0000156e |MCAUSE: 08000000
gr 0:00000000 |gr 1:0000141a |gr 2:0001adb0 |gr 3:ffffffff |
gr 4:0000a000 |gr 5:0000000d |gr 6:ffff8000 |gr 7:0001adb0 |
gr 8:55555555 |gr 9:aaaaaaaa |gr10:0000b000 |gr11:cdeabcde |
gr12:00000000 |gr13:00000000 |gr14:00000000 |gr15:0000141a |
gr16:00000003 |gr17:00000010 |gr18:00000000 |gr19:00000000 |
gr20:00000000 |gr21:00000000 |gr22:00000000 |gr23:00000000 |
gr24:00000000 |gr25:00000000 |gr26:00000000 |gr27:00000000 |
gr28:00000000 |gr29:00000000 |gr30:00000000 |gr31:aaaaaaaa |

PC : 00001570 |MCAUSE: 08000000
gr 0:00000000 |gr 1:0000141a |gr 2:0001adb0 |gr 3:ffffffff |
gr 4:0000a000 |gr 5:0000000d |gr 6:ffff8000 |gr 7:0001adb0 |
gr 8:55555555 |gr 9:aaaaaaaa |gr10:0000b000 |gr11:cdeabcde |
gr12:00000000 |gr13:00000000 |gr14:00000000 |gr15:0000141a |
gr16:00000003 |gr17:00000010 |gr18:00000000 |gr19:00000000 |
gr20:00000000 |gr21:00000000 |gr22:00000000 |gr23:00000000 |
gr24:00000000 |gr25:00000000 |gr26:00000000 |gr27:00000000 |
gr28:00000000 |gr29:00000000 |gr30:00000000 |gr31:aaaaaaaa |

PC : 00001574 |MCAUSE: 08000000
gr 0:00000000 |gr 1:0000141a |gr 2:0001adb0 |gr 3:ffffffff |
gr 4:0000a000 |gr 5:0000000d |gr 6:ffff8000 |gr 7:0001adb0 |
gr 8:55555555 |gr 9:aaaaaaaa |gr10:0000b000 |gr11:cdeabcde |
gr12:00000000 |gr13:00000000 |gr14:00000000 |gr15:0000141a |
gr16:00000003 |gr17:00000010 |gr18:00000000 |gr19:00000000 |
gr20:00000000 |gr21:00000000 |gr22:00000000 |gr23:00000000 |
gr24:00000000 |gr25:00000000 |gr26:00000000 |gr27:00000000 |
gr28:00000000 |gr29:00000000 |gr30:00000000 |gr31:55555000 |

PC : 00001578 |MCAUSE: 08000000
gr 0:00000000 |gr 1:0000141a |gr 2:0001adb0 |gr 3:ffffffff |
gr 4:0000a000 |gr 5:0000000d |gr 6:ffff8000 |gr 7:0001adb0 |
gr 8:55555555 |gr 9:aaaaaaaa |gr10:0000b000 |gr11:cdeabcde |
gr12:00000000 |gr13:00000000 |gr14:00000000 |gr15:0000141a |
gr16:00000003 |gr17:00000010 |gr18:00000000 |gr19:00000000 |
gr20:00000000 |gr21:00000000 |gr22:00000000 |gr23:00000000 |
gr24:00000000 |gr25:00000000 |gr26:00000000 |gr27:00000000 |
gr28:00000000 |gr29:00000000 |gr30:00000000 |gr31:55555555 |

PC : 0000157c |MCAUSE: 08000000
gr 0:00000000 |gr 1:0000141a |gr 2:0001adb0 |gr 3:ffffffff |
gr 4:0000a000 |gr 5:0000000d |gr 6:ffff8000 |gr 7:0001adb0 |
gr 8:55555555 |gr 9:aaaaaaaa |gr10:0000b000 |gr11:cdeabcde |
gr12:00000000 |gr13:00000000 |gr14:00000000 |gr15:0000141a |
gr16:00000003 |gr17:00000010 |gr18:00000000 |gr19:00000000 |
gr20:00000000 |gr21:00000000 |gr22:00000000 |gr23:00000000 |
gr24:00000000 |gr25:00000000 |gr26:00000000 |gr27:00000000 |
gr28:00000000 |gr29:00000000 |gr30:00000000 |gr31:55555555 |

PC : 00001584 |MCAUSE: 08000000
gr 0:00000000 |gr 1:0000141a |gr 2:0001adb0 |gr 3:ffffffff |
gr 4:0000a000 |gr 5:0000000d |gr 6:ffff8000 |gr 7:0001adb0 |
gr 8:55555555 |gr 9:aaaaaaaa |gr10:0000b000 |gr11:cdeabcde |
gr12:00000000 |gr13:00000000 |gr14:00000000 |gr15:0000141a |
gr16:00000003 |gr17:00000010 |gr18:00000000 |gr19:00000000 |
gr20:00000000 |gr21:00000000 |gr22:00000000 |gr23:00000000 |
gr24:00000000 |gr25:00000000 |gr26:00000000 |gr27:00000000 |
gr28:00000000 |gr29:00000000 |gr30:00000000 |gr31:55555555 |

PC : 00001586 |MCAUSE: 08000000
gr 0:00000000 |gr 1:0000141a |gr 2:0001adb0 |gr 3:ffffffff |
gr 4:0000a000 |gr 5:0000000d |gr 6:ffff8000 |gr 7:0001adb0 |
gr 8:55555555 |gr 9:aaaaaaaa |gr10:0000b000 |gr11:cdeabcde |
gr12:00000000 |gr13:00000000 |gr14:00000000 |gr15:0000141a |
gr16:00000003 |gr17:00000010 |gr18:00000000 |gr19:00000000 |
gr20:00000000 |gr21:00000000 |gr22:00000000 |gr23:00000000 |
gr24:00000000 |gr25:00000000 |gr26:00000000 |gr27:00000000 |
gr28:00000000 |gr29:00000000 |gr30:00000000 |gr31:55555555 |

PC : 0000158a |MCAUSE: 08000000
gr 0:00000000 |gr 1:0000141a |gr 2:0001adb0 |gr 3:ffffffff |
gr 4:0000a000 |gr 5:0000000d |gr 6:ffff8000 |gr 7:0001adb0 |
gr 8:55555555 |gr 9:aaaaaaaa |gr10:0000b000 |gr11:cdeabcde |
gr12:00000000 |gr13:00000000 |gr14:00000000 |gr15:0000141a |
gr16:00000003 |gr17:00000010 |gr18:00000000 |gr19:00000000 |
gr20:00000000 |gr21:00000000 |gr22:00000000 |gr23:00000000 |
gr24:00000000 |gr25:00000000 |gr26:00000000 |gr27:00000000 |
gr28:00000000 |gr29:00000000 |gr30:aaaab000 |gr31:55555555 |

PC : 0000158e |MCAUSE: 08000000
gr 0:00000000 |gr 1:0000141a |gr 2:0001adb0 |gr 3:ffffffff |
gr 4:0000a000 |gr 5:0000000d |gr 6:ffff8000 |gr 7:0001adb0 |
gr 8:55555555 |gr 9:aaaaaaaa |gr10:0000b000 |gr11:cdeabcde |
gr12:00000000 |gr13:00000000 |gr14:00000000 |gr15:0000141a |
gr16:00000003 |gr17:00000010 |gr18:00000000 |gr19:00000000 |
gr20:00000000 |gr21:00000000 |gr22:00000000 |gr23:00000000 |
gr24:00000000 |gr25:00000000 |gr26:00000000 |gr27:00000000 |
gr28:00000000 |gr29:00000000 |gr30:aaaaaaaa |gr31:55555555 |

PC : 00001592 |MCAUSE: 08000000
gr 0:00000000 |gr 1:0000141a |gr 2:0001adb0 |gr 3:ffffffff |
gr 4:0000a000 |gr 5:0000000d |gr 6:ffff8000 |gr 7:0001adb0 |
gr 8:55555555 |gr 9:aaaaaaaa |gr10:0000b000 |gr11:cdeabcde |
gr12:00000000 |gr13:00000000 |gr14:00000000 |gr15:0000141a |
gr16:00000003 |gr17:00000010 |gr18:00000000 |gr19:00000000 |
gr20:00000000 |gr21:00000000 |gr22:00000000 |gr23:00000000 |
gr24:00000000 |gr25:00000000 |gr26:00000000 |gr27:00000000 |
gr28:00000000 |gr29:00000000 |gr30:aaaaaaaa |gr31:55555555 |

PC : 0000159a |MCAUSE: 08000000
gr 0:00000000 |gr 1:0000141a |gr 2:0001adb0 |gr 3:ffffffff |
gr 4:0000a000 |gr 5:0000000d |gr 6:ffff8000 |gr 7:0001adb0 |
gr 8:55555555 |gr 9:aaaaaaaa |gr10:0000b000 |gr11:cdeabcde |
gr12:00000000 |gr13:00000000 |gr14:00000000 |gr15:0000141a |
gr16:00000003 |gr17:00000010 |gr18:00000000 |gr19:00000000 |
gr20:00000000 |gr21:00000000 |gr22:00000000 |gr23:00000000 |
gr24:00000000 |gr25:00000000 |gr26:00000000 |gr27:00000000 |
gr28:00000000 |gr29:00000000 |gr30:aaaaaaaa |gr31:55555555 |

PC : 0000159c |MCAUSE: 08000000
gr 0:00000000 |gr 1:0000141a |gr 2:0001adb0 |gr 3:ffffffff |
gr 4:0000a000 |gr 5:0000000d |gr 6:ffff8000 |gr 7:0001adb0 |
gr 8:55555555 |gr 9:aaaaaaaa |gr10:0000b000 |gr11:cdeabcde |
gr12:00000000 |gr13:00000000 |gr14:00000000 |gr15:0000141a |
gr16:00000003 |gr17:00000010 |gr18:00000000 |gr19:00000000 |
gr20:00000000 |gr21:00000000 |gr22:00000000 |gr23:00000000 |
gr24:00000000 |gr25:00000000 |gr26:00000000 |gr27:00000000 |
gr28:00000000 |gr29:00000000 |gr30:aaaaaaaa |gr31:55555555 |

PC : 000015a0 |MCAUSE: 08000000
gr 0:00000000 |gr 1:0000141a |gr 2:0001adb0 |gr 3:ffffffff |
gr 4:0000a000 |gr 5:0000000d |gr 6:ffff8000 |gr 7:0001adb0 |
gr 8:55555555 |gr 9:aaaaaaaa |gr10:0000b000 |gr11:cdeabcde |
gr12:00000000 |gr13:00000000 |gr14:00000000 |gr15:0000141a |
gr16:00000003 |gr17:00000010 |gr18:00000000 |gr19:00000000 |
gr20:00000000 |gr21:00000000 |gr22:00000000 |gr23:00000000 |
gr24:00000000 |gr25:00000000 |gr26:00000000 |gr27:00000000 |
gr28:00000000 |gr29:00000000 |gr30:aaaaaaaa |gr31:55555000 |

PC : 000015a4 |MCAUSE: 08000000
gr 0:00000000 |gr 1:0000141a |gr 2:0001adb0 |gr 3:ffffffff |
gr 4:0000a000 |gr 5:0000000d |gr 6:ffff8000 |gr 7:0001adb0 |
gr 8:55555555 |gr 9:aaaaaaaa |gr10:0000b000 |gr11:cdeabcde |
gr12:00000000 |gr13:00000000 |gr14:00000000 |gr15:0000141a |
gr16:00000003 |gr17:00000010 |gr18:00000000 |gr19:00000000 |
gr20:00000000 |gr21:00000000 |gr22:00000000 |gr23:00000000 |
gr24:00000000 |gr25:00000000 |gr26:00000000 |gr27:00000000 |
gr28:00000000 |gr29:00000000 |gr30:aaaaaaaa |gr31:55555555 |

PC : 000015a8 |MCAUSE: 08000000
gr 0:00000000 |gr 1:0000141a |gr 2:0001adb0 |gr 3:ffffffff |
gr 4:0000a000 |gr 5:0000000d |gr 6:ffff8000 |gr 7:0001adb0 |
gr 8:55555555 |gr 9:aaaaaaaa |gr10:0000b000 |gr11:cdeabcde |
gr12:00000000 |gr13:00000000 |gr14:00000000 |gr15:0000141a |
gr16:00000003 |gr17:00000010 |gr18:00000000 |gr19:00000000 |
gr20:00000000 |gr21:00000000 |gr22:00000000 |gr23:00000000 |
gr24:00000000 |gr25:00000000 |gr26:00000000 |gr27:00000000 |
gr28:00000000 |gr29:00000000 |gr30:aaaaaaaa |gr31:55555555 |

PC : 000015b0 |MCAUSE: 08000000
gr 0:00000000 |gr 1:0000141a |gr 2:0001adb0 |gr 3:ffffffff |
gr 4:0000a000 |gr 5:0000000d |gr 6:ffff8000 |gr 7:0001adb0 |
gr 8:55555555 |gr 9:aaaaaaaa |gr10:0000b000 |gr11:cdeabcde |
gr12:00000000 |gr13:00000000 |gr14:00000000 |gr15:0000141a |
gr16:00000003 |gr17:00000010 |gr18:00000000 |gr19:00000000 |
gr20:00000000 |gr21:00000000 |gr22:00000000 |gr23:00000000 |
gr24:00000000 |gr25:00000000 |gr26:00000000 |gr27:00000000 |
gr28:00000000 |gr29:00000000 |gr30:aaaaaaaa |gr31:55555555 |

PC : 000015b2 |MCAUSE: 08000000
gr 0:00000000 |gr 1:0000141a |gr 2:0001adb0 |gr 3:ffffffff |
gr 4:0000a000 |gr 5:0000000d |gr 6:ffff8000 |gr 7:0001adb0 |
gr 8:55555555 |gr 9:aaaaaaaa |gr10:0000b000 |gr11:cdeabcde |
gr12:00000000 |gr13:00000000 |gr14:00000000 |gr15:0000141a |
gr16:00000003 |gr17:00000010 |gr18:00000000 |gr19:00000000 |
gr20:00000000 |gr21:00000000 |gr22:00000000 |gr23:00000000 |
gr24:00000000 |gr25:00000000 |gr26:00000000 |gr27:00000000 |
gr28:00000000 |gr29:00000000 |gr30:aaaaaaaa |gr31:55555555 |

PC : 000015b6 |MCAUSE: 08000000
gr 0:00000000 |gr 1:0000141a |gr 2:0001adb0 |gr 3:ffffffff |
gr 4:0000a000 |gr 5:0000000d |gr 6:ffff8000 |gr 7:0001adb0 |
gr 8:55555555 |gr 9:aaaaaaaa |gr10:0000b000 |gr11:cdeabcde |
gr12:00000000 |gr13:00000000 |gr14:00000000 |gr15:0000141a |
gr16:00000003 |gr17:00000010 |gr18:00000000 |gr19:00000000 |
gr20:00000000 |gr21:00000000 |gr22:00000000 |gr23:00000000 |
gr24:00000000 |gr25:00000000 |gr26:00000000 |gr27:00000000 |
gr28:00000000 |gr29:00000000 |gr30:aaaaaaaa |gr31:55555000 |

PC : 000015ba |MCAUSE: 08000000
gr 0:00000000 |gr 1:0000141a |gr 2:0001adb0 |gr 3:ffffffff |
gr 4:0000a000 |gr 5:0000000d |gr 6:ffff8000 |gr 7:0001adb0 |
gr 8:55555555 |gr 9:aaaaaaaa |gr10:0000b000 |gr11:cdeabcde |
gr12:00000000 |gr13:00000000 |gr14:00000000 |gr15:0000141a |
gr16:00000003 |gr17:00000010 |gr18:00000000 |gr19:00000000 |
gr20:00000000 |gr21:00000000 |gr22:00000000 |gr23:00000000 |
gr24:00000000 |gr25:00000000 |gr26:00000000 |gr27:00000000 |
gr28:00000000 |gr29:00000000 |gr30:aaaaaaaa |gr31:55555555 |

PC : 000015be |MCAUSE: 08000000
gr 0:00000000 |gr 1:0000141a |gr 2:0001adb0 |gr 3:ffffffff |
gr 4:0000a000 |gr 5:0000000d |gr 6:ffff8000 |gr 7:0001adb0 |
gr 8:55555555 |gr 9:aaaaaaaa |gr10:0000b000 |gr11:cdeabcde |
gr12:00000000 |gr13:00000000 |gr14:00000000 |gr15:0000141a |
gr16:00000003 |gr17:00000010 |gr18:00000000 |gr19:00000000 |
gr20:00000000 |gr21:00000000 |gr22:00000000 |gr23:00000000 |
gr24:00000000 |gr25:00000000 |gr26:00000000 |gr27:00000000 |
gr28:00000000 |gr29:00000000 |gr30:aaaaaaaa |gr31:55555555 |

PC : 000015c6 |MCAUSE: 08000000
gr 0:00000000 |gr 1:0000141a |gr 2:0001adb0 |gr 3:ffffffff |
gr 4:0000a000 |gr 5:0000000d |gr 6:ffff8000 |gr 7:0001adb0 |
gr 8:55555555 |gr 9:aaaaaaaa |gr10:0000b000 |gr11:cdeabcde |
gr12:00000000 |gr13:00000000 |gr14:00000000 |gr15:0000141a |
gr16:00000003 |gr17:00000010 |gr18:00000000 |gr19:00000000 |
gr20:00000000 |gr21:00000000 |gr22:00000000 |gr23:00000000 |
gr24:00000000 |gr25:00000000 |gr26:00000000 |gr27:00000000 |
gr28:00000000 |gr29:00000000 |gr30:aaaaaaaa |gr31:55555555 |

PC : 000015ca |MCAUSE: 08000000
gr 0:00000000 |gr 1:0000141a |gr 2:0001adb0 |gr 3:ffffffff |
gr 4:0000a000 |gr 5:0000000d |gr 6:ffff8000 |gr 7:0001adb0 |
gr 8:55555555 |gr 9:aaaaaaaa |gr10:0000b000 |gr11:cdeabcde |
gr12:00000000 |gr13:00000000 |gr14:00000000 |gr15:0000141a |
gr16:00000003 |gr17:00000010 |gr18:00000000 |gr19:00000000 |
gr20:00000000 |gr21:00000000 |gr22:00000000 |gr23:00000000 |
gr24:00000000 |gr25:00000000 |gr26:00000000 |gr27:00000000 |
gr28:00000000 |gr29:00000000 |gr30:aaaaaaaa |gr31:55555555 |

PC : 000015cc |MCAUSE: 08000000
gr 0:00000000 |gr 1:0000141a |gr 2:0001adb0 |gr 3:ffffffff |
gr 4:0000a000 |gr 5:0000000d |gr 6:ffff8000 |gr 7:0001adb0 |
gr 8:55555555 |gr 9:aaaaaaaa |gr10:0000b000 |gr11:cdeabcde |
gr12:00000000 |gr13:00000000 |gr14:00000000 |gr15:0000141a |
gr16:00000003 |gr17:00000010 |gr18:00000000 |gr19:00000000 |
gr20:00000000 |gr21:00000000 |gr22:00000000 |gr23:00000000 |
gr24:00000000 |gr25:00000000 |gr26:00000000 |gr27:00000000 |
gr28:00000000 |gr29:00000000 |gr30:aaaaaaaa |gr31:55555555 |

PC : 000015d4 |MCAUSE: 08000000
gr 0:00000000 |gr 1:0000141a |gr 2:0001adb0 |gr 3:ffffffff |
gr 4:0000a000 |gr 5:0000000d |gr 6:ffff8000 |gr 7:0001adb0 |
gr 8:55555555 |gr 9:aaaaaaaa |gr10:0000b000 |gr11:cdeabcde |
gr12:00000000 |gr13:00000000 |gr14:00000000 |gr15:0000141a |
gr16:00000003 |gr17:00000010 |gr18:00000000 |gr19:00000000 |
gr20:00000000 |gr21:00000000 |gr22:00000000 |gr23:00000000 |
gr24:00000000 |gr25:00000000 |gr26:00000000 |gr27:00000000 |
gr28:00000000 |gr29:00000000 |gr30:aaaaaaaa |gr31:55555555 |

PC : 000015d8 |MCAUSE: 08000000
gr 0:00000000 |gr 1:0000141a |gr 2:0001adb0 |gr 3:ffffffff |
gr 4:0000a000 |gr 5:0000000d |gr 6:ffff8000 |gr 7:0001adb0 |
gr 8:55555555 |gr 9:aaaaaaaa |gr10:0000b000 |gr11:cdeabcde |
gr12:00000000 |gr13:00000000 |gr14:00000000 |gr15:0000141a |
gr16:00000003 |gr17:00000010 |gr18:00000000 |gr19:00000000 |
gr20:00000000 |gr21:00000000 |gr22:00000000 |gr23:00000000 |
gr24:00000000 |gr25:00000000 |gr26:00000000 |gr27:00000000 |
gr28:00000000 |gr29:00000000 |gr30:aaaaaaaa |gr31:55555555 |

PC : 000015da |MCAUSE: 08000000
gr 0:00000000 |gr 1:0000141a |gr 2:0001adb0 |gr 3:ffffffff |
gr 4:0000a000 |gr 5:0000000d |gr 6:ffff8000 |gr 7:0001adb0 |
gr 8:55555555 |gr 9:aaaaaaaa |gr10:0000b000 |gr11:cdeabcde |
gr12:00000000 |gr13:00000000 |gr14:00000000 |gr15:0000141a |
gr16:00000003 |gr17:00000010 |gr18:00000000 |gr19:00000000 |
gr20:00000000 |gr21:00000000 |gr22:00000000 |gr23:00000000 |
gr24:00000000 |gr25:00000000 |gr26:00000000 |gr27:00000000 |
gr28:00000000 |gr29:00000000 |gr30:aaaaaaaa |gr31:55555555 |

PC : 000015e2 |MCAUSE: 08000000
gr 0:00000000 |gr 1:0000141a |gr 2:0001adb0 |gr 3:ffffffff |
gr 4:0000a000 |gr 5:0000000d |gr 6:ffff8000 |gr 7:0001adb0 |
gr 8:55555555 |gr 9:aaaaaaaa |gr10:0000b000 |gr11:cdeabcde |
gr12:00000000 |gr13:00000000 |gr14:00000000 |gr15:0000141a |
gr16:00000003 |gr17:00000010 |gr18:00000000 |gr19:00000000 |
gr20:00000000 |gr21:00000000 |gr22:00000000 |gr23:00000000 |
gr24:00000000 |gr25:00000000 |gr26:00000000 |gr27:00000000 |
gr28:00000000 |gr29:00000000 |gr30:aaaaaaaa |gr31:55555555 |

PC : 000015e6 |MCAUSE: 08000000
gr 0:00000000 |gr 1:0000141a |gr 2:0001adb0 |gr 3:ffffffff |
gr 4:0000a000 |gr 5:0000000d |gr 6:ffff8000 |gr 7:0001adb0 |
gr 8:55555555 |gr 9:aaaaaaaa |gr10:0000b000 |gr11:cdeabcde |
gr12:00000000 |gr13:00000000 |gr14:00000000 |gr15:0000141a |
gr16:00000003 |gr17:00000010 |gr18:00000000 |gr19:00000000 |
gr20:00000000 |gr21:00000000 |gr22:00000000 |gr23:00000000 |
gr24:00000000 |gr25:00000000 |gr26:00000000 |gr27:00000000 |
gr28:00000000 |gr29:00000000 |gr30:aaaaaaaa |gr31:55555555 |

PC : 000015e8 |MCAUSE: 08000000
gr 0:00000000 |gr 1:0000141a |gr 2:0001adb0 |gr 3:ffffffff |
gr 4:0000a000 |gr 5:0000000d |gr 6:ffff8000 |gr 7:0001adb0 |
gr 8:55555555 |gr 9:aaaaaaaa |gr10:0000b000 |gr11:cdeabcde |
gr12:00000000 |gr13:00000000 |gr14:00000000 |gr15:0000141a |
gr16:00000003 |gr17:00000010 |gr18:00000000 |gr19:00000000 |
gr20:00000000 |gr21:00000000 |gr22:00000000 |gr23:00000000 |
gr24:00000000 |gr25:00000000 |gr26:00000000 |gr27:00000000 |
gr28:00000000 |gr29:00000000 |gr30:aaaaaaaa |gr31:55555555 |

PC : 000015f0 |MCAUSE: 08000000
gr 0:00000000 |gr 1:0000141a |gr 2:0001adb0 |gr 3:ffffffff |
gr 4:0000a000 |gr 5:0000000d |gr 6:ffff8000 |gr 7:0001adb0 |
gr 8:55555555 |gr 9:aaaaaaaa |gr10:0000b000 |gr11:cdeabcde |
gr12:00000000 |gr13:00000000 |gr14:00000000 |gr15:0000141a |
gr16:00000003 |gr17:00000010 |gr18:00000000 |gr19:00000000 |
gr20:00000000 |gr21:00000000 |gr22:00000000 |gr23:00000000 |
gr24:00000000 |gr25:00000000 |gr26:00000000 |gr27:00000000 |
gr28:00000000 |gr29:00000000 |gr30:aaaaaaaa |gr31:55555555 |

PC : 000015f4 |MCAUSE: 08000000
gr 0:00000000 |gr 1:0000141a |gr 2:0001adb0 |gr 3:ffffffff |
gr 4:0000a000 |gr 5:0000000d |gr 6:ffff8000 |gr 7:0001adb0 |
gr 8:55555555 |gr 9:aaaaaaaa |gr10:0000b000 |gr11:cdeabcde |
gr12:00000000 |gr13:00000000 |gr14:00000000 |gr15:0000141a |
gr16:00000003 |gr17:00000010 |gr18:00000000 |gr19:00000000 |
gr20:00000000 |gr21:00000000 |gr22:00000000 |gr23:00000000 |
gr24:00000000 |gr25:00000000 |gr26:00000000 |gr27:00000000 |
gr28:00000000 |gr29:00000000 |gr30:aaaaaaaa |gr31:55555555 |

PC : 000015f6 |MCAUSE: 08000000
gr 0:00000000 |gr 1:0000141a |gr 2:0001adb0 |gr 3:ffffffff |
gr 4:0000a000 |gr 5:0000000d |gr 6:ffff8000 |gr 7:0001adb0 |
gr 8:55555555 |gr 9:aaaaaaaa |gr10:0000b000 |gr11:cdeabcde |
gr12:00000000 |gr13:00000000 |gr14:00000000 |gr15:0000141a |
gr16:00000003 |gr17:00000010 |gr18:00000000 |gr19:00000000 |
gr20:00000000 |gr21:00000000 |gr22:00000000 |gr23:00000000 |
gr24:00000000 |gr25:00000000 |gr26:00000000 |gr27:00000000 |
gr28:00000000 |gr29:00000000 |gr30:aaaaaaaa |gr31:55555555 |

PC : 000015fe |MCAUSE: 08000000
gr 0:00000000 |gr 1:0000141a |gr 2:0001adb0 |gr 3:ffffffff |
gr 4:0000a000 |gr 5:0000000d |gr 6:ffff8000 |gr 7:0001adb0 |
gr 8:55555555 |gr 9:aaaaaaaa |gr10:0000b000 |gr11:cdeabcde |
gr12:00000000 |gr13:00000000 |gr14:00000000 |gr15:0000141a |
gr16:00000003 |gr17:00000010 |gr18:00000000 |gr19:00000000 |
gr20:00000000 |gr21:00000000 |gr22:00000000 |gr23:00000000 |
gr24:00000000 |gr25:00000000 |gr26:00000000 |gr27:00000000 |
gr28:00000000 |gr29:00000000 |gr30:aaaaaaaa |gr31:55555555 |

PC : 00001600 |MCAUSE: 08000000
gr 0:00000000 |gr 1:0000141a |gr 2:0001adb0 |gr 3:ffffffff |
gr 4:0000a000 |gr 5:0000000d |gr 6:ffff8000 |gr 7:0001adb0 |
gr 8:55555555 |gr 9:aaaaaaaa |gr10:0000b000 |gr11:cdeabcde |
gr12:00000000 |gr13:00000000 |gr14:00000000 |gr15:0000141a |
gr16:00000003 |gr17:00000010 |gr18:00000000 |gr19:00000000 |
gr20:00000000 |gr21:00000000 |gr22:00000000 |gr23:00000000 |
gr24:00000000 |gr25:00000000 |gr26:00000000 |gr27:00000000 |
gr28:00000000 |gr29:00000000 |gr30:aaaaaaaa |gr31:55555555 |

PC : 00001602 |MCAUSE: 08000000
gr 0:00000000 |gr 1:0000141a |gr 2:0001adb0 |gr 3:ffffffff |
gr 4:0000a000 |gr 5:0000000d |gr 6:ffff8000 |gr 7:0001adb0 |
gr 8:55555555 |gr 9:aaaaaaaa |gr10:0000b000 |gr11:cdeabcde |
gr12:00000000 |gr13:00000000 |gr14:00000000 |gr15:0000141a |
gr16:00000003 |gr17:00000010 |gr18:00000000 |gr19:00000000 |
gr20:00000000 |gr21:00000000 |gr22:00000000 |gr23:00000000 |
gr24:00000000 |gr25:00000000 |gr26:00000000 |gr27:00000000 |
gr28:00000000 |gr29:00000000 |gr30:aaaaaaaa |gr31:aaaab000 |

PC : 00001606 |MCAUSE: 08000000
gr 0:00000000 |gr 1:0000141a |gr 2:0001adb0 |gr 3:ffffffff |
gr 4:0000a000 |gr 5:0000000d |gr 6:ffff8000 |gr 7:0001adb0 |
gr 8:55555555 |gr 9:aaaaaaaa |gr10:0000b000 |gr11:cdeabcde |
gr12:00000000 |gr13:00000000 |gr14:00000000 |gr15:0000141a |
gr16:00000003 |gr17:00000010 |gr18:00000000 |gr19:00000000 |
gr20:00000000 |gr21:00000000 |gr22:00000000 |gr23:00000000 |
gr24:00000000 |gr25:00000000 |gr26:00000000 |gr27:00000000 |
gr28:00000000 |gr29:00000000 |gr30:aaaaaaaa |gr31:aaaaaaaa |

PC : 0000160a |MCAUSE: 08000000
gr 0:00000000 |gr 1:0000141a |gr 2:0001adb0 |gr 3:ffffffff |
gr 4:0000a000 |gr 5:0000000d |gr 6:ffff8000 |gr 7:0001adb0 |
gr 8:55555555 |gr 9:aaaaaaaa |gr10:0000b000 |gr11:cdeabcde |
gr12:00000000 |gr13:00000000 |gr14:00000000 |gr15:0000141a |
gr16:00000003 |gr17:00000010 |gr18:00000000 |gr19:00000000 |
gr20:00000000 |gr21:00000000 |gr22:00000000 |gr23:00000000 |
gr24:00000000 |gr25:00000000 |gr26:00000000 |gr27:00000000 |
gr28:00000000 |gr29:00000000 |gr30:aaaaaaaa |gr31:aaaaaaaa |

PC : 00001612 |MCAUSE: 08000000
gr 0:00000000 |gr 1:0000141a |gr 2:0001adb0 |gr 3:ffffffff |
gr 4:00000001 |gr 5:0000000d |gr 6:ffff8000 |gr 7:0001adb0 |
gr 8:55555555 |gr 9:aaaaaaaa |gr10:0000b000 |gr11:cdeabcde |
gr12:00000000 |gr13:00000000 |gr14:00000000 |gr15:0000141a |
gr16:00000003 |gr17:00000010 |gr18:00000000 |gr19:00000000 |
gr20:00000000 |gr21:00000000 |gr22:00000000 |gr23:00000000 |
gr24:00000000 |gr25:00000000 |gr26:00000000 |gr27:00000000 |
gr28:00000000 |gr29:00000000 |gr30:aaaaaaaa |gr31:aaaaaaaa |

PC : 00001614 |MCAUSE: 08000000
gr 0:00000000 |gr 1:0000141a |gr 2:0001adb0 |gr 3:ffffffff |
gr 4:00000001 |gr 5:fffffffa |gr 6:ffff8000 |gr 7:0001adb0 |
gr 8:55555555 |gr 9:aaaaaaaa |gr10:0000b000 |gr11:cdeabcde |
gr12:00000000 |gr13:00000000 |gr14:00000000 |gr15:0000141a |
gr16:00000003 |gr17:00000010 |gr18:00000000 |gr19:00000000 |
gr20:00000000 |gr21:00000000 |gr22:00000000 |gr23:00000000 |
gr24:00000000 |gr25:00000000 |gr26:00000000 |gr27:00000000 |
gr28:00000000 |gr29:00000000 |gr30:aaaaaaaa |gr31:aaaaaaaa |

PC : 00001618 |MCAUSE: 08000000
gr 0:00000000 |gr 1:0000141a |gr 2:0001adb0 |gr 3:ffffffff |
gr 4:00000001 |gr 5:fffffffa |gr 6:aaaab000 |gr 7:0001adb0 |
gr 8:55555555 |gr 9:aaaaaaaa |gr10:0000b000 |gr11:cdeabcde |
gr12:00000000 |gr13:00000000 |gr14:00000000 |gr15:0000141a |
gr16:00000003 |gr17:00000010 |gr18:00000000 |gr19:00000000 |
gr20:00000000 |gr21:00000000 |gr22:00000000 |gr23:00000000 |
gr24:00000000 |gr25:00000000 |gr26:00000000 |gr27:00000000 |
gr28:00000000 |gr29:00000000 |gr30:aaaaaaaa |gr31:aaaaaaaa |

PC : 0000161c |MCAUSE: 08000000
gr 0:00000000 |gr 1:0000141a |gr 2:0001adb0 |gr 3:ffffffff |
gr 4:00000001 |gr 5:fffffffa |gr 6:aaaaaaaa |gr 7:0001adb0 |
gr 8:55555555 |gr 9:aaaaaaaa |gr10:0000b000 |gr11:cdeabcde |
gr12:00000000 |gr13:00000000 |gr14:00000000 |gr15:0000141a |
gr16:00000003 |gr17:00000010 |gr18:00000000 |gr19:00000000 |
gr20:00000000 |gr21:00000000 |gr22:00000000 |gr23:00000000 |
gr24:00000000 |gr25:00000000 |gr26:00000000 |gr27:00000000 |
gr28:00000000 |gr29:00000000 |gr30:aaaaaaaa |gr31:aaaaaaaa |

PC : 00001620 |MCAUSE: 08000000
gr 0:00000000 |gr 1:0000141a |gr 2:0001adb0 |gr 3:ffffffff |
gr 4:00000001 |gr 5:fffffffa |gr 6:aaaaaaaa |gr 7:ffffffff |
gr 8:55555555 |gr 9:aaaaaaaa |gr10:0000b000 |gr11:cdeabcde |
gr12:00000000 |gr13:00000000 |gr14:00000000 |gr15:0000141a |
gr16:00000003 |gr17:00000010 |gr18:00000000 |gr19:00000000 |
gr20:00000000 |gr21:00000000 |gr22:00000000 |gr23:00000000 |
gr24:00000000 |gr25:00000000 |gr26:00000000 |gr27:00000000 |
gr28:00000000 |gr29:00000000 |gr30:aaaaaaaa |gr31:aaaaaaaa |

PC : 00001624 |MCAUSE: 08000000
gr 0:00000000 |gr 1:0000141a |gr 2:0001adb0 |gr 3:ffffffff |
gr 4:00000001 |gr 5:fffffffa |gr 6:aaaaaaaa |gr 7:ffffffff |
gr 8:55555000 |gr 9:aaaaaaaa |gr10:0000b000 |gr11:cdeabcde |
gr12:00000000 |gr13:00000000 |gr14:00000000 |gr15:0000141a |
gr16:00000003 |gr17:00000010 |gr18:00000000 |gr19:00000000 |
gr20:00000000 |gr21:00000000 |gr22:00000000 |gr23:00000000 |
gr24:00000000 |gr25:00000000 |gr26:00000000 |gr27:00000000 |
gr28:00000000 |gr29:00000000 |gr30:aaaaaaaa |gr31:aaaaaaaa |

PC : 00001628 |MCAUSE: 08000000
gr 0:00000000 |gr 1:0000141a |gr 2:0001adb0 |gr 3:ffffffff |
gr 4:00000001 |gr 5:fffffffa |gr 6:aaaaaaaa |gr 7:ffffffff |
gr 8:55555555 |gr 9:aaaaaaaa |gr10:0000b000 |gr11:cdeabcde |
gr12:00000000 |gr13:00000000 |gr14:00000000 |gr15:0000141a |
gr16:00000003 |gr17:00000010 |gr18:00000000 |gr19:00000000 |
gr20:00000000 |gr21:00000000 |gr22:00000000 |gr23:00000000 |
gr24:00000000 |gr25:00000000 |gr26:00000000 |gr27:00000000 |
gr28:00000000 |gr29:00000000 |gr30:aaaaaaaa |gr31:aaaaaaaa |

PC : 0000162c |MCAUSE: 08000000
gr 0:00000000 |gr 1:0000141a |gr 2:60009000 |gr 3:ffffffff |
gr 4:00000001 |gr 5:fffffffa |gr 6:aaaaaaaa |gr 7:ffffffff |
gr 8:55555555 |gr 9:aaaaaaaa |gr10:0000b000 |gr11:cdeabcde |
gr12:00000000 |gr13:00000000 |gr14:00000000 |gr15:0000141a |
gr16:00000003 |gr17:00000010 |gr18:00000000 |gr19:00000000 |
gr20:00000000 |gr21:00000000 |gr22:00000000 |gr23:00000000 |
gr24:00000000 |gr25:00000000 |gr26:00000000 |gr27:00000000 |
gr28:00000000 |gr29:00000000 |gr30:aaaaaaaa |gr31:aaaaaaaa |

PC : 00001630 |MCAUSE: 08000000
gr 0:00000000 |gr 1:0000141a |gr 2:60008888 |gr 3:ffffffff |
gr 4:00000001 |gr 5:fffffffa |gr 6:aaaaaaaa |gr 7:ffffffff |
gr 8:55555555 |gr 9:aaaaaaaa |gr10:0000b000 |gr11:cdeabcde |
gr12:00000000 |gr13:00000000 |gr14:00000000 |gr15:0000141a |
gr16:00000003 |gr17:00000010 |gr18:00000000 |gr19:00000000 |
gr20:00000000 |gr21:00000000 |gr22:00000000 |gr23:00000000 |
gr24:00000000 |gr25:00000000 |gr26:00000000 |gr27:00000000 |
gr28:00000000 |gr29:00000000 |gr30:aaaaaaaa |gr31:aaaaaaaa |

PC : 00001634 |MCAUSE: 08000000
gr 0:00000000 |gr 1:0000141a |gr 2:60008888 |gr 3:ffffffff |
gr 4:00000001 |gr 5:fffffffa |gr 6:aaaaaaaa |gr 7:ffffffff |
gr 8:55555555 |gr 9:aaaaaaaa |gr10:0000b000 |gr11:cdeabcde |
gr12:00000000 |gr13:00000000 |gr14:00000000 |gr15:0000141a |
gr16:00000003 |gr17:00000010 |gr18:00000000 |gr19:00000000 |
gr20:00000000 |gr21:00000000 |gr22:00000000 |gr23:00000000 |
gr24:00000000 |gr25:00000000 |gr26:00000000 |gr27:00000000 |
gr28:00000000 |gr29:00000000 |gr30:aaaaaaaa |gr31:aaaaaaaa |

PC : 00001636 |MCAUSE: 08000000
gr 0:00000000 |gr 1:00000001 |gr 2:60008888 |gr 3:ffffffff |
gr 4:00000001 |gr 5:fffffffa |gr 6:aaaaaaaa |gr 7:ffffffff |
gr 8:55555555 |gr 9:aaaaaaaa |gr10:0000b000 |gr11:cdeabcde |
gr12:00000000 |gr13:00000000 |gr14:00000000 |gr15:0000141a |
gr16:00000003 |gr17:00000010 |gr18:00000000 |gr19:00000000 |
gr20:00000000 |gr21:00000000 |gr22:00000000 |gr23:00000000 |
gr24:00000000 |gr25:00000000 |gr26:00000000 |gr27:00000000 |
gr28:00000000 |gr29:00000000 |gr30:aaaaaaaa |gr31:aaaaaaaa |

PC : 00001638 |MCAUSE: 08000000
gr 0:60008888 |gr 1:00000001 |gr 2:60008888 |gr 3:ffffffff |
gr 4:00000001 |gr 5:fffffffa |gr 6:aaaaaaaa |gr 7:ffffffff |
gr 8:55555555 |gr 9:aaaaaaaa |gr10:0000b000 |gr11:cdeabcde |
gr12:00000000 |gr13:00000000 |gr14:00000000 |gr15:0000141a |
gr16:00000003 |gr17:00000010 |gr18:00000000 |gr19:00000000 |
gr20:00000000 |gr21:00000000 |gr22:00000000 |gr23:00000000 |
gr24:00000000 |gr25:00000000 |gr26:00000000 |gr27:00000000 |
gr28:00000000 |gr29:00000000 |gr30:aaaaaaaa |gr31:aaaaaaaa |

PC : 00001638 |MCAUSE: 08000000
gr 0:60008888 |gr 1:00000001 |gr 2:60008888 |gr 3:ffffffff |
gr 4:00000001 |gr 5:fffffffa |gr 6:aaaaaaaa |gr 7:ffffffff |
gr 8:55555555 |gr 9:aaaaaaaa |gr10:0000b000 |gr11:cdeabcde |
gr12:00000000 |gr13:00000000 |gr14:00000000 |gr15:0000141a |
gr16:00000003 |gr17:00000010 |gr18:00000000 |gr19:00000000 |
gr20:00000000 |gr21:00000000 |gr22:00000000 |gr23:00000000 |
gr24:00000000 |gr25:00000000 |gr26:00000000 |gr27:00000000 |
gr28:00000000 |gr29:00000000 |gr30:aaaaaaaa |gr31:aaaaaaaa |

PC : 00001638 |MCAUSE: 08000000
gr 0:60008888 |gr 1:00000001 |gr 2:60008888 |gr 3:ffffffff |
gr 4:00000001 |gr 5:fffffffa |gr 6:aaaaaaaa |gr 7:ffffffff |
gr 8:55555555 |gr 9:aaaaaaaa |gr10:0000b000 |gr11:cdeabcde |
gr12:00000000 |gr13:00000000 |gr14:00000000 |gr15:0000141a |
gr16:00000003 |gr17:00000010 |gr18:00000000 |gr19:00000000 |
gr20:00000000 |gr21:00000000 |gr22:00000000 |gr23:00000000 |
gr24:00000000 |gr25:00000000 |gr26:00000000 |gr27:00000000 |
gr28:00000000 |gr29:00000000 |gr30:aaaaaaaa |gr31:aaaaaaaa |

PC : 00001638 |MCAUSE: 08000000
gr 0:60008888 |gr 1:00000001 |gr 2:60008888 |gr 3:ffffffff |
gr 4:00000001 |gr 5:fffffffa |gr 6:aaaaaaaa |gr 7:ffffffff |
gr 8:55555555 |gr 9:aaaaaaaa |gr10:0000b000 |gr11:cdeabcde |
gr12:00000000 |gr13:00000000 |gr14:00000000 |gr15:0000141a |
gr16:00000003 |gr17:00000010 |gr18:00000000 |gr19:00000000 |
gr20:00000000 |gr21:00000000 |gr22:00000000 |gr23:00000000 |
gr24:00000000 |gr25:00000000 |gr26:00000000 |gr27:00000000 |
gr28:00000000 |gr29:00000000 |gr30:aaaaaaaa |gr31:aaaaaaaa |

PC : 00001638 |MCAUSE: 08000000
gr 0:60008888 |gr 1:00000000 |gr 2:60008888 |gr 3:ffffffff |
gr 4:00000001 |gr 5:fffffffa |gr 6:aaaaaaaa |gr 7:ffffffff |
gr 8:55555555 |gr 9:aaaaaaaa |gr10:0000b000 |gr11:cdeabcde |
gr12:00000000 |gr13:00000000 |gr14:00000000 |gr15:0000141a |
gr16:00000003 |gr17:00000010 |gr18:00000000 |gr19:00000000 |
gr20:00000000 |gr21:00000000 |gr22:00000000 |gr23:00000000 |
gr24:00000000 |gr25:00000000 |gr26:00000000 |gr27:00000000 |
gr28:00000000 |gr29:00000000 |gr30:aaaaaaaa |gr31:aaaaaaaa |

PC : 0000163c |MCAUSE: 08000000
gr 0:60008888 |gr 1:00000000 |gr 2:60008888 |gr 3:ffffffff |
gr 4:00000001 |gr 5:fffffffa |gr 6:aaaaaaaa |gr 7:ffffffff |
gr 8:55555555 |gr 9:aaaaaaaa |gr10:0000b000 |gr11:cdeabcde |
gr12:00000000 |gr13:00000000 |gr14:00000000 |gr15:0000141a |
gr16:00000003 |gr17:00000010 |gr18:00000000 |gr19:00000000 |
gr20:00000000 |gr21:00000000 |gr22:00000000 |gr23:00000000 |
gr24:00000000 |gr25:00000000 |gr26:00000000 |gr27:00000000 |
gr28:00000000 |gr29:00000000 |gr30:aaaaaaaa |gr31:aaaaaaaa |

PC : 00001644 |MCAUSE: 08000000
gr 0:60008888 |gr 1:00000000 |gr 2:60008888 |gr 3:ffffffff |
gr 4:00000001 |gr 5:fffffffa |gr 6:aaaaaaaa |gr 7:ffffffff |
gr 8:55555555 |gr 9:aaaaaaaa |gr10:0000b000 |gr11:cdeabcde |
gr12:00000000 |gr13:00000000 |gr14:00000000 |gr15:0000141a |
gr16:00000003 |gr17:00000010 |gr18:00000000 |gr19:00000000 |
gr20:00000000 |gr21:00000000 |gr22:00000000 |gr23:00000000 |
gr24:00000000 |gr25:00000000 |gr26:00000000 |gr27:00000000 |
gr28:00000000 |gr29:00000000 |gr30:aaaaaaaa |gr31:aaaaaaaa |

PC : 00001646 |MCAUSE: 08000000
gr 0:60008888 |gr 1:00000000 |gr 2:60008888 |gr 3:ffffffff |
gr 4:00000001 |gr 5:fffffffa |gr 6:aaaaaaaa |gr 7:ffffffff |
gr 8:55555555 |gr 9:aaaaaaaa |gr10:0000b000 |gr11:cdeabcde |
gr12:00000000 |gr13:00000000 |gr14:00000000 |gr15:0000141a |
gr16:00000003 |gr17:00000010 |gr18:00000000 |gr19:00000000 |
gr20:00000000 |gr21:00000000 |gr22:00000000 |gr23:00000000 |
gr24:00000000 |gr25:00000000 |gr26:00000000 |gr27:00000000 |
gr28:00000000 |gr29:00000000 |gr30:aaaaaaaa |gr31:aaaaaaaa |

PC : 0000164e |MCAUSE: 08000000
gr 0:60008888 |gr 1:fffffff9 |gr 2:60008888 |gr 3:ffffffff |
gr 4:00000001 |gr 5:fffffffa |gr 6:aaaaaaaa |gr 7:ffffffff |
gr 8:55555555 |gr 9:aaaaaaaa |gr10:0000b000 |gr11:cdeabcde |
gr12:00000000 |gr13:00000000 |gr14:00000000 |gr15:0000141a |
gr16:00000003 |gr17:00000010 |gr18:00000000 |gr19:00000000 |
gr20:00000000 |gr21:00000000 |gr22:00000000 |gr23:00000000 |
gr24:00000000 |gr25:00000000 |gr26:00000000 |gr27:00000000 |
gr28:00000000 |gr29:00000000 |gr30:aaaaaaaa |gr31:aaaaaaaa |

PC : 00001652 |MCAUSE: 08000000
gr 0:60008888 |gr 1:fffffff9 |gr 2:60008888 |gr 3:ffffffff |
gr 4:00000001 |gr 5:fffffffa |gr 6:aaaaaaaa |gr 7:ffffffff |
gr 8:55555555 |gr 9:aaaaaaaa |gr10:0000b000 |gr11:cdeabcde |
gr12:00000000 |gr13:00000000 |gr14:00000000 |gr15:0000141a |
gr16:00000003 |gr17:00000010 |gr18:00000000 |gr19:00000000 |
gr20:00000000 |gr21:00000000 |gr22:00000000 |gr23:00000000 |
gr24:00000000 |gr25:00000000 |gr26:00000000 |gr27:00000000 |
gr28:00000000 |gr29:00000000 |gr30:aaaaaaaa |gr31:aaaaaaaa |

PC : 00001652 |MCAUSE: 08000000
gr 0:60008888 |gr 1:fffffff9 |gr 2:60008888 |gr 3:ffffffff |
gr 4:00000001 |gr 5:fffffffa |gr 6:aaaaaaaa |gr 7:ffffffff |
gr 8:55555555 |gr 9:aaaaaaaa |gr10:0000b000 |gr11:cdeabcde |
gr12:00000000 |gr13:00000000 |gr14:00000000 |gr15:0000141a |
gr16:00000003 |gr17:00000010 |gr18:00000000 |gr19:00000000 |
gr20:00000000 |gr21:00000000 |gr22:00000000 |gr23:00000000 |
gr24:00000000 |gr25:00000000 |gr26:00000000 |gr27:00000000 |
gr28:00000000 |gr29:00000000 |gr30:aaaaaaaa |gr31:aaaaaaaa |

PC : 00001652 |MCAUSE: 08000000
gr 0:60008888 |gr 1:fffffffa |gr 2:60008888 |gr 3:ffffffff |
gr 4:00000001 |gr 5:fffffffa |gr 6:aaaaaaaa |gr 7:ffffffff |
gr 8:55555555 |gr 9:aaaaaaaa |gr10:0000b000 |gr11:cdeabcde |
gr12:00000000 |gr13:00000000 |gr14:00000000 |gr15:0000141a |
gr16:00000003 |gr17:00000010 |gr18:00000000 |gr19:00000000 |
gr20:00000000 |gr21:00000000 |gr22:00000000 |gr23:00000000 |
gr24:00000000 |gr25:00000000 |gr26:00000000 |gr27:00000000 |
gr28:00000000 |gr29:00000000 |gr30:aaaaaaaa |gr31:aaaaaaaa |

PC : 00001652 |MCAUSE: 08000000
gr 0:60008888 |gr 1:fffffffa |gr 2:60008888 |gr 3:ffffffff |
gr 4:00000001 |gr 5:fffffffa |gr 6:aaaaaaaa |gr 7:ffffffff |
gr 8:55555555 |gr 9:aaaaaaaa |gr10:0000b000 |gr11:cdeabcde |
gr12:00000000 |gr13:00000000 |gr14:00000000 |gr15:0000141a |
gr16:00000003 |gr17:00000010 |gr18:00000000 |gr19:00000000 |
gr20:00000000 |gr21:00000000 |gr22:00000000 |gr23:00000000 |
gr24:00000000 |gr25:00000000 |gr26:00000000 |gr27:00000000 |
gr28:00000000 |gr29:00000000 |gr30:aaaaaaaa |gr31:aaaaaaaa |

PC : 00001652 |MCAUSE: 08000000
gr 0:60008888 |gr 1:00000001 |gr 2:60008888 |gr 3:ffffffff |
gr 4:00000001 |gr 5:fffffffa |gr 6:aaaaaaaa |gr 7:ffffffff |
gr 8:55555555 |gr 9:aaaaaaaa |gr10:0000b000 |gr11:cdeabcde |
gr12:00000000 |gr13:00000000 |gr14:00000000 |gr15:0000141a |
gr16:00000003 |gr17:00000010 |gr18:00000000 |gr19:00000000 |
gr20:00000000 |gr21:00000000 |gr22:00000000 |gr23:00000000 |
gr24:00000000 |gr25:00000000 |gr26:00000000 |gr27:00000000 |
gr28:00000000 |gr29:00000000 |gr30:aaaaaaaa |gr31:aaaaaaaa |

PC : 00001656 |MCAUSE: 08000000
gr 0:60008888 |gr 1:00000001 |gr 2:60008888 |gr 3:ffffffff |
gr 4:00000001 |gr 5:fffffffa |gr 6:aaaaaaaa |gr 7:ffffffff |
gr 8:55555555 |gr 9:aaaaaaaa |gr10:0000b000 |gr11:cdeabcde |
gr12:00000000 |gr13:00000000 |gr14:00000000 |gr15:0000141a |
gr16:00000003 |gr17:00000010 |gr18:00000000 |gr19:00000000 |
gr20:00000000 |gr21:00000000 |gr22:00000000 |gr23:00000000 |
gr24:00000000 |gr25:00000000 |gr26:00000000 |gr27:00000000 |
gr28:00000000 |gr29:00000000 |gr30:aaaaaaaa |gr31:aaaaaaaa |

PC : 0000165e |MCAUSE: 08000000
gr 0:60008888 |gr 1:00000001 |gr 2:60008888 |gr 3:ffffffff |
gr 4:00000001 |gr 5:fffffffa |gr 6:aaaaaaaa |gr 7:ffffffff |
gr 8:55555555 |gr 9:aaaaaaaa |gr10:0000b000 |gr11:cdeabcde |
gr12:00000000 |gr13:00000000 |gr14:00000000 |gr15:0000141a |
gr16:00000003 |gr17:00000010 |gr18:00000000 |gr19:00000000 |
gr20:00000000 |gr21:00000000 |gr22:00000000 |gr23:00000000 |
gr24:00000000 |gr25:00000000 |gr26:00000000 |gr27:00000000 |
gr28:00000000 |gr29:00000000 |gr30:aaaaaaaa |gr31:aaaaaaaa |

PC : 00001660 |MCAUSE: 08000000
gr 0:60008888 |gr 1:00000001 |gr 2:60008888 |gr 3:ffffffff |
gr 4:00000001 |gr 5:fffffffa |gr 6:aaaaaaaa |gr 7:ffffffff |
gr 8:55555555 |gr 9:aaaaaaaa |gr10:0000b000 |gr11:cdeabcde |
gr12:00000000 |gr13:00000000 |gr14:00000000 |gr15:0000141a |
gr16:00000003 |gr17:00000010 |gr18:00000000 |gr19:00000000 |
gr20:00000000 |gr21:00000000 |gr22:00000000 |gr23:00000000 |
gr24:00000000 |gr25:00000000 |gr26:00000000 |gr27:00000000 |
gr28:00000000 |gr29:00000000 |gr30:aaaaaaaa |gr31:aaaaaaaa |

PC : 00001668 |MCAUSE: 08000000
gr 0:60008888 |gr 1:aaaab000 |gr 2:60008888 |gr 3:ffffffff |
gr 4:00000001 |gr 5:fffffffa |gr 6:aaaaaaaa |gr 7:ffffffff |
gr 8:55555555 |gr 9:aaaaaaaa |gr10:0000b000 |gr11:cdeabcde |
gr12:00000000 |gr13:00000000 |gr14:00000000 |gr15:0000141a |
gr16:00000003 |gr17:00000010 |gr18:00000000 |gr19:00000000 |
gr20:00000000 |gr21:00000000 |gr22:00000000 |gr23:00000000 |
gr24:00000000 |gr25:00000000 |gr26:00000000 |gr27:00000000 |
gr28:00000000 |gr29:00000000 |gr30:aaaaaaaa |gr31:aaaaaaaa |

PC : 0000166c |MCAUSE: 08000000
gr 0:60008888 |gr 1:aaaaaaaa |gr 2:60008888 |gr 3:ffffffff |
gr 4:00000001 |gr 5:fffffffa |gr 6:aaaaaaaa |gr 7:ffffffff |
gr 8:55555555 |gr 9:aaaaaaaa |gr10:0000b000 |gr11:cdeabcde |
gr12:00000000 |gr13:00000000 |gr14:00000000 |gr15:0000141a |
gr16:00000003 |gr17:00000010 |gr18:00000000 |gr19:00000000 |
gr20:00000000 |gr21:00000000 |gr22:00000000 |gr23:00000000 |
gr24:00000000 |gr25:00000000 |gr26:00000000 |gr27:00000000 |
gr28:00000000 |gr29:00000000 |gr30:aaaaaaaa |gr31:aaaaaaaa |

PC : 00001670 |MCAUSE: 08000000
gr 0:60008888 |gr 1:aaaaaaaa |gr 2:60008888 |gr 3:ffffffff |
gr 4:00000001 |gr 5:fffffffa |gr 6:aaaaaaaa |gr 7:ffffffff |
gr 8:55555555 |gr 9:aaaaaaaa |gr10:0000b000 |gr11:cdeabcde |
gr12:00000000 |gr13:00000000 |gr14:00000000 |gr15:0000141a |
gr16:00000003 |gr17:00000010 |gr18:00000000 |gr19:00000000 |
gr20:00000000 |gr21:00000000 |gr22:00000000 |gr23:00000000 |
gr24:00000000 |gr25:00000000 |gr26:00000000 |gr27:00000000 |
gr28:00000000 |gr29:00000000 |gr30:aaaaaaaa |gr31:aaaaaaaa |

PC : 00001670 |MCAUSE: 08000000
gr 0:60008888 |gr 1:aaaaaaaa |gr 2:60008888 |gr 3:ffffffff |
gr 4:00000001 |gr 5:fffffffa |gr 6:aaaaaaaa |gr 7:ffffffff |
gr 8:55555555 |gr 9:aaaaaaaa |gr10:0000b000 |gr11:cdeabcde |
gr12:00000000 |gr13:00000000 |gr14:00000000 |gr15:0000141a |
gr16:00000003 |gr17:00000010 |gr18:00000000 |gr19:00000000 |
gr20:00000000 |gr21:00000000 |gr22:00000000 |gr23:00000000 |
gr24:00000000 |gr25:00000000 |gr26:00000000 |gr27:00000000 |
gr28:00000000 |gr29:00000000 |gr30:aaaaaaaa |gr31:aaaaaaaa |

PC : 00001670 |MCAUSE: 08000000
gr 0:60008888 |gr 1:aaaaaaaa |gr 2:60008888 |gr 3:ffffffff |
gr 4:00000001 |gr 5:fffffffa |gr 6:aaaaaaaa |gr 7:ffffffff |
gr 8:55555555 |gr 9:aaaaaaaa |gr10:0000b000 |gr11:cdeabcde |
gr12:00000000 |gr13:00000000 |gr14:00000000 |gr15:0000141a |
gr16:00000003 |gr17:00000010 |gr18:00000000 |gr19:00000000 |
gr20:00000000 |gr21:00000000 |gr22:00000000 |gr23:00000000 |
gr24:00000000 |gr25:00000000 |gr26:00000000 |gr27:00000000 |
gr28:00000000 |gr29:00000000 |gr30:aaaaaaaa |gr31:aaaaaaaa |

PC : 00001670 |MCAUSE: 08000000
gr 0:60008888 |gr 1:aaaaaaaa |gr 2:60008888 |gr 3:ffffffff |
gr 4:00000001 |gr 5:fffffffa |gr 6:aaaaaaaa |gr 7:ffffffff |
gr 8:55555555 |gr 9:aaaaaaaa |gr10:0000b000 |gr11:cdeabcde |
gr12:00000000 |gr13:00000000 |gr14:00000000 |gr15:0000141a |
gr16:00000003 |gr17:00000010 |gr18:00000000 |gr19:00000000 |
gr20:00000000 |gr21:00000000 |gr22:00000000 |gr23:00000000 |
gr24:00000000 |gr25:00000000 |gr26:00000000 |gr27:00000000 |
gr28:00000000 |gr29:00000000 |gr30:aaaaaaaa |gr31:aaaaaaaa |

PC : 00001670 |MCAUSE: 08000000
gr 0:60008888 |gr 1:fffffffa |gr 2:60008888 |gr 3:ffffffff |
gr 4:00000001 |gr 5:fffffffa |gr 6:aaaaaaaa |gr 7:ffffffff |
gr 8:55555555 |gr 9:aaaaaaaa |gr10:0000b000 |gr11:cdeabcde |
gr12:00000000 |gr13:00000000 |gr14:00000000 |gr15:0000141a |
gr16:00000003 |gr17:00000010 |gr18:00000000 |gr19:00000000 |
gr20:00000000 |gr21:00000000 |gr22:00000000 |gr23:00000000 |
gr24:00000000 |gr25:00000000 |gr26:00000000 |gr27:00000000 |
gr28:00000000 |gr29:00000000 |gr30:aaaaaaaa |gr31:aaaaaaaa |

PC : 00001674 |MCAUSE: 08000000
gr 0:60008888 |gr 1:fffffffa |gr 2:60008888 |gr 3:ffffffff |
gr 4:00000001 |gr 5:fffffffa |gr 6:aaaaaaaa |gr 7:ffffffff |
gr 8:55555555 |gr 9:aaaaaaaa |gr10:0000b000 |gr11:cdeabcde |
gr12:00000000 |gr13:00000000 |gr14:00000000 |gr15:0000141a |
gr16:00000003 |gr17:00000010 |gr18:00000000 |gr19:00000000 |
gr20:00000000 |gr21:00000000 |gr22:00000000 |gr23:00000000 |
gr24:00000000 |gr25:00000000 |gr26:00000000 |gr27:00000000 |
gr28:00000000 |gr29:00000000 |gr30:aaaaaaaa |gr31:aaaaaaaa |

PC : 0000167c |MCAUSE: 08000000
gr 0:60008888 |gr 1:fffffffa |gr 2:60008888 |gr 3:ffffffff |
gr 4:00000001 |gr 5:fffffffa |gr 6:aaaaaaaa |gr 7:ffffffff |
gr 8:55555555 |gr 9:aaaaaaaa |gr10:0000b000 |gr11:cdeabcde |
gr12:00000000 |gr13:00000000 |gr14:00000000 |gr15:0000141a |
gr16:00000003 |gr17:00000010 |gr18:00000000 |gr19:00000000 |
gr20:00000000 |gr21:00000000 |gr22:00000000 |gr23:00000000 |
gr24:00000000 |gr25:00000000 |gr26:00000000 |gr27:00000000 |
gr28:00000000 |gr29:00000000 |gr30:aaaaaaaa |gr31:aaaaaaaa |

PC : 0000167e |MCAUSE: 08000000
gr 0:60008888 |gr 1:fffffffa |gr 2:60008888 |gr 3:ffffffff |
gr 4:00000001 |gr 5:fffffffa |gr 6:aaaaaaaa |gr 7:ffffffff |
gr 8:55555555 |gr 9:aaaaaaaa |gr10:0000b000 |gr11:cdeabcde |
gr12:00000000 |gr13:00000000 |gr14:00000000 |gr15:0000141a |
gr16:00000003 |gr17:00000010 |gr18:00000000 |gr19:00000000 |
gr20:00000000 |gr21:00000000 |gr22:00000000 |gr23:00000000 |
gr24:00000000 |gr25:00000000 |gr26:00000000 |gr27:00000000 |
gr28:00000000 |gr29:00000000 |gr30:aaaaaaaa |gr31:aaaaaaaa |

PC : 00001686 |MCAUSE: 08000000
gr 0:60008888 |gr 1:55555000 |gr 2:60008888 |gr 3:ffffffff |
gr 4:00000001 |gr 5:fffffffa |gr 6:aaaaaaaa |gr 7:ffffffff |
gr 8:55555555 |gr 9:aaaaaaaa |gr10:0000b000 |gr11:cdeabcde |
gr12:00000000 |gr13:00000000 |gr14:00000000 |gr15:0000141a |
gr16:00000003 |gr17:00000010 |gr18:00000000 |gr19:00000000 |
gr20:00000000 |gr21:00000000 |gr22:00000000 |gr23:00000000 |
gr24:00000000 |gr25:00000000 |gr26:00000000 |gr27:00000000 |
gr28:00000000 |gr29:00000000 |gr30:aaaaaaaa |gr31:aaaaaaaa |

PC : 0000168a |MCAUSE: 08000000
gr 0:60008888 |gr 1:55555555 |gr 2:60008888 |gr 3:ffffffff |
gr 4:00000001 |gr 5:fffffffa |gr 6:aaaaaaaa |gr 7:ffffffff |
gr 8:55555555 |gr 9:aaaaaaaa |gr10:0000b000 |gr11:cdeabcde |
gr12:00000000 |gr13:00000000 |gr14:00000000 |gr15:0000141a |
gr16:00000003 |gr17:00000010 |gr18:00000000 |gr19:00000000 |
gr20:00000000 |gr21:00000000 |gr22:00000000 |gr23:00000000 |
gr24:00000000 |gr25:00000000 |gr26:00000000 |gr27:00000000 |
gr28:00000000 |gr29:00000000 |gr30:aaaaaaaa |gr31:aaaaaaaa |

PC : 0000168e |MCAUSE: 08000000
gr 0:60008888 |gr 1:55555555 |gr 2:60008888 |gr 3:ffffffff |
gr 4:00000001 |gr 5:fffffffa |gr 6:aaaaaaaa |gr 7:ffffffff |
gr 8:55555555 |gr 9:aaaaaaaa |gr10:0000b000 |gr11:cdeabcde |
gr12:00000000 |gr13:00000000 |gr14:00000000 |gr15:0000141a |
gr16:00000003 |gr17:00000010 |gr18:00000000 |gr19:00000000 |
gr20:00000000 |gr21:00000000 |gr22:00000000 |gr23:00000000 |
gr24:00000000 |gr25:00000000 |gr26:00000000 |gr27:00000000 |
gr28:00000000 |gr29:00000000 |gr30:aaaaaaaa |gr31:aaaaaaaa |

PC : 0000168e |MCAUSE: 08000000
gr 0:60008888 |gr 1:55555555 |gr 2:60008888 |gr 3:ffffffff |
gr 4:00000001 |gr 5:fffffffa |gr 6:aaaaaaaa |gr 7:ffffffff |
gr 8:55555555 |gr 9:aaaaaaaa |gr10:0000b000 |gr11:cdeabcde |
gr12:00000000 |gr13:00000000 |gr14:00000000 |gr15:0000141a |
gr16:00000003 |gr17:00000010 |gr18:00000000 |gr19:00000000 |
gr20:00000000 |gr21:00000000 |gr22:00000000 |gr23:00000000 |
gr24:00000000 |gr25:00000000 |gr26:00000000 |gr27:00000000 |
gr28:00000000 |gr29:00000000 |gr30:aaaaaaaa |gr31:aaaaaaaa |

PC : 0000168e |MCAUSE: 08000000
gr 0:60008888 |gr 1:00000000 |gr 2:60008888 |gr 3:ffffffff |
gr 4:00000001 |gr 5:fffffffa |gr 6:aaaaaaaa |gr 7:ffffffff |
gr 8:55555555 |gr 9:aaaaaaaa |gr10:0000b000 |gr11:cdeabcde |
gr12:00000000 |gr13:00000000 |gr14:00000000 |gr15:0000141a |
gr16:00000003 |gr17:00000010 |gr18:00000000 |gr19:00000000 |
gr20:00000000 |gr21:00000000 |gr22:00000000 |gr23:00000000 |
gr24:00000000 |gr25:00000000 |gr26:00000000 |gr27:00000000 |
gr28:00000000 |gr29:00000000 |gr30:aaaaaaaa |gr31:aaaaaaaa |

PC : 0000168e |MCAUSE: 08000000
gr 0:60008888 |gr 1:00000000 |gr 2:60008888 |gr 3:ffffffff |
gr 4:00000001 |gr 5:fffffffa |gr 6:aaaaaaaa |gr 7:ffffffff |
gr 8:55555555 |gr 9:aaaaaaaa |gr10:0000b000 |gr11:cdeabcde |
gr12:00000000 |gr13:00000000 |gr14:00000000 |gr15:0000141a |
gr16:00000003 |gr17:00000010 |gr18:00000000 |gr19:00000000 |
gr20:00000000 |gr21:00000000 |gr22:00000000 |gr23:00000000 |
gr24:00000000 |gr25:00000000 |gr26:00000000 |gr27:00000000 |
gr28:00000000 |gr29:00000000 |gr30:aaaaaaaa |gr31:aaaaaaaa |

PC : 0000168e |MCAUSE: 08000000
gr 0:60008888 |gr 1:aaaaaaaa |gr 2:60008888 |gr 3:ffffffff |
gr 4:00000001 |gr 5:fffffffa |gr 6:aaaaaaaa |gr 7:ffffffff |
gr 8:55555555 |gr 9:aaaaaaaa |gr10:0000b000 |gr11:cdeabcde |
gr12:00000000 |gr13:00000000 |gr14:00000000 |gr15:0000141a |
gr16:00000003 |gr17:00000010 |gr18:00000000 |gr19:00000000 |
gr20:00000000 |gr21:00000000 |gr22:00000000 |gr23:00000000 |
gr24:00000000 |gr25:00000000 |gr26:00000000 |gr27:00000000 |
gr28:00000000 |gr29:00000000 |gr30:aaaaaaaa |gr31:aaaaaaaa |

PC : 00001692 |MCAUSE: 08000000
gr 0:60008888 |gr 1:aaaaaaaa |gr 2:60008888 |gr 3:ffffffff |
gr 4:00000001 |gr 5:fffffffa |gr 6:aaaaaaaa |gr 7:ffffffff |
gr 8:55555555 |gr 9:aaaaaaaa |gr10:0000b000 |gr11:cdeabcde |
gr12:00000000 |gr13:00000000 |gr14:00000000 |gr15:0000141a |
gr16:00000003 |gr17:00000010 |gr18:00000000 |gr19:00000000 |
gr20:00000000 |gr21:00000000 |gr22:00000000 |gr23:00000000 |
gr24:00000000 |gr25:00000000 |gr26:00000000 |gr27:00000000 |
gr28:00000000 |gr29:00000000 |gr30:aaaaaaaa |gr31:aaaaaaaa |

PC : 0000169a |MCAUSE: 08000000
gr 0:60008888 |gr 1:aaaaaaaa |gr 2:60008888 |gr 3:ffffffff |
gr 4:00000001 |gr 5:fffffffa |gr 6:aaaaaaaa |gr 7:ffffffff |
gr 8:55555555 |gr 9:aaaaaaaa |gr10:0000b000 |gr11:cdeabcde |
gr12:00000000 |gr13:00000000 |gr14:00000000 |gr15:0000141a |
gr16:00000003 |gr17:00000010 |gr18:00000000 |gr19:00000000 |
gr20:00000000 |gr21:00000000 |gr22:00000000 |gr23:00000000 |
gr24:00000000 |gr25:00000000 |gr26:00000000 |gr27:00000000 |
gr28:00000000 |gr29:00000000 |gr30:aaaaaaaa |gr31:aaaaaaaa |

PC : 0000169c |MCAUSE: 08000000
gr 0:60008888 |gr 1:aaaaaaaa |gr 2:60008888 |gr 3:ffffffff |
gr 4:00000001 |gr 5:fffffffa |gr 6:aaaaaaaa |gr 7:ffffffff |
gr 8:55555555 |gr 9:aaaaaaaa |gr10:0000b000 |gr11:cdeabcde |
gr12:00000000 |gr13:00000000 |gr14:00000000 |gr15:0000141a |
gr16:00000003 |gr17:00000010 |gr18:00000000 |gr19:00000000 |
gr20:00000000 |gr21:00000000 |gr22:00000000 |gr23:00000000 |
gr24:00000000 |gr25:00000000 |gr26:00000000 |gr27:00000000 |
gr28:00000000 |gr29:00000000 |gr30:aaaaaaaa |gr31:aaaaaaaa |

PC : 000016a4 |MCAUSE: 08000000
gr 0:60008888 |gr 1:aaaab000 |gr 2:60008888 |gr 3:ffffffff |
gr 4:00000001 |gr 5:fffffffa |gr 6:aaaaaaaa |gr 7:ffffffff |
gr 8:55555555 |gr 9:aaaaaaaa |gr10:0000b000 |gr11:cdeabcde |
gr12:00000000 |gr13:00000000 |gr14:00000000 |gr15:0000141a |
gr16:00000003 |gr17:00000010 |gr18:00000000 |gr19:00000000 |
gr20:00000000 |gr21:00000000 |gr22:00000000 |gr23:00000000 |
gr24:00000000 |gr25:00000000 |gr26:00000000 |gr27:00000000 |
gr28:00000000 |gr29:00000000 |gr30:aaaaaaaa |gr31:aaaaaaaa |

PC : 000016a8 |MCAUSE: 08000000
gr 0:60008888 |gr 1:aaaaaaaa |gr 2:60008888 |gr 3:ffffffff |
gr 4:00000001 |gr 5:fffffffa |gr 6:aaaaaaaa |gr 7:ffffffff |
gr 8:55555555 |gr 9:aaaaaaaa |gr10:0000b000 |gr11:cdeabcde |
gr12:00000000 |gr13:00000000 |gr14:00000000 |gr15:0000141a |
gr16:00000003 |gr17:00000010 |gr18:00000000 |gr19:00000000 |
gr20:00000000 |gr21:00000000 |gr22:00000000 |gr23:00000000 |
gr24:00000000 |gr25:00000000 |gr26:00000000 |gr27:00000000 |
gr28:00000000 |gr29:00000000 |gr30:aaaaaaaa |gr31:aaaaaaaa |

PC : 000016ac |MCAUSE: 08000000
gr 0:60008888 |gr 1:aaaaaaaa |gr 2:60008888 |gr 3:ffffffff |
gr 4:00000001 |gr 5:fffffffa |gr 6:aaaaaaaa |gr 7:ffffffff |
gr 8:55555555 |gr 9:aaaaaaaa |gr10:0000b000 |gr11:cdeabcde |
gr12:00000000 |gr13:00000000 |gr14:00000000 |gr15:0000141a |
gr16:00000003 |gr17:00000010 |gr18:00000000 |gr19:00000000 |
gr20:00000000 |gr21:00000000 |gr22:00000000 |gr23:00000000 |
gr24:00000000 |gr25:00000000 |gr26:00000000 |gr27:00000000 |
gr28:00000000 |gr29:00000000 |gr30:aaaaaaaa |gr31:aaaaaaaa |

PC : 000016ac |MCAUSE: 08000000
gr 0:60008888 |gr 1:aaaaaaaa |gr 2:60008888 |gr 3:ffffffff |
gr 4:00000001 |gr 5:fffffffa |gr 6:aaaaaaaa |gr 7:ffffffff |
gr 8:55555555 |gr 9:aaaaaaaa |gr10:0000b000 |gr11:cdeabcde |
gr12:00000000 |gr13:00000000 |gr14:00000000 |gr15:0000141a |
gr16:00000003 |gr17:00000010 |gr18:00000000 |gr19:00000000 |
gr20:00000000 |gr21:00000000 |gr22:00000000 |gr23:00000000 |
gr24:00000000 |gr25:00000000 |gr26:00000000 |gr27:00000000 |
gr28:00000000 |gr29:00000000 |gr30:aaaaaaaa |gr31:aaaaaaaa |

PC : 000016ac |MCAUSE: 08000000
gr 0:60008888 |gr 1:aaaaaaaa |gr 2:60008888 |gr 3:ffffffff |
gr 4:00000001 |gr 5:fffffffa |gr 6:aaaaaaaa |gr 7:ffffffff |
gr 8:55555555 |gr 9:aaaaaaaa |gr10:0000b000 |gr11:cdeabcde |
gr12:00000000 |gr13:00000000 |gr14:00000000 |gr15:0000141a |
gr16:00000003 |gr17:00000010 |gr18:00000000 |gr19:00000000 |
gr20:00000000 |gr21:00000000 |gr22:00000000 |gr23:00000000 |
gr24:00000000 |gr25:00000000 |gr26:00000000 |gr27:00000000 |
gr28:00000000 |gr29:00000000 |gr30:aaaaaaaa |gr31:aaaaaaaa |

PC : 000016ac |MCAUSE: 08000000
gr 0:60008888 |gr 1:aaaaaaaa |gr 2:60008888 |gr 3:ffffffff |
gr 4:00000001 |gr 5:fffffffa |gr 6:aaaaaaaa |gr 7:ffffffff |
gr 8:55555555 |gr 9:aaaaaaaa |gr10:0000b000 |gr11:cdeabcde |
gr12:00000000 |gr13:00000000 |gr14:00000000 |gr15:0000141a |
gr16:00000003 |gr17:00000010 |gr18:00000000 |gr19:00000000 |
gr20:00000000 |gr21:00000000 |gr22:00000000 |gr23:00000000 |
gr24:00000000 |gr25:00000000 |gr26:00000000 |gr27:00000000 |
gr28:00000000 |gr29:00000000 |gr30:aaaaaaaa |gr31:aaaaaaaa |

PC : 000016ac |MCAUSE: 08000000
gr 0:60008888 |gr 1:00000000 |gr 2:60008888 |gr 3:ffffffff |
gr 4:00000001 |gr 5:fffffffa |gr 6:aaaaaaaa |gr 7:ffffffff |
gr 8:55555555 |gr 9:aaaaaaaa |gr10:0000b000 |gr11:cdeabcde |
gr12:00000000 |gr13:00000000 |gr14:00000000 |gr15:0000141a |
gr16:00000003 |gr17:00000010 |gr18:00000000 |gr19:00000000 |
gr20:00000000 |gr21:00000000 |gr22:00000000 |gr23:00000000 |
gr24:00000000 |gr25:00000000 |gr26:00000000 |gr27:00000000 |
gr28:00000000 |gr29:00000000 |gr30:aaaaaaaa |gr31:aaaaaaaa |

PC : 000016b0 |MCAUSE: 08000000
gr 0:60008888 |gr 1:00000000 |gr 2:60008888 |gr 3:ffffffff |
gr 4:00000001 |gr 5:fffffffa |gr 6:aaaaaaaa |gr 7:ffffffff |
gr 8:55555555 |gr 9:aaaaaaaa |gr10:0000b000 |gr11:cdeabcde |
gr12:00000000 |gr13:00000000 |gr14:00000000 |gr15:0000141a |
gr16:00000003 |gr17:00000010 |gr18:00000000 |gr19:00000000 |
gr20:00000000 |gr21:00000000 |gr22:00000000 |gr23:00000000 |
gr24:00000000 |gr25:00000000 |gr26:00000000 |gr27:00000000 |
gr28:00000000 |gr29:00000000 |gr30:aaaaaaaa |gr31:aaaaaaaa |

PC : 000016b8 |MCAUSE: 08000000
gr 0:60008888 |gr 1:00000000 |gr 2:60008888 |gr 3:ffffffff |
gr 4:00000001 |gr 5:fffffffa |gr 6:aaaaaaaa |gr 7:ffffffff |
gr 8:55555555 |gr 9:aaaaaaaa |gr10:0000b000 |gr11:cdeabcde |
gr12:00000000 |gr13:00000000 |gr14:00000000 |gr15:0000141a |
gr16:00000003 |gr17:00000010 |gr18:00000000 |gr19:00000000 |
gr20:00000000 |gr21:00000000 |gr22:00000000 |gr23:00000000 |
gr24:00000000 |gr25:00000000 |gr26:00000000 |gr27:00000000 |
gr28:00000000 |gr29:00000000 |gr30:aaaaaaaa |gr31:aaaaaaaa |

PC : 000016ba |MCAUSE: 08000000
gr 0:60008888 |gr 1:00000000 |gr 2:60008888 |gr 3:ffffffff |
gr 4:00000001 |gr 5:fffffffa |gr 6:aaaaaaaa |gr 7:ffffffff |
gr 8:55555555 |gr 9:aaaaaaaa |gr10:0000b000 |gr11:cdeabcde |
gr12:00000000 |gr13:00000000 |gr14:00000000 |gr15:0000141a |
gr16:00000003 |gr17:00000010 |gr18:00000000 |gr19:00000000 |
gr20:00000000 |gr21:00000000 |gr22:00000000 |gr23:00000000 |
gr24:00000000 |gr25:00000000 |gr26:00000000 |gr27:00000000 |
gr28:00000000 |gr29:00000000 |gr30:aaaaaaaa |gr31:aaaaaaaa |

PC : 000016c2 |MCAUSE: 08000000
gr 0:60008888 |gr 1:55555000 |gr 2:60008888 |gr 3:ffffffff |
gr 4:00000001 |gr 5:fffffffa |gr 6:aaaaaaaa |gr 7:ffffffff |
gr 8:55555555 |gr 9:aaaaaaaa |gr10:0000b000 |gr11:cdeabcde |
gr12:00000000 |gr13:00000000 |gr14:00000000 |gr15:0000141a |
gr16:00000003 |gr17:00000010 |gr18:00000000 |gr19:00000000 |
gr20:00000000 |gr21:00000000 |gr22:00000000 |gr23:00000000 |
gr24:00000000 |gr25:00000000 |gr26:00000000 |gr27:00000000 |
gr28:00000000 |gr29:00000000 |gr30:aaaaaaaa |gr31:aaaaaaaa |

PC : 000016c6 |MCAUSE: 08000000
gr 0:60008888 |gr 1:55555555 |gr 2:60008888 |gr 3:ffffffff |
gr 4:00000001 |gr 5:fffffffa |gr 6:aaaaaaaa |gr 7:ffffffff |
gr 8:55555555 |gr 9:aaaaaaaa |gr10:0000b000 |gr11:cdeabcde |
gr12:00000000 |gr13:00000000 |gr14:00000000 |gr15:0000141a |
gr16:00000003 |gr17:00000010 |gr18:00000000 |gr19:00000000 |
gr20:00000000 |gr21:00000000 |gr22:00000000 |gr23:00000000 |
gr24:00000000 |gr25:00000000 |gr26:00000000 |gr27:00000000 |
gr28:00000000 |gr29:00000000 |gr30:aaaaaaaa |gr31:aaaaaaaa |

PC : 000016ca |MCAUSE: 08000000
gr 0:60008888 |gr 1:55555555 |gr 2:60008888 |gr 3:ffffffff |
gr 4:00000001 |gr 5:fffffffa |gr 6:aaaaaaaa |gr 7:ffffffff |
gr 8:55555555 |gr 9:aaaaaaaa |gr10:0000b000 |gr11:cdeabcde |
gr12:00000000 |gr13:00000000 |gr14:00000000 |gr15:0000141a |
gr16:00000003 |gr17:00000010 |gr18:00000000 |gr19:00000000 |
gr20:00000000 |gr21:00000000 |gr22:00000000 |gr23:00000000 |
gr24:00000000 |gr25:00000000 |gr26:00000000 |gr27:00000000 |
gr28:00000000 |gr29:00000000 |gr30:aaaaaaaa |gr31:aaaaaaaa |

PC : 000016ca |MCAUSE: 08000000
gr 0:60008888 |gr 1:55555555 |gr 2:60008888 |gr 3:ffffffff |
gr 4:00000001 |gr 5:fffffffa |gr 6:aaaaaaaa |gr 7:ffffffff |
gr 8:55555555 |gr 9:aaaaaaaa |gr10:0000b000 |gr11:cdeabcde |
gr12:00000000 |gr13:00000000 |gr14:00000000 |gr15:0000141a |
gr16:00000003 |gr17:00000010 |gr18:00000000 |gr19:00000000 |
gr20:00000000 |gr21:00000000 |gr22:00000000 |gr23:00000000 |
gr24:00000000 |gr25:00000000 |gr26:00000000 |gr27:00000000 |
gr28:00000000 |gr29:00000000 |gr30:aaaaaaaa |gr31:aaaaaaaa |

PC : 000016ca |MCAUSE: 08000000
gr 0:60008888 |gr 1:ffffffff |gr 2:60008888 |gr 3:ffffffff |
gr 4:00000001 |gr 5:fffffffa |gr 6:aaaaaaaa |gr 7:ffffffff |
gr 8:55555555 |gr 9:aaaaaaaa |gr10:0000b000 |gr11:cdeabcde |
gr12:00000000 |gr13:00000000 |gr14:00000000 |gr15:0000141a |
gr16:00000003 |gr17:00000010 |gr18:00000000 |gr19:00000000 |
gr20:00000000 |gr21:00000000 |gr22:00000000 |gr23:00000000 |
gr24:00000000 |gr25:00000000 |gr26:00000000 |gr27:00000000 |
gr28:00000000 |gr29:00000000 |gr30:aaaaaaaa |gr31:aaaaaaaa |

PC : 000016ca |MCAUSE: 08000000
gr 0:60008888 |gr 1:ffffffff |gr 2:60008888 |gr 3:ffffffff |
gr 4:00000001 |gr 5:fffffffa |gr 6:aaaaaaaa |gr 7:ffffffff |
gr 8:55555555 |gr 9:aaaaaaaa |gr10:0000b000 |gr11:cdeabcde |
gr12:00000000 |gr13:00000000 |gr14:00000000 |gr15:0000141a |
gr16:00000003 |gr17:00000010 |gr18:00000000 |gr19:00000000 |
gr20:00000000 |gr21:00000000 |gr22:00000000 |gr23:00000000 |
gr24:00000000 |gr25:00000000 |gr26:00000000 |gr27:00000000 |
gr28:00000000 |gr29:00000000 |gr30:aaaaaaaa |gr31:aaaaaaaa |

PC : 000016ca |MCAUSE: 08000000
gr 0:60008888 |gr 1:aaaaaaaa |gr 2:60008888 |gr 3:ffffffff |
gr 4:00000001 |gr 5:fffffffa |gr 6:aaaaaaaa |gr 7:ffffffff |
gr 8:55555555 |gr 9:aaaaaaaa |gr10:0000b000 |gr11:cdeabcde |
gr12:00000000 |gr13:00000000 |gr14:00000000 |gr15:0000141a |
gr16:00000003 |gr17:00000010 |gr18:00000000 |gr19:00000000 |
gr20:00000000 |gr21:00000000 |gr22:00000000 |gr23:00000000 |
gr24:00000000 |gr25:00000000 |gr26:00000000 |gr27:00000000 |
gr28:00000000 |gr29:00000000 |gr30:aaaaaaaa |gr31:aaaaaaaa |

PC : 000016ce |MCAUSE: 08000000
gr 0:60008888 |gr 1:aaaaaaaa |gr 2:60008888 |gr 3:ffffffff |
gr 4:00000001 |gr 5:fffffffa |gr 6:aaaaaaaa |gr 7:ffffffff |
gr 8:55555555 |gr 9:aaaaaaaa |gr10:0000b000 |gr11:cdeabcde |
gr12:00000000 |gr13:00000000 |gr14:00000000 |gr15:0000141a |
gr16:00000003 |gr17:00000010 |gr18:00000000 |gr19:00000000 |
gr20:00000000 |gr21:00000000 |gr22:00000000 |gr23:00000000 |
gr24:00000000 |gr25:00000000 |gr26:00000000 |gr27:00000000 |
gr28:00000000 |gr29:00000000 |gr30:aaaaaaaa |gr31:aaaaaaaa |

PC : 000016d6 |MCAUSE: 08000000
gr 0:60008888 |gr 1:aaaaaaaa |gr 2:60008888 |gr 3:ffffffff |
gr 4:00000001 |gr 5:fffffffa |gr 6:aaaaaaaa |gr 7:ffffffff |
gr 8:55555555 |gr 9:aaaaaaaa |gr10:0000b000 |gr11:cdeabcde |
gr12:00000000 |gr13:00000000 |gr14:00000000 |gr15:0000141a |
gr16:00000003 |gr17:00000010 |gr18:00000000 |gr19:00000000 |
gr20:00000000 |gr21:00000000 |gr22:00000000 |gr23:00000000 |
gr24:00000000 |gr25:00000000 |gr26:00000000 |gr27:00000000 |
gr28:00000000 |gr29:00000000 |gr30:aaaaaaaa |gr31:aaaaaaaa |

PC : 000016d8 |MCAUSE: 08000000
gr 0:60008888 |gr 1:aaaaaaaa |gr 2:60008888 |gr 3:ffffffff |
gr 4:00000001 |gr 5:fffffffa |gr 6:aaaaaaaa |gr 7:ffffffff |
gr 8:55555555 |gr 9:aaaaaaaa |gr10:0000b000 |gr11:cdeabcde |
gr12:00000000 |gr13:00000000 |gr14:00000000 |gr15:0000141a |
gr16:00000003 |gr17:00000010 |gr18:00000000 |gr19:00000000 |
gr20:00000000 |gr21:00000000 |gr22:00000000 |gr23:00000000 |
gr24:00000000 |gr25:00000000 |gr26:00000000 |gr27:00000000 |
gr28:00000000 |gr29:00000000 |gr30:aaaaaaaa |gr31:aaaaaaaa |

PC : 000016e0 |MCAUSE: 08000000
gr 0:60008888 |gr 1:aaaab000 |gr 2:60008888 |gr 3:ffffffff |
gr 4:00000001 |gr 5:fffffffa |gr 6:aaaaaaaa |gr 7:ffffffff |
gr 8:55555555 |gr 9:aaaaaaaa |gr10:0000b000 |gr11:cdeabcde |
gr12:00000000 |gr13:00000000 |gr14:00000000 |gr15:0000141a |
gr16:00000003 |gr17:00000010 |gr18:00000000 |gr19:00000000 |
gr20:00000000 |gr21:00000000 |gr22:00000000 |gr23:00000000 |
gr24:00000000 |gr25:00000000 |gr26:00000000 |gr27:00000000 |
gr28:00000000 |gr29:00000000 |gr30:aaaaaaaa |gr31:aaaaaaaa |

PC : 000016e4 |MCAUSE: 08000000
gr 0:60008888 |gr 1:aaaaaaaa |gr 2:60008888 |gr 3:ffffffff |
gr 4:00000001 |gr 5:fffffffa |gr 6:aaaaaaaa |gr 7:ffffffff |
gr 8:55555555 |gr 9:aaaaaaaa |gr10:0000b000 |gr11:cdeabcde |
gr12:00000000 |gr13:00000000 |gr14:00000000 |gr15:0000141a |
gr16:00000003 |gr17:00000010 |gr18:00000000 |gr19:00000000 |
gr20:00000000 |gr21:00000000 |gr22:00000000 |gr23:00000000 |
gr24:00000000 |gr25:00000000 |gr26:00000000 |gr27:00000000 |
gr28:00000000 |gr29:00000000 |gr30:aaaaaaaa |gr31:aaaaaaaa |

PC : 000016e8 |MCAUSE: 08000000
gr 0:60008888 |gr 1:aaaaaaaa |gr 2:60008888 |gr 3:ffffffff |
gr 4:00000001 |gr 5:fffffffa |gr 6:aaaaaaaa |gr 7:ffffffff |
gr 8:55555555 |gr 9:aaaaaaaa |gr10:0000b000 |gr11:cdeabcde |
gr12:00000000 |gr13:00000000 |gr14:00000000 |gr15:0000141a |
gr16:00000003 |gr17:00000010 |gr18:00000000 |gr19:00000000 |
gr20:00000000 |gr21:00000000 |gr22:00000000 |gr23:00000000 |
gr24:00000000 |gr25:00000000 |gr26:00000000 |gr27:00000000 |
gr28:00000000 |gr29:00000000 |gr30:aaaaaaaa |gr31:aaaaaaaa |

PC : 000016e8 |MCAUSE: 08000000
gr 0:60008888 |gr 1:aaaaaaaa |gr 2:60008888 |gr 3:ffffffff |
gr 4:00000001 |gr 5:fffffffa |gr 6:aaaaaaaa |gr 7:ffffffff |
gr 8:55555555 |gr 9:aaaaaaaa |gr10:0000b000 |gr11:cdeabcde |
gr12:00000000 |gr13:00000000 |gr14:00000000 |gr15:0000141a |
gr16:00000003 |gr17:00000010 |gr18:00000000 |gr19:00000000 |
gr20:00000000 |gr21:00000000 |gr22:00000000 |gr23:00000000 |
gr24:00000000 |gr25:00000000 |gr26:00000000 |gr27:00000000 |
gr28:00000000 |gr29:00000000 |gr30:aaaaaaaa |gr31:aaaaaaaa |

PC : 000016e8 |MCAUSE: 08000000
gr 0:60008888 |gr 1:55555555 |gr 2:60008888 |gr 3:ffffffff |
gr 4:00000001 |gr 5:fffffffa |gr 6:aaaaaaaa |gr 7:ffffffff |
gr 8:55555555 |gr 9:aaaaaaaa |gr10:0000b000 |gr11:cdeabcde |
gr12:00000000 |gr13:00000000 |gr14:00000000 |gr15:0000141a |
gr16:00000003 |gr17:00000010 |gr18:00000000 |gr19:00000000 |
gr20:00000000 |gr21:00000000 |gr22:00000000 |gr23:00000000 |
gr24:00000000 |gr25:00000000 |gr26:00000000 |gr27:00000000 |
gr28:00000000 |gr29:00000000 |gr30:aaaaaaaa |gr31:aaaaaaaa |

PC : 000016e8 |MCAUSE: 08000000
gr 0:60008888 |gr 1:55555555 |gr 2:60008888 |gr 3:ffffffff |
gr 4:00000001 |gr 5:fffffffa |gr 6:aaaaaaaa |gr 7:ffffffff |
gr 8:55555555 |gr 9:aaaaaaaa |gr10:0000b000 |gr11:cdeabcde |
gr12:00000000 |gr13:00000000 |gr14:00000000 |gr15:0000141a |
gr16:00000003 |gr17:00000010 |gr18:00000000 |gr19:00000000 |
gr20:00000000 |gr21:00000000 |gr22:00000000 |gr23:00000000 |
gr24:00000000 |gr25:00000000 |gr26:00000000 |gr27:00000000 |
gr28:00000000 |gr29:00000000 |gr30:aaaaaaaa |gr31:aaaaaaaa |

PC : 000016e8 |MCAUSE: 08000000
gr 0:60008888 |gr 1:ffffffff |gr 2:60008888 |gr 3:ffffffff |
gr 4:00000001 |gr 5:fffffffa |gr 6:aaaaaaaa |gr 7:ffffffff |
gr 8:55555555 |gr 9:aaaaaaaa |gr10:0000b000 |gr11:cdeabcde |
gr12:00000000 |gr13:00000000 |gr14:00000000 |gr15:0000141a |
gr16:00000003 |gr17:00000010 |gr18:00000000 |gr19:00000000 |
gr20:00000000 |gr21:00000000 |gr22:00000000 |gr23:00000000 |
gr24:00000000 |gr25:00000000 |gr26:00000000 |gr27:00000000 |
gr28:00000000 |gr29:00000000 |gr30:aaaaaaaa |gr31:aaaaaaaa |

PC : 000016ec |MCAUSE: 08000000
gr 0:60008888 |gr 1:ffffffff |gr 2:60008888 |gr 3:ffffffff |
gr 4:00000001 |gr 5:fffffffa |gr 6:aaaaaaaa |gr 7:ffffffff |
gr 8:55555555 |gr 9:aaaaaaaa |gr10:0000b000 |gr11:cdeabcde |
gr12:00000000 |gr13:00000000 |gr14:00000000 |gr15:0000141a |
gr16:00000003 |gr17:00000010 |gr18:00000000 |gr19:00000000 |
gr20:00000000 |gr21:00000000 |gr22:00000000 |gr23:00000000 |
gr24:00000000 |gr25:00000000 |gr26:00000000 |gr27:00000000 |
gr28:00000000 |gr29:00000000 |gr30:aaaaaaaa |gr31:aaaaaaaa |

PC : 000016f4 |MCAUSE: 08000000
gr 0:60008888 |gr 1:ffffffff |gr 2:60008888 |gr 3:ffffffff |
gr 4:00000001 |gr 5:fffffffa |gr 6:aaaaaaaa |gr 7:ffffffff |
gr 8:55555555 |gr 9:aaaaaaaa |gr10:0000b000 |gr11:cdeabcde |
gr12:00000000 |gr13:00000000 |gr14:00000000 |gr15:0000141a |
gr16:00000003 |gr17:00000010 |gr18:00000000 |gr19:00000000 |
gr20:00000000 |gr21:00000000 |gr22:00000000 |gr23:00000000 |
gr24:00000000 |gr25:00000000 |gr26:00000000 |gr27:00000000 |
gr28:00000000 |gr29:00000000 |gr30:aaaaaaaa |gr31:aaaaaaaa |

PC : 000016f6 |MCAUSE: 08000000
gr 0:60008888 |gr 1:ffffffff |gr 2:60008888 |gr 3:ffffffff |
gr 4:00000001 |gr 5:fffffffa |gr 6:aaaaaaaa |gr 7:ffffffff |
gr 8:55555555 |gr 9:aaaaaaaa |gr10:0000b000 |gr11:cdeabcde |
gr12:00000000 |gr13:00000000 |gr14:00000000 |gr15:0000141a |
gr16:00000003 |gr17:00000010 |gr18:00000000 |gr19:00000000 |
gr20:00000000 |gr21:00000000 |gr22:00000000 |gr23:00000000 |
gr24:00000000 |gr25:00000000 |gr26:00000000 |gr27:00000000 |
gr28:00000000 |gr29:00000000 |gr30:aaaaaaaa |gr31:aaaaaaaa |

PC : 000016fe |MCAUSE: 08000000
gr 0:60008888 |gr 1:55555000 |gr 2:60008888 |gr 3:ffffffff |
gr 4:00000001 |gr 5:fffffffa |gr 6:aaaaaaaa |gr 7:ffffffff |
gr 8:55555555 |gr 9:aaaaaaaa |gr10:0000b000 |gr11:cdeabcde |
gr12:00000000 |gr13:00000000 |gr14:00000000 |gr15:0000141a |
gr16:00000003 |gr17:00000010 |gr18:00000000 |gr19:00000000 |
gr20:00000000 |gr21:00000000 |gr22:00000000 |gr23:00000000 |
gr24:00000000 |gr25:00000000 |gr26:00000000 |gr27:00000000 |
gr28:00000000 |gr29:00000000 |gr30:aaaaaaaa |gr31:aaaaaaaa |

PC : 00001702 |MCAUSE: 08000000
gr 0:60008888 |gr 1:55555554 |gr 2:60008888 |gr 3:ffffffff |
gr 4:00000001 |gr 5:fffffffa |gr 6:aaaaaaaa |gr 7:ffffffff |
gr 8:55555555 |gr 9:aaaaaaaa |gr10:0000b000 |gr11:cdeabcde |
gr12:00000000 |gr13:00000000 |gr14:00000000 |gr15:0000141a |
gr16:00000003 |gr17:00000010 |gr18:00000000 |gr19:00000000 |
gr20:00000000 |gr21:00000000 |gr22:00000000 |gr23:00000000 |
gr24:00000000 |gr25:00000000 |gr26:00000000 |gr27:00000000 |
gr28:00000000 |gr29:00000000 |gr30:aaaaaaaa |gr31:aaaaaaaa |

PC : 00001706 |MCAUSE: 08000000
gr 0:60008888 |gr 1:55555554 |gr 2:60008888 |gr 3:ffffffff |
gr 4:00000001 |gr 5:fffffffa |gr 6:aaaaaaaa |gr 7:ffffffff |
gr 8:55555555 |gr 9:aaaaaaaa |gr10:0000b000 |gr11:cdeabcde |
gr12:00000000 |gr13:00000000 |gr14:00000000 |gr15:0000141a |
gr16:00000003 |gr17:00000010 |gr18:00000000 |gr19:00000000 |
gr20:00000000 |gr21:00000000 |gr22:00000000 |gr23:00000000 |
gr24:00000000 |gr25:00000000 |gr26:00000000 |gr27:00000000 |
gr28:00000000 |gr29:00000000 |gr30:aaaaaaaa |gr31:aaaaaaaa |

PC : 00001706 |MCAUSE: 08000000
gr 0:60008888 |gr 1:55555554 |gr 2:60008888 |gr 3:ffffffff |
gr 4:00000001 |gr 5:fffffffa |gr 6:aaaaaaaa |gr 7:ffffffff |
gr 8:55555555 |gr 9:aaaaaaaa |gr10:0000b000 |gr11:cdeabcde |
gr12:00000000 |gr13:00000000 |gr14:00000000 |gr15:0000141a |
gr16:00000003 |gr17:00000010 |gr18:00000000 |gr19:00000000 |
gr20:00000000 |gr21:00000000 |gr22:00000000 |gr23:00000000 |
gr24:00000000 |gr25:00000000 |gr26:00000000 |gr27:00000000 |
gr28:00000000 |gr29:00000000 |gr30:aaaaaaaa |gr31:aaaaaaaa |

PC : 00001706 |MCAUSE: 08000000
gr 0:60008888 |gr 1:00000001 |gr 2:60008888 |gr 3:ffffffff |
gr 4:00000001 |gr 5:fffffffa |gr 6:aaaaaaaa |gr 7:ffffffff |
gr 8:55555555 |gr 9:aaaaaaaa |gr10:0000b000 |gr11:cdeabcde |
gr12:00000000 |gr13:00000000 |gr14:00000000 |gr15:0000141a |
gr16:00000003 |gr17:00000010 |gr18:00000000 |gr19:00000000 |
gr20:00000000 |gr21:00000000 |gr22:00000000 |gr23:00000000 |
gr24:00000000 |gr25:00000000 |gr26:00000000 |gr27:00000000 |
gr28:00000000 |gr29:00000000 |gr30:aaaaaaaa |gr31:aaaaaaaa |

PC : 00001706 |MCAUSE: 08000000
gr 0:60008888 |gr 1:00000001 |gr 2:60008888 |gr 3:ffffffff |
gr 4:00000001 |gr 5:fffffffa |gr 6:aaaaaaaa |gr 7:ffffffff |
gr 8:55555555 |gr 9:aaaaaaaa |gr10:0000b000 |gr11:cdeabcde |
gr12:00000000 |gr13:00000000 |gr14:00000000 |gr15:0000141a |
gr16:00000003 |gr17:00000010 |gr18:00000000 |gr19:00000000 |
gr20:00000000 |gr21:00000000 |gr22:00000000 |gr23:00000000 |
gr24:00000000 |gr25:00000000 |gr26:00000000 |gr27:00000000 |
gr28:00000000 |gr29:00000000 |gr30:aaaaaaaa |gr31:aaaaaaaa |

PC : 00001706 |MCAUSE: 08000000
gr 0:60008888 |gr 1:55555555 |gr 2:60008888 |gr 3:ffffffff |
gr 4:00000001 |gr 5:fffffffa |gr 6:aaaaaaaa |gr 7:ffffffff |
gr 8:55555555 |gr 9:aaaaaaaa |gr10:0000b000 |gr11:cdeabcde |
gr12:00000000 |gr13:00000000 |gr14:00000000 |gr15:0000141a |
gr16:00000003 |gr17:00000010 |gr18:00000000 |gr19:00000000 |
gr20:00000000 |gr21:00000000 |gr22:00000000 |gr23:00000000 |
gr24:00000000 |gr25:00000000 |gr26:00000000 |gr27:00000000 |
gr28:00000000 |gr29:00000000 |gr30:aaaaaaaa |gr31:aaaaaaaa |

PC : 0000170a |MCAUSE: 08000000
gr 0:60008888 |gr 1:55555555 |gr 2:60008888 |gr 3:ffffffff |
gr 4:00000001 |gr 5:fffffffa |gr 6:aaaaaaaa |gr 7:ffffffff |
gr 8:55555555 |gr 9:aaaaaaaa |gr10:0000b000 |gr11:cdeabcde |
gr12:00000000 |gr13:00000000 |gr14:00000000 |gr15:0000141a |
gr16:00000003 |gr17:00000010 |gr18:00000000 |gr19:00000000 |
gr20:00000000 |gr21:00000000 |gr22:00000000 |gr23:00000000 |
gr24:00000000 |gr25:00000000 |gr26:00000000 |gr27:00000000 |
gr28:00000000 |gr29:00000000 |gr30:aaaaaaaa |gr31:aaaaaaaa |

PC : 00001712 |MCAUSE: 08000000
gr 0:60008888 |gr 1:55555555 |gr 2:60008888 |gr 3:ffffffff |
gr 4:00000001 |gr 5:fffffffa |gr 6:aaaaaaaa |gr 7:ffffffff |
gr 8:55555555 |gr 9:aaaaaaaa |gr10:0000b000 |gr11:cdeabcde |
gr12:00000000 |gr13:00000000 |gr14:00000000 |gr15:0000141a |
gr16:00000003 |gr17:00000010 |gr18:00000000 |gr19:00000000 |
gr20:00000000 |gr21:00000000 |gr22:00000000 |gr23:00000000 |
gr24:00000000 |gr25:00000000 |gr26:00000000 |gr27:00000000 |
gr28:00000000 |gr29:00000000 |gr30:aaaaaaaa |gr31:aaaaaaaa |

PC : 00001714 |MCAUSE: 08000000
gr 0:60008888 |gr 1:55555555 |gr 2:60008888 |gr 3:ffffffff |
gr 4:00000001 |gr 5:fffffffa |gr 6:aaaaaaaa |gr 7:ffffffff |
gr 8:55555555 |gr 9:aaaaaaaa |gr10:0000b000 |gr11:cdeabcde |
gr12:00000000 |gr13:00000000 |gr14:00000000 |gr15:0000141a |
gr16:00000003 |gr17:00000010 |gr18:00000000 |gr19:00000000 |
gr20:00000000 |gr21:00000000 |gr22:00000000 |gr23:00000000 |
gr24:00000000 |gr25:00000000 |gr26:00000000 |gr27:00000000 |
gr28:00000000 |gr29:00000000 |gr30:aaaaaaaa |gr31:aaaaaaaa |

PC : 0000171c |MCAUSE: 08000000
gr 0:60008888 |gr 1:00000000 |gr 2:60008888 |gr 3:ffffffff |
gr 4:00000001 |gr 5:fffffffa |gr 6:aaaaaaaa |gr 7:ffffffff |
gr 8:55555555 |gr 9:aaaaaaaa |gr10:0000b000 |gr11:cdeabcde |
gr12:00000000 |gr13:00000000 |gr14:00000000 |gr15:0000141a |
gr16:00000003 |gr17:00000010 |gr18:00000000 |gr19:00000000 |
gr20:00000000 |gr21:00000000 |gr22:00000000 |gr23:00000000 |
gr24:00000000 |gr25:00000000 |gr26:00000000 |gr27:00000000 |
gr28:00000000 |gr29:00000000 |gr30:aaaaaaaa |gr31:aaaaaaaa |

PC : 0000171e |MCAUSE: 08000000
gr 0:60008888 |gr 1:00000000 |gr 2:60008888 |gr 3:ffffffff |
gr 4:00000001 |gr 5:fffffffa |gr 6:aaaaaaaa |gr 7:ffffffff |
gr 8:55555555 |gr 9:aaaaaaaa |gr10:0000b000 |gr11:cdeabcde |
gr12:00000000 |gr13:00000000 |gr14:00000000 |gr15:0000141a |
gr16:00000003 |gr17:00000010 |gr18:00000000 |gr19:00000000 |
gr20:00000000 |gr21:00000000 |gr22:00000000 |gr23:00000000 |
gr24:00000000 |gr25:00000000 |gr26:00000000 |gr27:00000000 |
gr28:00000000 |gr29:00000000 |gr30:aaaaaaaa |gr31:aaaaaaaa |

PC : 0000171e |MCAUSE: 08000000
gr 0:60008888 |gr 1:00000000 |gr 2:60008888 |gr 3:ffffffff |
gr 4:00000001 |gr 5:fffffffa |gr 6:aaaaaaaa |gr 7:ffffffff |
gr 8:55555555 |gr 9:aaaaaaaa |gr10:0000b000 |gr11:cdeabcde |
gr12:00000000 |gr13:00000000 |gr14:00000000 |gr15:0000141a |
gr16:00000003 |gr17:00000010 |gr18:00000000 |gr19:00000000 |
gr20:00000000 |gr21:00000000 |gr22:00000000 |gr23:00000000 |
gr24:00000000 |gr25:00000000 |gr26:00000000 |gr27:00000000 |
gr28:00000000 |gr29:00000000 |gr30:aaaaaaaa |gr31:aaaaaaaa |

PC : 0000171e |MCAUSE: 08000000
gr 0:60008888 |gr 1:00000000 |gr 2:60008888 |gr 3:ffffffff |
gr 4:00000001 |gr 5:fffffffa |gr 6:aaaaaaaa |gr 7:ffffffff |
gr 8:55555555 |gr 9:aaaaaaaa |gr10:0000b000 |gr11:cdeabcde |
gr12:00000000 |gr13:00000000 |gr14:00000000 |gr15:0000141a |
gr16:00000003 |gr17:00000010 |gr18:00000000 |gr19:00000000 |
gr20:00000000 |gr21:00000000 |gr22:00000000 |gr23:00000000 |
gr24:00000000 |gr25:00000000 |gr26:00000000 |gr27:00000000 |
gr28:00000000 |gr29:00000000 |gr30:aaaaaaaa |gr31:aaaaaaaa |

PC : 0000171e |MCAUSE: 08000000
gr 0:60008888 |gr 1:00000000 |gr 2:60008888 |gr 3:ffffffff |
gr 4:00000001 |gr 5:fffffffa |gr 6:aaaaaaaa |gr 7:ffffffff |
gr 8:55555555 |gr 9:aaaaaaaa |gr10:0000b000 |gr11:cdeabcde |
gr12:00000000 |gr13:00000000 |gr14:00000000 |gr15:0000141a |
gr16:00000003 |gr17:00000010 |gr18:00000000 |gr19:00000000 |
gr20:00000000 |gr21:00000000 |gr22:00000000 |gr23:00000000 |
gr24:00000000 |gr25:00000000 |gr26:00000000 |gr27:00000000 |
gr28:00000000 |gr29:00000000 |gr30:aaaaaaaa |gr31:aaaaaaaa |

PC : 0000171e |MCAUSE: 08000000
gr 0:60008888 |gr 1:00000001 |gr 2:60008888 |gr 3:ffffffff |
gr 4:00000001 |gr 5:fffffffa |gr 6:aaaaaaaa |gr 7:ffffffff |
gr 8:55555555 |gr 9:aaaaaaaa |gr10:0000b000 |gr11:cdeabcde |
gr12:00000000 |gr13:00000000 |gr14:00000000 |gr15:0000141a |
gr16:00000003 |gr17:00000010 |gr18:00000000 |gr19:00000000 |
gr20:00000000 |gr21:00000000 |gr22:00000000 |gr23:00000000 |
gr24:00000000 |gr25:00000000 |gr26:00000000 |gr27:00000000 |
gr28:00000000 |gr29:00000000 |gr30:aaaaaaaa |gr31:aaaaaaaa |

PC : 00001722 |MCAUSE: 08000000
gr 0:60008888 |gr 1:00000001 |gr 2:60008888 |gr 3:ffffffff |
gr 4:00000001 |gr 5:fffffffa |gr 6:aaaaaaaa |gr 7:ffffffff |
gr 8:55555555 |gr 9:aaaaaaaa |gr10:0000b000 |gr11:cdeabcde |
gr12:00000000 |gr13:00000000 |gr14:00000000 |gr15:0000141a |
gr16:00000003 |gr17:00000010 |gr18:00000000 |gr19:00000000 |
gr20:00000000 |gr21:00000000 |gr22:00000000 |gr23:00000000 |
gr24:00000000 |gr25:00000000 |gr26:00000000 |gr27:00000000 |
gr28:00000000 |gr29:00000000 |gr30:aaaaaaaa |gr31:aaaaaaaa |

PC : 0000172a |MCAUSE: 08000000
gr 0:60008888 |gr 1:00000001 |gr 2:60008888 |gr 3:ffffffff |
gr 4:00000001 |gr 5:fffffffa |gr 6:aaaaaaaa |gr 7:ffffffff |
gr 8:55555555 |gr 9:aaaaaaaa |gr10:0000b000 |gr11:cdeabcde |
gr12:00000000 |gr13:00000000 |gr14:00000000 |gr15:0000141a |
gr16:00000003 |gr17:00000010 |gr18:00000000 |gr19:00000000 |
gr20:00000000 |gr21:00000000 |gr22:00000000 |gr23:00000000 |
gr24:00000000 |gr25:00000000 |gr26:00000000 |gr27:00000000 |
gr28:00000000 |gr29:00000000 |gr30:aaaaaaaa |gr31:aaaaaaaa |

PC : 0000172c |MCAUSE: 08000000
gr 0:60008888 |gr 1:00000001 |gr 2:60008888 |gr 3:ffffffff |
gr 4:00000001 |gr 5:fffffffa |gr 6:aaaaaaaa |gr 7:ffffffff |
gr 8:55555555 |gr 9:aaaaaaaa |gr10:0000b000 |gr11:cdeabcde |
gr12:00000000 |gr13:00000000 |gr14:00000000 |gr15:0000141a |
gr16:00000003 |gr17:00000010 |gr18:00000000 |gr19:00000000 |
gr20:00000000 |gr21:00000000 |gr22:00000000 |gr23:00000000 |
gr24:00000000 |gr25:00000000 |gr26:00000000 |gr27:00000000 |
gr28:00000000 |gr29:00000000 |gr30:aaaaaaaa |gr31:aaaaaaaa |

PC : 00001734 |MCAUSE: 08000000
gr 0:60008888 |gr 1:ffffffff |gr 2:60008888 |gr 3:ffffffff |
gr 4:00000001 |gr 5:fffffffa |gr 6:aaaaaaaa |gr 7:ffffffff |
gr 8:55555555 |gr 9:aaaaaaaa |gr10:0000b000 |gr11:cdeabcde |
gr12:00000000 |gr13:00000000 |gr14:00000000 |gr15:0000141a |
gr16:00000003 |gr17:00000010 |gr18:00000000 |gr19:00000000 |
gr20:00000000 |gr21:00000000 |gr22:00000000 |gr23:00000000 |
gr24:00000000 |gr25:00000000 |gr26:00000000 |gr27:00000000 |
gr28:00000000 |gr29:00000000 |gr30:aaaaaaaa |gr31:aaaaaaaa |

PC : 00001738 |MCAUSE: 08000000
gr 0:60008888 |gr 1:ffffffff |gr 2:60008888 |gr 3:ffffffff |
gr 4:00000001 |gr 5:fffffffa |gr 6:aaaaaaaa |gr 7:ffffffff |
gr 8:55555555 |gr 9:aaaaaaaa |gr10:0000b000 |gr11:cdeabcde |
gr12:00000000 |gr13:00000000 |gr14:00000000 |gr15:0000141a |
gr16:00000003 |gr17:00000010 |gr18:00000000 |gr19:00000000 |
gr20:00000000 |gr21:00000000 |gr22:00000000 |gr23:00000000 |
gr24:00000000 |gr25:00000000 |gr26:00000000 |gr27:00000000 |
gr28:00000000 |gr29:00000000 |gr30:aaaaaaaa |gr31:aaaaaaaa |

PC : 00001738 |MCAUSE: 08000000
gr 0:60008888 |gr 1:ffffffff |gr 2:60008888 |gr 3:ffffffff |
gr 4:00000001 |gr 5:fffffffa |gr 6:aaaaaaaa |gr 7:ffffffff |
gr 8:55555555 |gr 9:aaaaaaaa |gr10:0000b000 |gr11:cdeabcde |
gr12:00000000 |gr13:00000000 |gr14:00000000 |gr15:0000141a |
gr16:00000003 |gr17:00000010 |gr18:00000000 |gr19:00000000 |
gr20:00000000 |gr21:00000000 |gr22:00000000 |gr23:00000000 |
gr24:00000000 |gr25:00000000 |gr26:00000000 |gr27:00000000 |
gr28:00000000 |gr29:00000000 |gr30:aaaaaaaa |gr31:aaaaaaaa |

PC : 00001738 |MCAUSE: 08000000
gr 0:60008888 |gr 1:ffffffff |gr 2:60008888 |gr 3:ffffffff |
gr 4:00000001 |gr 5:fffffffa |gr 6:aaaaaaaa |gr 7:ffffffff |
gr 8:55555555 |gr 9:aaaaaaaa |gr10:0000b000 |gr11:cdeabcde |
gr12:00000000 |gr13:00000000 |gr14:00000000 |gr15:0000141a |
gr16:00000003 |gr17:00000010 |gr18:00000000 |gr19:00000000 |
gr20:00000000 |gr21:00000000 |gr22:00000000 |gr23:00000000 |
gr24:00000000 |gr25:00000000 |gr26:00000000 |gr27:00000000 |
gr28:00000000 |gr29:00000000 |gr30:aaaaaaaa |gr31:aaaaaaaa |

PC : 00001738 |MCAUSE: 08000000
gr 0:60008888 |gr 1:ffffffff |gr 2:60008888 |gr 3:ffffffff |
gr 4:00000001 |gr 5:fffffffa |gr 6:aaaaaaaa |gr 7:ffffffff |
gr 8:55555555 |gr 9:aaaaaaaa |gr10:0000b000 |gr11:cdeabcde |
gr12:00000000 |gr13:00000000 |gr14:00000000 |gr15:0000141a |
gr16:00000003 |gr17:00000010 |gr18:00000000 |gr19:00000000 |
gr20:00000000 |gr21:00000000 |gr22:00000000 |gr23:00000000 |
gr24:00000000 |gr25:00000000 |gr26:00000000 |gr27:00000000 |
gr28:00000000 |gr29:00000000 |gr30:aaaaaaaa |gr31:aaaaaaaa |

PC : 00001738 |MCAUSE: 08000000
gr 0:60008888 |gr 1:00000000 |gr 2:60008888 |gr 3:ffffffff |
gr 4:00000001 |gr 5:fffffffa |gr 6:aaaaaaaa |gr 7:ffffffff |
gr 8:55555555 |gr 9:aaaaaaaa |gr10:0000b000 |gr11:cdeabcde |
gr12:00000000 |gr13:00000000 |gr14:00000000 |gr15:0000141a |
gr16:00000003 |gr17:00000010 |gr18:00000000 |gr19:00000000 |
gr20:00000000 |gr21:00000000 |gr22:00000000 |gr23:00000000 |
gr24:00000000 |gr25:00000000 |gr26:00000000 |gr27:00000000 |
gr28:00000000 |gr29:00000000 |gr30:aaaaaaaa |gr31:aaaaaaaa |

PC : 0000173c |MCAUSE: 08000000
gr 0:60008888 |gr 1:00000000 |gr 2:60008888 |gr 3:ffffffff |
gr 4:00000001 |gr 5:fffffffa |gr 6:aaaaaaaa |gr 7:ffffffff |
gr 8:55555555 |gr 9:aaaaaaaa |gr10:0000b000 |gr11:cdeabcde |
gr12:00000000 |gr13:00000000 |gr14:00000000 |gr15:0000141a |
gr16:00000003 |gr17:00000010 |gr18:00000000 |gr19:00000000 |
gr20:00000000 |gr21:00000000 |gr22:00000000 |gr23:00000000 |
gr24:00000000 |gr25:00000000 |gr26:00000000 |gr27:00000000 |
gr28:00000000 |gr29:00000000 |gr30:aaaaaaaa |gr31:aaaaaaaa |

PC : 00001744 |MCAUSE: 08000000
gr 0:60008888 |gr 1:00000000 |gr 2:60008888 |gr 3:ffffffff |
gr 4:00000001 |gr 5:fffffffa |gr 6:aaaaaaaa |gr 7:ffffffff |
gr 8:55555555 |gr 9:aaaaaaaa |gr10:0000b000 |gr11:cdeabcde |
gr12:00000000 |gr13:00000000 |gr14:00000000 |gr15:0000141a |
gr16:00000003 |gr17:00000010 |gr18:00000000 |gr19:00000000 |
gr20:00000000 |gr21:00000000 |gr22:00000000 |gr23:00000000 |
gr24:00000000 |gr25:00000000 |gr26:00000000 |gr27:00000000 |
gr28:00000000 |gr29:00000000 |gr30:aaaaaaaa |gr31:aaaaaaaa |

PC : 00001746 |MCAUSE: 08000000
gr 0:60008888 |gr 1:00000000 |gr 2:60008888 |gr 3:ffffffff |
gr 4:00000001 |gr 5:fffffffa |gr 6:aaaaaaaa |gr 7:ffffffff |
gr 8:55555555 |gr 9:aaaaaaaa |gr10:0000b000 |gr11:cdeabcde |
gr12:00000000 |gr13:00000000 |gr14:00000000 |gr15:0000141a |
gr16:00000003 |gr17:00000010 |gr18:00000000 |gr19:00000000 |
gr20:00000000 |gr21:00000000 |gr22:00000000 |gr23:00000000 |
gr24:00000000 |gr25:00000000 |gr26:00000000 |gr27:00000000 |
gr28:00000000 |gr29:00000000 |gr30:aaaaaaaa |gr31:aaaaaaaa |

PC : 0000174e |MCAUSE: 08000000
gr 0:60008888 |gr 1:55555000 |gr 2:60008888 |gr 3:ffffffff |
gr 4:00000001 |gr 5:fffffffa |gr 6:aaaaaaaa |gr 7:ffffffff |
gr 8:55555555 |gr 9:aaaaaaaa |gr10:0000b000 |gr11:cdeabcde |
gr12:00000000 |gr13:00000000 |gr14:00000000 |gr15:0000141a |
gr16:00000003 |gr17:00000010 |gr18:00000000 |gr19:00000000 |
gr20:00000000 |gr21:00000000 |gr22:00000000 |gr23:00000000 |
gr24:00000000 |gr25:00000000 |gr26:00000000 |gr27:00000000 |
gr28:00000000 |gr29:00000000 |gr30:aaaaaaaa |gr31:aaaaaaaa |

PC : 00001752 |MCAUSE: 08000000
gr 0:60008888 |gr 1:55555555 |gr 2:60008888 |gr 3:ffffffff |
gr 4:00000001 |gr 5:fffffffa |gr 6:aaaaaaaa |gr 7:ffffffff |
gr 8:55555555 |gr 9:aaaaaaaa |gr10:0000b000 |gr11:cdeabcde |
gr12:00000000 |gr13:00000000 |gr14:00000000 |gr15:0000141a |
gr16:00000003 |gr17:00000010 |gr18:00000000 |gr19:00000000 |
gr20:00000000 |gr21:00000000 |gr22:00000000 |gr23:00000000 |
gr24:00000000 |gr25:00000000 |gr26:00000000 |gr27:00000000 |
gr28:00000000 |gr29:00000000 |gr30:aaaaaaaa |gr31:aaaaaaaa |

PC : 00001756 |MCAUSE: 08000000
gr 0:60008888 |gr 1:55555555 |gr 2:60008888 |gr 3:ffffffff |
gr 4:00000001 |gr 5:fffffffa |gr 6:aaaaaaaa |gr 7:ffffffff |
gr 8:55555555 |gr 9:aaaaaaaa |gr10:0000b000 |gr11:cdeabcde |
gr12:00000000 |gr13:00000000 |gr14:00000000 |gr15:0000141a |
gr16:00000003 |gr17:00000010 |gr18:00000000 |gr19:00000000 |
gr20:00000000 |gr21:00000000 |gr22:00000000 |gr23:00000000 |
gr24:00000000 |gr25:00000000 |gr26:00000000 |gr27:00000000 |
gr28:00000000 |gr29:00000000 |gr30:aaaaaaaa |gr31:aaaaaaaa |

PC : 00001756 |MCAUSE: 08000000
gr 0:60008888 |gr 1:55555555 |gr 2:60008888 |gr 3:ffffffff |
gr 4:00000001 |gr 5:fffffffa |gr 6:aaaaaaaa |gr 7:ffffffff |
gr 8:55555555 |gr 9:aaaaaaaa |gr10:0000b000 |gr11:cdeabcde |
gr12:00000000 |gr13:00000000 |gr14:00000000 |gr15:0000141a |
gr16:00000003 |gr17:00000010 |gr18:00000000 |gr19:00000000 |
gr20:00000000 |gr21:00000000 |gr22:00000000 |gr23:00000000 |
gr24:00000000 |gr25:00000000 |gr26:00000000 |gr27:00000000 |
gr28:00000000 |gr29:00000000 |gr30:aaaaaaaa |gr31:aaaaaaaa |

PC : 00001756 |MCAUSE: 08000000
gr 0:60008888 |gr 1:55555555 |gr 2:60008888 |gr 3:ffffffff |
gr 4:00000001 |gr 5:fffffffa |gr 6:aaaaaaaa |gr 7:ffffffff |
gr 8:55555555 |gr 9:aaaaaaaa |gr10:0000b000 |gr11:cdeabcde |
gr12:00000000 |gr13:00000000 |gr14:00000000 |gr15:0000141a |
gr16:00000003 |gr17:00000010 |gr18:00000000 |gr19:00000000 |
gr20:00000000 |gr21:00000000 |gr22:00000000 |gr23:00000000 |
gr24:00000000 |gr25:00000000 |gr26:00000000 |gr27:00000000 |
gr28:00000000 |gr29:00000000 |gr30:aaaaaaaa |gr31:aaaaaaaa |

PC : 00001756 |MCAUSE: 08000000
gr 0:60008888 |gr 1:55555555 |gr 2:60008888 |gr 3:ffffffff |
gr 4:00000001 |gr 5:fffffffa |gr 6:aaaaaaaa |gr 7:ffffffff |
gr 8:55555555 |gr 9:aaaaaaaa |gr10:0000b000 |gr11:cdeabcde |
gr12:00000000 |gr13:00000000 |gr14:00000000 |gr15:0000141a |
gr16:00000003 |gr17:00000010 |gr18:00000000 |gr19:00000000 |
gr20:00000000 |gr21:00000000 |gr22:00000000 |gr23:00000000 |
gr24:00000000 |gr25:00000000 |gr26:00000000 |gr27:00000000 |
gr28:00000000 |gr29:00000000 |gr30:aaaaaaaa |gr31:aaaaaaaa |

PC : 00001756 |MCAUSE: 08000000
gr 0:60008888 |gr 1:ffffffff |gr 2:60008888 |gr 3:ffffffff |
gr 4:00000001 |gr 5:fffffffa |gr 6:aaaaaaaa |gr 7:ffffffff |
gr 8:55555555 |gr 9:aaaaaaaa |gr10:0000b000 |gr11:cdeabcde |
gr12:00000000 |gr13:00000000 |gr14:00000000 |gr15:0000141a |
gr16:00000003 |gr17:00000010 |gr18:00000000 |gr19:00000000 |
gr20:00000000 |gr21:00000000 |gr22:00000000 |gr23:00000000 |
gr24:00000000 |gr25:00000000 |gr26:00000000 |gr27:00000000 |
gr28:00000000 |gr29:00000000 |gr30:aaaaaaaa |gr31:aaaaaaaa |

PC : 0000175a |MCAUSE: 08000000
gr 0:60008888 |gr 1:ffffffff |gr 2:60008888 |gr 3:ffffffff |
gr 4:00000001 |gr 5:fffffffa |gr 6:aaaaaaaa |gr 7:ffffffff |
gr 8:55555555 |gr 9:aaaaaaaa |gr10:0000b000 |gr11:cdeabcde |
gr12:00000000 |gr13:00000000 |gr14:00000000 |gr15:0000141a |
gr16:00000003 |gr17:00000010 |gr18:00000000 |gr19:00000000 |
gr20:00000000 |gr21:00000000 |gr22:00000000 |gr23:00000000 |
gr24:00000000 |gr25:00000000 |gr26:00000000 |gr27:00000000 |
gr28:00000000 |gr29:00000000 |gr30:aaaaaaaa |gr31:aaaaaaaa |

PC : 00001762 |MCAUSE: 08000000
gr 0:60008888 |gr 1:ffffffff |gr 2:60008888 |gr 3:ffffffff |
gr 4:00000001 |gr 5:fffffffa |gr 6:aaaaaaaa |gr 7:ffffffff |
gr 8:55555555 |gr 9:aaaaaaaa |gr10:0000b000 |gr11:cdeabcde |
gr12:00000000 |gr13:00000000 |gr14:00000000 |gr15:0000141a |
gr16:00000003 |gr17:00000010 |gr18:00000000 |gr19:00000000 |
gr20:00000000 |gr21:00000000 |gr22:00000000 |gr23:00000000 |
gr24:00000000 |gr25:00000000 |gr26:00000000 |gr27:00000000 |
gr28:00000000 |gr29:00000000 |gr30:aaaaaaaa |gr31:aaaaaaaa |

PC : 00001764 |MCAUSE: 08000000
gr 0:60008888 |gr 1:ffffffff |gr 2:60008888 |gr 3:ffffffff |
gr 4:00000001 |gr 5:fffffffa |gr 6:aaaaaaaa |gr 7:ffffffff |
gr 8:55555555 |gr 9:aaaaaaaa |gr10:0000b000 |gr11:cdeabcde |
gr12:00000000 |gr13:00000000 |gr14:00000000 |gr15:0000141a |
gr16:00000003 |gr17:00000010 |gr18:00000000 |gr19:00000000 |
gr20:00000000 |gr21:00000000 |gr22:00000000 |gr23:00000000 |
gr24:00000000 |gr25:00000000 |gr26:00000000 |gr27:00000000 |
gr28:00000000 |gr29:00000000 |gr30:aaaaaaaa |gr31:aaaaaaaa |

PC : 0000176c |MCAUSE: 08000000
gr 0:60008888 |gr 1:ffffffff |gr 2:60008888 |gr 3:ffffffff |
gr 4:00000001 |gr 5:fffffffa |gr 6:aaaaaaaa |gr 7:ffffffff |
gr 8:55555555 |gr 9:aaaaaaaa |gr10:0000b000 |gr11:cdeabcde |
gr12:00000000 |gr13:00000000 |gr14:00000000 |gr15:0000141a |
gr16:00000003 |gr17:00000010 |gr18:00000000 |gr19:00000000 |
gr20:00000000 |gr21:00000000 |gr22:00000000 |gr23:00000000 |
gr24:00000000 |gr25:00000000 |gr26:00000000 |gr27:00000000 |
gr28:00000000 |gr29:00000000 |gr30:aaaaaaaa |gr31:aaaaaaaa |

PC : 00001770 |MCAUSE: 08000000
gr 0:60008888 |gr 1:ffffffff |gr 2:60008888 |gr 3:ffffffff |
gr 4:00000001 |gr 5:fffffffa |gr 6:aaaaaaaa |gr 7:ffffffff |
gr 8:55555555 |gr 9:aaaaaaaa |gr10:0000b000 |gr11:cdeabcde |
gr12:00000000 |gr13:00000000 |gr14:00000000 |gr15:0000141a |
gr16:00000003 |gr17:00000010 |gr18:00000000 |gr19:00000000 |
gr20:00000000 |gr21:00000000 |gr22:00000000 |gr23:00000000 |
gr24:00000000 |gr25:00000000 |gr26:00000000 |gr27:00000000 |
gr28:00000000 |gr29:00000000 |gr30:aaaaaaaa |gr31:aaaaaaaa |

PC : 00001770 |MCAUSE: 08000000
gr 0:60008888 |gr 1:ffffffff |gr 2:60008888 |gr 3:ffffffff |
gr 4:00000001 |gr 5:fffffffa |gr 6:aaaaaaaa |gr 7:ffffffff |
gr 8:55555555 |gr 9:aaaaaaaa |gr10:0000b000 |gr11:cdeabcde |
gr12:00000000 |gr13:00000000 |gr14:00000000 |gr15:0000141a |
gr16:00000003 |gr17:00000010 |gr18:00000000 |gr19:00000000 |
gr20:00000000 |gr21:00000000 |gr22:00000000 |gr23:00000000 |
gr24:00000000 |gr25:00000000 |gr26:00000000 |gr27:00000000 |
gr28:00000000 |gr29:00000000 |gr30:aaaaaaaa |gr31:aaaaaaaa |

PC : 00001770 |MCAUSE: 08000000
gr 0:60008888 |gr 1:ffffffff |gr 2:60008888 |gr 3:ffffffff |
gr 4:00000001 |gr 5:fffffffa |gr 6:aaaaaaaa |gr 7:ffffffff |
gr 8:55555555 |gr 9:aaaaaaaa |gr10:0000b000 |gr11:cdeabcde |
gr12:00000000 |gr13:00000000 |gr14:00000000 |gr15:0000141a |
gr16:00000003 |gr17:00000010 |gr18:00000000 |gr19:00000000 |
gr20:00000000 |gr21:00000000 |gr22:00000000 |gr23:00000000 |
gr24:00000000 |gr25:00000000 |gr26:00000000 |gr27:00000000 |
gr28:00000000 |gr29:00000000 |gr30:aaaaaaaa |gr31:aaaaaaaa |

PC : 00001770 |MCAUSE: 08000000
gr 0:60008888 |gr 1:ffffffff |gr 2:60008888 |gr 3:ffffffff |
gr 4:00000001 |gr 5:fffffffa |gr 6:aaaaaaaa |gr 7:ffffffff |
gr 8:55555555 |gr 9:aaaaaaaa |gr10:0000b000 |gr11:cdeabcde |
gr12:00000000 |gr13:00000000 |gr14:00000000 |gr15:0000141a |
gr16:00000003 |gr17:00000010 |gr18:00000000 |gr19:00000000 |
gr20:00000000 |gr21:00000000 |gr22:00000000 |gr23:00000000 |
gr24:00000000 |gr25:00000000 |gr26:00000000 |gr27:00000000 |
gr28:00000000 |gr29:00000000 |gr30:aaaaaaaa |gr31:aaaaaaaa |

PC : 00001770 |MCAUSE: 08000000
gr 0:60008888 |gr 1:55555555 |gr 2:60008888 |gr 3:ffffffff |
gr 4:00000001 |gr 5:fffffffa |gr 6:aaaaaaaa |gr 7:ffffffff |
gr 8:55555555 |gr 9:aaaaaaaa |gr10:0000b000 |gr11:cdeabcde |
gr12:00000000 |gr13:00000000 |gr14:00000000 |gr15:0000141a |
gr16:00000003 |gr17:00000010 |gr18:00000000 |gr19:00000000 |
gr20:00000000 |gr21:00000000 |gr22:00000000 |gr23:00000000 |
gr24:00000000 |gr25:00000000 |gr26:00000000 |gr27:00000000 |
gr28:00000000 |gr29:00000000 |gr30:aaaaaaaa |gr31:aaaaaaaa |

PC : 00001774 |MCAUSE: 08000000
gr 0:60008888 |gr 1:55555555 |gr 2:60008888 |gr 3:ffffffff |
gr 4:00000001 |gr 5:fffffffa |gr 6:aaaaaaaa |gr 7:ffffffff |
gr 8:55555555 |gr 9:aaaaaaaa |gr10:0000b000 |gr11:cdeabcde |
gr12:00000000 |gr13:00000000 |gr14:00000000 |gr15:0000141a |
gr16:00000003 |gr17:00000010 |gr18:00000000 |gr19:00000000 |
gr20:00000000 |gr21:00000000 |gr22:00000000 |gr23:00000000 |
gr24:00000000 |gr25:00000000 |gr26:00000000 |gr27:00000000 |
gr28:00000000 |gr29:00000000 |gr30:aaaaaaaa |gr31:aaaaaaaa |

PC : 0000177c |MCAUSE: 08000000
gr 0:60008888 |gr 1:55555555 |gr 2:60008888 |gr 3:ffffffff |
gr 4:00000001 |gr 5:fffffffa |gr 6:aaaaaaaa |gr 7:ffffffff |
gr 8:55555555 |gr 9:aaaaaaaa |gr10:0000b000 |gr11:cdeabcde |
gr12:00000000 |gr13:00000000 |gr14:00000000 |gr15:0000141a |
gr16:00000003 |gr17:00000010 |gr18:00000000 |gr19:00000000 |
gr20:00000000 |gr21:00000000 |gr22:00000000 |gr23:00000000 |
gr24:00000000 |gr25:00000000 |gr26:00000000 |gr27:00000000 |
gr28:00000000 |gr29:00000000 |gr30:aaaaaaaa |gr31:aaaaaaaa |

PC : 0000177e |MCAUSE: 08000000
gr 0:60008888 |gr 1:55555555 |gr 2:60008888 |gr 3:ffffffff |
gr 4:00000001 |gr 5:fffffffa |gr 6:aaaaaaaa |gr 7:ffffffff |
gr 8:55555555 |gr 9:aaaaaaaa |gr10:0000b000 |gr11:cdeabcde |
gr12:00000000 |gr13:00000000 |gr14:00000000 |gr15:0000141a |
gr16:00000003 |gr17:00000010 |gr18:00000000 |gr19:00000000 |
gr20:00000000 |gr21:00000000 |gr22:00000000 |gr23:00000000 |
gr24:00000000 |gr25:00000000 |gr26:00000000 |gr27:00000000 |
gr28:00000000 |gr29:00000000 |gr30:aaaaaaaa |gr31:aaaaaaaa |

PC : 00001786 |MCAUSE: 08000000
gr 0:60008888 |gr 1:aaaab000 |gr 2:60008888 |gr 3:ffffffff |
gr 4:00000001 |gr 5:fffffffa |gr 6:aaaaaaaa |gr 7:ffffffff |
gr 8:55555555 |gr 9:aaaaaaaa |gr10:0000b000 |gr11:cdeabcde |
gr12:00000000 |gr13:00000000 |gr14:00000000 |gr15:0000141a |
gr16:00000003 |gr17:00000010 |gr18:00000000 |gr19:00000000 |
gr20:00000000 |gr21:00000000 |gr22:00000000 |gr23:00000000 |
gr24:00000000 |gr25:00000000 |gr26:00000000 |gr27:00000000 |
gr28:00000000 |gr29:00000000 |gr30:aaaaaaaa |gr31:aaaaaaaa |

PC : 0000178a |MCAUSE: 08000000
gr 0:60008888 |gr 1:aaaaaaaa |gr 2:60008888 |gr 3:ffffffff |
gr 4:00000001 |gr 5:fffffffa |gr 6:aaaaaaaa |gr 7:ffffffff |
gr 8:55555555 |gr 9:aaaaaaaa |gr10:0000b000 |gr11:cdeabcde |
gr12:00000000 |gr13:00000000 |gr14:00000000 |gr15:0000141a |
gr16:00000003 |gr17:00000010 |gr18:00000000 |gr19:00000000 |
gr20:00000000 |gr21:00000000 |gr22:00000000 |gr23:00000000 |
gr24:00000000 |gr25:00000000 |gr26:00000000 |gr27:00000000 |
gr28:00000000 |gr29:00000000 |gr30:aaaaaaaa |gr31:aaaaaaaa |

PC : 0000178e |MCAUSE: 08000000
gr 0:60008888 |gr 1:aaaaaaaa |gr 2:60008888 |gr 3:ffffffff |
gr 4:00000001 |gr 5:fffffffa |gr 6:aaaaaaaa |gr 7:ffffffff |
gr 8:55555555 |gr 9:aaaaaaaa |gr10:0000b000 |gr11:cdeabcde |
gr12:00000000 |gr13:00000000 |gr14:00000000 |gr15:0000141a |
gr16:00000003 |gr17:00000010 |gr18:00000000 |gr19:00000000 |
gr20:00000000 |gr21:00000000 |gr22:00000000 |gr23:00000000 |
gr24:00000000 |gr25:00000000 |gr26:00000000 |gr27:00000000 |
gr28:00000000 |gr29:00000000 |gr30:aaaaaaaa |gr31:aaaaaaaa |

PC : 0000178e |MCAUSE: 08000000
gr 0:60008888 |gr 1:aaaaaaaa |gr 2:60008888 |gr 3:ffffffff |
gr 4:00000001 |gr 5:fffffffa |gr 6:aaaaaaaa |gr 7:ffffffff |
gr 8:55555555 |gr 9:aaaaaaaa |gr10:0000b000 |gr11:cdeabcde |
gr12:00000000 |gr13:00000000 |gr14:00000000 |gr15:0000141a |
gr16:00000003 |gr17:00000010 |gr18:00000000 |gr19:00000000 |
gr20:00000000 |gr21:00000000 |gr22:00000000 |gr23:00000000 |
gr24:00000000 |gr25:00000000 |gr26:00000000 |gr27:00000000 |
gr28:00000000 |gr29:00000000 |gr30:aaaaaaaa |gr31:aaaaaaaa |

PC : 0000178e |MCAUSE: 08000000
gr 0:60008888 |gr 1:aaaaaaaa |gr 2:60008888 |gr 3:ffffffff |
gr 4:00000001 |gr 5:fffffffa |gr 6:aaaaaaaa |gr 7:ffffffff |
gr 8:55555555 |gr 9:aaaaaaaa |gr10:0000b000 |gr11:cdeabcde |
gr12:00000000 |gr13:00000000 |gr14:00000000 |gr15:0000141a |
gr16:00000003 |gr17:00000010 |gr18:00000000 |gr19:00000000 |
gr20:00000000 |gr21:00000000 |gr22:00000000 |gr23:00000000 |
gr24:00000000 |gr25:00000000 |gr26:00000000 |gr27:00000000 |
gr28:00000000 |gr29:00000000 |gr30:aaaaaaaa |gr31:aaaaaaaa |

PC : 0000178e |MCAUSE: 08000000
gr 0:60008888 |gr 1:aaaaaaaa |gr 2:60008888 |gr 3:ffffffff |
gr 4:00000001 |gr 5:fffffffa |gr 6:aaaaaaaa |gr 7:ffffffff |
gr 8:55555555 |gr 9:aaaaaaaa |gr10:0000b000 |gr11:cdeabcde |
gr12:00000000 |gr13:00000000 |gr14:00000000 |gr15:0000141a |
gr16:00000003 |gr17:00000010 |gr18:00000000 |gr19:00000000 |
gr20:00000000 |gr21:00000000 |gr22:00000000 |gr23:00000000 |
gr24:00000000 |gr25:00000000 |gr26:00000000 |gr27:00000000 |
gr28:00000000 |gr29:00000000 |gr30:aaaaaaaa |gr31:aaaaaaaa |

PC : 0000178e |MCAUSE: 08000000
gr 0:60008888 |gr 1:ffffffff |gr 2:60008888 |gr 3:ffffffff |
gr 4:00000001 |gr 5:fffffffa |gr 6:aaaaaaaa |gr 7:ffffffff |
gr 8:55555555 |gr 9:aaaaaaaa |gr10:0000b000 |gr11:cdeabcde |
gr12:00000000 |gr13:00000000 |gr14:00000000 |gr15:0000141a |
gr16:00000003 |gr17:00000010 |gr18:00000000 |gr19:00000000 |
gr20:00000000 |gr21:00000000 |gr22:00000000 |gr23:00000000 |
gr24:00000000 |gr25:00000000 |gr26:00000000 |gr27:00000000 |
gr28:00000000 |gr29:00000000 |gr30:aaaaaaaa |gr31:aaaaaaaa |

PC : 00001792 |MCAUSE: 08000000
gr 0:60008888 |gr 1:ffffffff |gr 2:60008888 |gr 3:ffffffff |
gr 4:00000001 |gr 5:fffffffa |gr 6:aaaaaaaa |gr 7:ffffffff |
gr 8:55555555 |gr 9:aaaaaaaa |gr10:0000b000 |gr11:cdeabcde |
gr12:00000000 |gr13:00000000 |gr14:00000000 |gr15:0000141a |
gr16:00000003 |gr17:00000010 |gr18:00000000 |gr19:00000000 |
gr20:00000000 |gr21:00000000 |gr22:00000000 |gr23:00000000 |
gr24:00000000 |gr25:00000000 |gr26:00000000 |gr27:00000000 |
gr28:00000000 |gr29:00000000 |gr30:aaaaaaaa |gr31:aaaaaaaa |

PC : 0000179a |MCAUSE: 08000000
gr 0:60008888 |gr 1:ffffffff |gr 2:60008888 |gr 3:ffffffff |
gr 4:00000001 |gr 5:fffffffa |gr 6:aaaaaaaa |gr 7:ffffffff |
gr 8:55555555 |gr 9:aaaaaaaa |gr10:0000b000 |gr11:cdeabcde |
gr12:00000000 |gr13:00000000 |gr14:00000000 |gr15:0000141a |
gr16:00000003 |gr17:00000010 |gr18:00000000 |gr19:00000000 |
gr20:00000000 |gr21:00000000 |gr22:00000000 |gr23:00000000 |
gr24:00000000 |gr25:00000000 |gr26:00000000 |gr27:00000000 |
gr28:00000000 |gr29:00000000 |gr30:aaaaaaaa |gr31:aaaaaaaa |

PC : 0000179c |MCAUSE: 08000000
gr 0:60008888 |gr 1:ffffffff |gr 2:60008888 |gr 3:ffffffff |
gr 4:00000001 |gr 5:fffffffa |gr 6:aaaaaaaa |gr 7:ffffffff |
gr 8:55555555 |gr 9:aaaaaaaa |gr10:0000b000 |gr11:cdeabcde |
gr12:00000000 |gr13:00000000 |gr14:00000000 |gr15:0000141a |
gr16:00000003 |gr17:00000010 |gr18:00000000 |gr19:00000000 |
gr20:00000000 |gr21:00000000 |gr22:00000000 |gr23:00000000 |
gr24:00000000 |gr25:00000000 |gr26:00000000 |gr27:00000000 |
gr28:00000000 |gr29:00000000 |gr30:aaaaaaaa |gr31:aaaaaaaa |

PC : 000017a4 |MCAUSE: 08000000
gr 0:60008888 |gr 1:55555000 |gr 2:60008888 |gr 3:ffffffff |
gr 4:00000001 |gr 5:fffffffa |gr 6:aaaaaaaa |gr 7:ffffffff |
gr 8:55555555 |gr 9:aaaaaaaa |gr10:0000b000 |gr11:cdeabcde |
gr12:00000000 |gr13:00000000 |gr14:00000000 |gr15:0000141a |
gr16:00000003 |gr17:00000010 |gr18:00000000 |gr19:00000000 |
gr20:00000000 |gr21:00000000 |gr22:00000000 |gr23:00000000 |
gr24:00000000 |gr25:00000000 |gr26:00000000 |gr27:00000000 |
gr28:00000000 |gr29:00000000 |gr30:aaaaaaaa |gr31:aaaaaaaa |

PC : 000017a8 |MCAUSE: 08000000
gr 0:60008888 |gr 1:55555555 |gr 2:60008888 |gr 3:ffffffff |
gr 4:00000001 |gr 5:fffffffa |gr 6:aaaaaaaa |gr 7:ffffffff |
gr 8:55555555 |gr 9:aaaaaaaa |gr10:0000b000 |gr11:cdeabcde |
gr12:00000000 |gr13:00000000 |gr14:00000000 |gr15:0000141a |
gr16:00000003 |gr17:00000010 |gr18:00000000 |gr19:00000000 |
gr20:00000000 |gr21:00000000 |gr22:00000000 |gr23:00000000 |
gr24:00000000 |gr25:00000000 |gr26:00000000 |gr27:00000000 |
gr28:00000000 |gr29:00000000 |gr30:aaaaaaaa |gr31:aaaaaaaa |

PC : 000017ac |MCAUSE: 08000000
gr 0:60008888 |gr 1:55555555 |gr 2:60008888 |gr 3:ffffffff |
gr 4:00000001 |gr 5:fffffffa |gr 6:aaaaaaaa |gr 7:ffffffff |
gr 8:55555555 |gr 9:aaaaaaaa |gr10:0000b000 |gr11:cdeabcde |
gr12:00000000 |gr13:00000000 |gr14:00000000 |gr15:0000141a |
gr16:00000003 |gr17:00000010 |gr18:00000000 |gr19:00000000 |
gr20:00000000 |gr21:00000000 |gr22:00000000 |gr23:00000000 |
gr24:00000000 |gr25:00000000 |gr26:00000000 |gr27:00000000 |
gr28:00000000 |gr29:00000000 |gr30:aaaaaaaa |gr31:aaaaaaaa |

PC : 000017ac |MCAUSE: 08000000
gr 0:60008888 |gr 1:55555555 |gr 2:60008888 |gr 3:ffffffff |
gr 4:00000001 |gr 5:fffffffa |gr 6:aaaaaaaa |gr 7:ffffffff |
gr 8:55555555 |gr 9:aaaaaaaa |gr10:0000b000 |gr11:cdeabcde |
gr12:00000000 |gr13:00000000 |gr14:00000000 |gr15:0000141a |
gr16:00000003 |gr17:00000010 |gr18:00000000 |gr19:00000000 |
gr20:00000000 |gr21:00000000 |gr22:00000000 |gr23:00000000 |
gr24:00000000 |gr25:00000000 |gr26:00000000 |gr27:00000000 |
gr28:00000000 |gr29:00000000 |gr30:aaaaaaaa |gr31:aaaaaaaa |

PC : 000017ac |MCAUSE: 08000000
gr 0:60008888 |gr 1:55555555 |gr 2:60008888 |gr 3:ffffffff |
gr 4:00000001 |gr 5:fffffffa |gr 6:aaaaaaaa |gr 7:ffffffff |
gr 8:55555555 |gr 9:aaaaaaaa |gr10:0000b000 |gr11:cdeabcde |
gr12:00000000 |gr13:00000000 |gr14:00000000 |gr15:0000141a |
gr16:00000003 |gr17:00000010 |gr18:00000000 |gr19:00000000 |
gr20:00000000 |gr21:00000000 |gr22:00000000 |gr23:00000000 |
gr24:00000000 |gr25:00000000 |gr26:00000000 |gr27:00000000 |
gr28:00000000 |gr29:00000000 |gr30:aaaaaaaa |gr31:aaaaaaaa |

PC : 000017ac |MCAUSE: 08000000
gr 0:60008888 |gr 1:55555555 |gr 2:60008888 |gr 3:ffffffff |
gr 4:00000001 |gr 5:fffffffa |gr 6:aaaaaaaa |gr 7:ffffffff |
gr 8:55555555 |gr 9:aaaaaaaa |gr10:0000b000 |gr11:cdeabcde |
gr12:00000000 |gr13:00000000 |gr14:00000000 |gr15:0000141a |
gr16:00000003 |gr17:00000010 |gr18:00000000 |gr19:00000000 |
gr20:00000000 |gr21:00000000 |gr22:00000000 |gr23:00000000 |
gr24:00000000 |gr25:00000000 |gr26:00000000 |gr27:00000000 |
gr28:00000000 |gr29:00000000 |gr30:aaaaaaaa |gr31:aaaaaaaa |

PC : 000017ac |MCAUSE: 08000000
gr 0:60008888 |gr 1:aaaaaaaa |gr 2:60008888 |gr 3:ffffffff |
gr 4:00000001 |gr 5:fffffffa |gr 6:aaaaaaaa |gr 7:ffffffff |
gr 8:55555555 |gr 9:aaaaaaaa |gr10:0000b000 |gr11:cdeabcde |
gr12:00000000 |gr13:00000000 |gr14:00000000 |gr15:0000141a |
gr16:00000003 |gr17:00000010 |gr18:00000000 |gr19:00000000 |
gr20:00000000 |gr21:00000000 |gr22:00000000 |gr23:00000000 |
gr24:00000000 |gr25:00000000 |gr26:00000000 |gr27:00000000 |
gr28:00000000 |gr29:00000000 |gr30:aaaaaaaa |gr31:aaaaaaaa |

PC : 000017b0 |MCAUSE: 08000000
gr 0:60008888 |gr 1:aaaaaaaa |gr 2:60008888 |gr 3:ffffffff |
gr 4:00000001 |gr 5:fffffffa |gr 6:aaaaaaaa |gr 7:ffffffff |
gr 8:55555555 |gr 9:aaaaaaaa |gr10:0000b000 |gr11:cdeabcde |
gr12:00000000 |gr13:00000000 |gr14:00000000 |gr15:0000141a |
gr16:00000003 |gr17:00000010 |gr18:00000000 |gr19:00000000 |
gr20:00000000 |gr21:00000000 |gr22:00000000 |gr23:00000000 |
gr24:00000000 |gr25:00000000 |gr26:00000000 |gr27:00000000 |
gr28:00000000 |gr29:00000000 |gr30:aaaaaaaa |gr31:aaaaaaaa |

PC : 000017b8 |MCAUSE: 08000000
gr 0:60008888 |gr 1:aaaaaaaa |gr 2:60008888 |gr 3:ffffffff |
gr 4:00000001 |gr 5:fffffffa |gr 6:aaaaaaaa |gr 7:ffffffff |
gr 8:55555555 |gr 9:aaaaaaaa |gr10:0000b000 |gr11:cdeabcde |
gr12:00000000 |gr13:00000000 |gr14:00000000 |gr15:0000141a |
gr16:00000003 |gr17:00000010 |gr18:00000000 |gr19:00000000 |
gr20:00000000 |gr21:00000000 |gr22:00000000 |gr23:00000000 |
gr24:00000000 |gr25:00000000 |gr26:00000000 |gr27:00000000 |
gr28:00000000 |gr29:00000000 |gr30:aaaaaaaa |gr31:aaaaaaaa |

PC : 000017ba |MCAUSE: 08000000
gr 0:60008888 |gr 1:aaaaaaaa |gr 2:60008888 |gr 3:ffffffff |
gr 4:00000001 |gr 5:fffffffa |gr 6:aaaaaaaa |gr 7:ffffffff |
gr 8:55555555 |gr 9:aaaaaaaa |gr10:0000b000 |gr11:cdeabcde |
gr12:00000000 |gr13:00000000 |gr14:00000000 |gr15:0000141a |
gr16:00000003 |gr17:00000010 |gr18:00000000 |gr19:00000000 |
gr20:00000000 |gr21:00000000 |gr22:00000000 |gr23:00000000 |
gr24:00000000 |gr25:00000000 |gr26:00000000 |gr27:00000000 |
gr28:00000000 |gr29:00000000 |gr30:aaaaaaaa |gr31:aaaaaaaa |

PC : 000017c2 |MCAUSE: 08000000
gr 0:60008888 |gr 1:aaaaaaaa |gr 2:60008888 |gr 3:00000000 |
gr 4:00000001 |gr 5:fffffffa |gr 6:aaaaaaaa |gr 7:ffffffff |
gr 8:55555555 |gr 9:aaaaaaaa |gr10:0000b000 |gr11:cdeabcde |
gr12:00000000 |gr13:00000000 |gr14:00000000 |gr15:0000141a |
gr16:00000003 |gr17:00000010 |gr18:00000000 |gr19:00000000 |
gr20:00000000 |gr21:00000000 |gr22:00000000 |gr23:00000000 |
gr24:00000000 |gr25:00000000 |gr26:00000000 |gr27:00000000 |
gr28:00000000 |gr29:00000000 |gr30:aaaaaaaa |gr31:aaaaaaaa |

PC : 000017c4 |MCAUSE: 08000000
gr 0:60008888 |gr 1:aaaaaaaa |gr 2:60008888 |gr 3:00000000 |
gr 4:00000001 |gr 5:fffffffa |gr 6:aaaaaaaa |gr 7:ffffffff |
gr 8:55555555 |gr 9:00000064 |gr10:0000b000 |gr11:cdeabcde |
gr12:00000000 |gr13:00000000 |gr14:00000000 |gr15:0000141a |
gr16:00000003 |gr17:00000010 |gr18:00000000 |gr19:00000000 |
gr20:00000000 |gr21:00000000 |gr22:00000000 |gr23:00000000 |
gr24:00000000 |gr25:00000000 |gr26:00000000 |gr27:00000000 |
gr28:00000000 |gr29:00000000 |gr30:aaaaaaaa |gr31:aaaaaaaa |

PC : 000017c8 |MCAUSE: 08000000
gr 0:60008888 |gr 1:aaaaaaaa |gr 2:60008888 |gr 3:00000001 |
gr 4:00000001 |gr 5:fffffffa |gr 6:aaaaaaaa |gr 7:ffffffff |
gr 8:55555555 |gr 9:00000064 |gr10:0000b000 |gr11:cdeabcde |
gr12:00000000 |gr13:00000000 |gr14:00000000 |gr15:0000141a |
gr16:00000003 |gr17:00000010 |gr18:00000000 |gr19:00000000 |
gr20:00000000 |gr21:00000000 |gr22:00000000 |gr23:00000000 |
gr24:00000000 |gr25:00000000 |gr26:00000000 |gr27:00000000 |
gr28:00000000 |gr29:00000000 |gr30:aaaaaaaa |gr31:aaaaaaaa |

PC : 000017ca |MCAUSE: 08000000
gr 0:60008888 |gr 1:aaaaaaaa |gr 2:60008888 |gr 3:00000001 |
gr 4:00000001 |gr 5:fffffffa |gr 6:aaaaaaaa |gr 7:ffffffff |
gr 8:55555555 |gr 9:00000064 |gr10:0000b000 |gr11:cdeabcde |
gr12:00000000 |gr13:00000000 |gr14:00000000 |gr15:0000141a |
gr16:00000003 |gr17:00000010 |gr18:00000000 |gr19:00000000 |
gr20:00000000 |gr21:00000000 |gr22:00000000 |gr23:00000000 |
gr24:00000000 |gr25:00000000 |gr26:00000000 |gr27:00000000 |
gr28:00000000 |gr29:00000000 |gr30:aaaaaaaa |gr31:aaaaaaaa |

PC : 000017d2 |MCAUSE: 08000000
gr 0:60008888 |gr 1:aaaaaaaa |gr 2:60008888 |gr 3:00000001 |
gr 4:00000001 |gr 5:fffffffa |gr 6:aaaaaaaa |gr 7:ffffffff |
gr 8:55555555 |gr 9:00000064 |gr10:0000b000 |gr11:cdeabcde |
gr12:00000000 |gr13:00000000 |gr14:00000000 |gr15:0000141a |
gr16:00000003 |gr17:00000010 |gr18:00000000 |gr19:00000000 |
gr20:00000000 |gr21:00000000 |gr22:00000000 |gr23:00000000 |
gr24:00000000 |gr25:00000000 |gr26:00000000 |gr27:00000000 |
gr28:00000000 |gr29:00000000 |gr30:aaaaaaaa |gr31:aaaaaaaa |

PC : 000017d6 |MCAUSE: 08000000
gr 0:60008888 |gr 1:aaaaaaaa |gr 2:60008888 |gr 3:00000001 |
gr 4:00000001 |gr 5:fffffffa |gr 6:aaaaaaaa |gr 7:ffffffff |
gr 8:55555555 |gr 9:00000064 |gr10:0000b000 |gr11:cdeabcde |
gr12:00000000 |gr13:00000000 |gr14:00000000 |gr15:0000141a |
gr16:00000003 |gr17:00000010 |gr18:00000000 |gr19:00000000 |
gr20:00000000 |gr21:00000000 |gr22:00000000 |gr23:00000000 |
gr24:00000000 |gr25:00000000 |gr26:00000000 |gr27:00000000 |
gr28:00000000 |gr29:00000000 |gr30:aaaaaaaa |gr31:aaaaaaaa |

PC : 000017de |MCAUSE: 08000000
gr 0:60008888 |gr 1:aaaaaaaa |gr 2:60008888 |gr 3:00000001 |
gr 4:00000001 |gr 5:fffffffa |gr 6:aaaaaaaa |gr 7:ffffffff |
gr 8:55555555 |gr 9:00000064 |gr10:0000b000 |gr11:cdeabcde |
gr12:00000000 |gr13:00000000 |gr14:00000000 |gr15:0000141a |
gr16:00000003 |gr17:00000010 |gr18:00000000 |gr19:00000000 |
gr20:00000000 |gr21:00000000 |gr22:00000000 |gr23:00000000 |
gr24:00000000 |gr25:00000000 |gr26:00000000 |gr27:00000000 |
gr28:00000000 |gr29:00000000 |gr30:aaaaaaaa |gr31:aaaaaaaa |

PC : 000017e2 |MCAUSE: 08000000
gr 0:60008888 |gr 1:aaaaaaaa |gr 2:60008888 |gr 3:00000001 |
gr 4:00000001 |gr 5:fffffffa |gr 6:aaaaaaaa |gr 7:ffffffff |
gr 8:55555555 |gr 9:00000064 |gr10:0000b000 |gr11:cdeabcde |
gr12:00000000 |gr13:00000000 |gr14:00000000 |gr15:0000141a |
gr16:00000003 |gr17:00000010 |gr18:00000000 |gr19:00000000 |
gr20:00000000 |gr21:00000000 |gr22:00000000 |gr23:00000000 |
gr24:00000000 |gr25:00000000 |gr26:00000000 |gr27:00000000 |
gr28:00000000 |gr29:00000000 |gr30:aaaaaaaa |gr31:aaaaaaaa |

PC : 000017e6 |MCAUSE: 08000000
gr 0:60008888 |gr 1:aaaaaaaa |gr 2:60008888 |gr 3:00000001 |
gr 4:00000001 |gr 5:fffffffa |gr 6:aaaaaaaa |gr 7:ffffffff |
gr 8:55555555 |gr 9:00000064 |gr10:0000b000 |gr11:cdeabcde |
gr12:00000000 |gr13:00000000 |gr14:00000000 |gr15:0000141a |
gr16:00000003 |gr17:00000010 |gr18:00000000 |gr19:00000000 |
gr20:00000000 |gr21:00000000 |gr22:00000000 |gr23:00000000 |
gr24:00000000 |gr25:00000000 |gr26:00000000 |gr27:00000000 |
gr28:00000000 |gr29:00000000 |gr30:aaaaaaaa |gr31:aaaaaaaa |

PC : 000017e8 |MCAUSE: 08000000
gr 0:60008888 |gr 1:aaaaaaaa |gr 2:60008888 |gr 3:00000001 |
gr 4:00000001 |gr 5:fffffffa |gr 6:aaaaaaaa |gr 7:ffffffff |
gr 8:55555555 |gr 9:00000064 |gr10:0000b000 |gr11:cdeabcde |
gr12:00000000 |gr13:00000000 |gr14:00000000 |gr15:0000141a |
gr16:00000003 |gr17:00000010 |gr18:00000000 |gr19:00000000 |
gr20:00000000 |gr21:00000000 |gr22:00000000 |gr23:00000000 |
gr24:00000000 |gr25:00000000 |gr26:00000000 |gr27:00000000 |
gr28:00000000 |gr29:00000000 |gr30:aaaaaaaa |gr31:aaaaaaaa |

PC : 000017f0 |MCAUSE: 08000000
gr 0:000017f4 |gr 1:aaaaaaaa |gr 2:60008888 |gr 3:00000001 |
gr 4:00000001 |gr 5:fffffffa |gr 6:aaaaaaaa |gr 7:ffffffff |
gr 8:55555555 |gr 9:00000064 |gr10:0000b000 |gr11:cdeabcde |
gr12:00000000 |gr13:00000000 |gr14:00000000 |gr15:0000141a |
gr16:00000003 |gr17:00000010 |gr18:00000000 |gr19:00000000 |
gr20:00000000 |gr21:00000000 |gr22:00000000 |gr23:00000000 |
gr24:00000000 |gr25:00000000 |gr26:00000000 |gr27:00000000 |
gr28:00000000 |gr29:00000000 |gr30:aaaaaaaa |gr31:aaaaaaaa |

PC : 000000ea |MCAUSE: 08000000
gr 0:000017f4 |gr 1:aaaaaaaa |gr 2:60008888 |gr 3:00000001 |
gr 4:00000001 |gr 5:fffffffa |gr 6:aaaaaaaa |gr 7:ffffffff |
gr 8:55555555 |gr 9:00000064 |gr10:0000b000 |gr11:cdeabcde |
gr12:00000000 |gr13:00000000 |gr14:00000000 |gr15:0000141a |
gr16:00000003 |gr17:00000010 |gr18:00000000 |gr19:00000000 |
gr20:00000000 |gr21:00000000 |gr22:00000000 |gr23:00000000 |
gr24:00000000 |gr25:00000000 |gr26:00000000 |gr27:00000000 |
gr28:00000000 |gr29:00000000 |gr30:aaaaaaaa |gr31:aaaaaaaa |

PC : 000000ee |MCAUSE: 08000000
gr 0:000017f4 |gr 1:aaaaaaaa |gr 2:60008888 |gr 3:00000001 |
gr 4:00000001 |gr 5:fffffffa |gr 6:aaaaaaaa |gr 7:ffffffff |
gr 8:55555555 |gr 9:00000064 |gr10:0000b000 |gr11:cdeabcde |
gr12:00000000 |gr13:00000000 |gr14:00000000 |gr15:0000141a |
gr16:00000003 |gr17:00000010 |gr18:00000000 |gr19:00000000 |
gr20:00000000 |gr21:00000000 |gr22:00000000 |gr23:00000000 |
gr24:00000000 |gr25:00000000 |gr26:00000000 |gr27:00000000 |
gr28:00000000 |gr29:00000000 |gr30:aaaaaaaa |gr31:aaaaaaaa |

PC : 000000f2 |MCAUSE: 08000000
gr 0:000017f4 |gr 1:aaaaaaaa |gr 2:60008888 |gr 3:00000001 |
gr 4:60010000 |gr 5:fffffffa |gr 6:aaaaaaaa |gr 7:ffffffff |
gr 8:55555555 |gr 9:00000064 |gr10:0000b000 |gr11:cdeabcde |
gr12:00000000 |gr13:00000000 |gr14:00000000 |gr15:0000141a |
gr16:00000003 |gr17:00000010 |gr18:00000000 |gr19:00000000 |
gr20:00000000 |gr21:00000000 |gr22:00000000 |gr23:00000000 |
gr24:00000000 |gr25:00000000 |gr26:00000000 |gr27:00000000 |
gr28:00000000 |gr29:00000000 |gr30:aaaaaaaa |gr31:aaaaaaaa |

PC : 000000f6 |MCAUSE: 08000000
gr 0:000017f4 |gr 1:aaaaaaaa |gr 2:60008888 |gr 3:00000001 |
gr 4:6000fff8 |gr 5:fffffffa |gr 6:aaaaaaaa |gr 7:ffffffff |
gr 8:55555555 |gr 9:00000064 |gr10:0000b000 |gr11:cdeabcde |
gr12:00000000 |gr13:00000000 |gr14:00000000 |gr15:0000141a |
gr16:00000003 |gr17:00000010 |gr18:00000000 |gr19:00000000 |
gr20:00000000 |gr21:00000000 |gr22:00000000 |gr23:00000000 |
gr24:00000000 |gr25:00000000 |gr26:00000000 |gr27:00000000 |
gr28:00000000 |gr29:00000000 |gr30:aaaaaaaa |gr31:aaaaaaaa |

PC : 000000fa |MCAUSE: 08000000
gr 0:000017f4 |gr 1:aaaaaaaa |gr 2:60008888 |gr 3:000000ff |
gr 4:6000fff8 |gr 5:fffffffa |gr 6:aaaaaaaa |gr 7:ffffffff |
gr 8:55555555 |gr 9:00000064 |gr10:0000b000 |gr11:cdeabcde |
gr12:00000000 |gr13:00000000 |gr14:00000000 |gr15:0000141a |
gr16:00000003 |gr17:00000010 |gr18:00000000 |gr19:00000000 |
gr20:00000000 |gr21:00000000 |gr22:00000000 |gr23:00000000 |
gr24:00000000 |gr25:00000000 |gr26:00000000 |gr27:00000000 |
gr28:00000000 |gr29:00000000 |gr30:aaaaaaaa |gr31:aaaaaaaa |

PC : 000000fe |MCAUSE: 08000000
gr 0:000017f4 |gr 1:aaaaaaaa |gr 2:60008888 |gr 3:00000ff0 |
gr 4:6000fff8 |gr 5:fffffffa |gr 6:aaaaaaaa |gr 7:ffffffff |
gr 8:55555555 |gr 9:00000064 |gr10:0000b000 |gr11:cdeabcde |
gr12:00000000 |gr13:00000000 |gr14:00000000 |gr15:0000141a |
gr16:00000003 |gr17:00000010 |gr18:00000000 |gr19:00000000 |
gr20:00000000 |gr21:00000000 |gr22:00000000 |gr23:00000000 |
gr24:00000000 |gr25:00000000 |gr26:00000000 |gr27:00000000 |
gr28:00000000 |gr29:00000000 |gr30:aaaaaaaa |gr31:aaaaaaaa |

PC : 00000100 |MCAUSE: 08000000
gr 0:000017f4 |gr 1:aaaaaaaa |gr 2:60008888 |gr 3:00000fff |
gr 4:6000fff8 |gr 5:fffffffa |gr 6:aaaaaaaa |gr 7:ffffffff |
gr 8:55555555 |gr 9:00000064 |gr10:0000b000 |gr11:cdeabcde |
gr12:00000000 |gr13:00000000 |gr14:00000000 |gr15:0000141a |
gr16:00000003 |gr17:00000010 |gr18:00000000 |gr19:00000000 |
gr20:00000000 |gr21:00000000 |gr22:00000000 |gr23:00000000 |
gr24:00000000 |gr25:00000000 |gr26:00000000 |gr27:00000000 |
gr28:00000000 |gr29:00000000 |gr30:aaaaaaaa |gr31:aaaaaaaa |

PC : 00000102 |MCAUSE: 08000000
gr 0:000017f4 |gr 1:aaaaaaaa |gr 2:60008888 |gr 3:00000fff |
gr 4:6000fff8 |gr 5:fffffffa |gr 6:aaaaaaaa |gr 7:ffffffff |
gr 8:55555555 |gr 9:00000064 |gr10:0000b000 |gr11:cdeabcde |
gr12:00000000 |gr13:00000000 |gr14:00000000 |gr15:0000141a |
gr16:00000003 |gr17:00000010 |gr18:00000000 |gr19:00000000 |
gr20:00000000 |gr21:00000000 |gr22:00000000 |gr23:00000000 |
gr24:00000000 |gr25:00000000 |gr26:00000000 |gr27:00000000 |
gr28:00000000 |gr29:00000000 |gr30:aaaaaaaa |gr31:aaaaaaaa |

